txid,input_addresses,output_addresses,input_amounts,output_amounts,fee,script_type
303416f08665313dd7c3a142ba7e356d7001aae27d26235209e96e0bc56da802,"[""1idTezbXNCj8zDo3bccugXDDh2AbNagxon""]","[""3bYgJk67v96VwsuWWexoZ9KyLTmkSDLWTH""]",[0.94471849],[0.35335919],0.0001,P2PKH
742d0dc8fdf32e0467e7e43b0cde142d0a3aff78fac187b33483ce40aabb4e88,"[""3Zbns1RnjZzFXgAGG9AHJnMwiVcT81PqPs""]","[""3UUwvEgPGXSHoPKXx6XMqceGGoFaTgFfmX"", ""38Hr17Bb9SoGhVorL59w9VzmESdDjMek7A""]",[4.3954436],"[2.19212103, 2.19212103]",0.01120153,P2SH
eb59dd894b670032d6006b69bcef59877a4d159bd872749f813b557659431b8f,"[""1mgVaGRTdt6WHwNxK1mjjTfM4XDRDGqLaZ""]","[""3DpCLk3df8tTbWx1jZSavnuhBp7fcKtRch"", ""bc1q4qk6ldyzvhr2uyccylysq5wh5yd4mzrcjv72ygz""]",[4.06318514],"[2.02874004, 2.02874004]",0.00570506,P2TR
a4022aefa267db37e4690a235b5683ebedde8d240af2459aa4d7f24d8eefa849,"[""1xn5iueTyG3psrMgR7rt19eLtxGjNL7QTq"", ""1nxdtZeTLppqLmbiNT6f1MdoYN7uVpkQFC"", ""1Ufe9ptc1wWUVAkKLHWYNp5Sa6VKyk2Q3Y""]","[""3uYxSFnGVEBsfEeBWSKZExzy1rrY3E7W75""]","[0.15442761, 0.15442761, 0.15442761]",[0.46278511],0.00049771,P2WPKH
5e58fd876b1774d44098c4cd05c9fc3c856180d7ebd7b3d62b67dbe47632d44d,"[""1BDpjmspWAKW8rt2CqqFTvhGpWd82NbBsb"", ""bc1qj7rrcemuug5j09vn4vvukp0gt2ef6m4l8fhc2hn"", ""3LqGq623rnDDECeWsygU8BoDcwiiGtrTDJ""]","[""1V1Mq38snWxZxi9jSvH2wFgPQutvbBSso9"", ""3LqGq623rnDDECeWsygU8BoDcwiiGtrTDJ""]","[0.83318582, 0.83318582, 0.83318582]","[1.24757774, 1.24757774]",0.00440198,P2WPKH
57892af829d5daab6d1c2f19bdb45a053aa9f5a888cf07d16003581fc060f33a,"[""1tKJQpU3eHs3fGoSQSxLBhNoG5RRzBJ6LJ""]","[""3MQZi7uubcz3jMTQTqHU8Bmvw5tbNePSWb"", ""bc1qcqu73eq6qx7jhs6frkmwdgmlhrtzeh2sg5sck2a"", ""1tKJQpU3eHs3fGoSQSxLBhNoG5RRzBJ6LJ""]",[0.68168523],"[0.22715686, 0.22715686, 0.22715686]",0.00021464,P2WSH
b0df80b6ad79cd7274793c408f4479b742d8ea21669f863c5c2f1175fc5a6f3f,"[""3DpCLk3df8tTbWx1jZSavnuhBp7fcKtRch""]","[""3ntm3dq1vATzRzutJss6M5fe4djkR66D5b"", ""3DpCLk3df8tTbWx1jZSavnuhBp7fcKtRch""]",[1.56620491],"[0.78252528, 0.78252528]",0.00115435,P2WSH
84920a74dbc0f42dc9148720c48c4e0facbc5ebb697ce2d8b66d3a5fda0ef2bd,"[""bc1q03hhadzyqsrxmru05symdqrlhug2uj9f4e7tn0x"", ""3NZeLoy6AsVF9cUiZEmFKL9KZQ1hkoYKeK""]","[""3RZik8BPZ3pqJZT21GxqUetRVgF7Hz4kaZ""]","[1.96420146, 1.96420146]",[3.91574962],0.0126533,P2SH
0794b5ff979a018ef0161613b89c7c389072ea0bf23072f845cab7630aa5d48a,"[""1E85q6mqt3Lm8NAqmoASQgESHkTXJoUqNw"", ""1LZPFrxb95fvJff8i5ZeL8hwzu6fW2JxLm""]","[""3UZRkpcSR3LTEg9VdXHSuU98uqXJ3537R6"", ""3THPXypo9FesZ6rrHmGu9SwDTM24WEzN2v""]","[1.24462747, 1.24462747]","[1.24390252, 1.24390252]",0.00144991,P2WPKH
d863e6ff1ef2d9592fe2e18551e744f5333c7325469ba09036ea44d29937d227,"[""3RpebJbhUBQKjdynKHnNwCzBm2jwDoq5ro"", ""bc1q0584kezl0vsak3etu35zc4t5pl4vc7dqgssjjwv"", ""bc1qjstqrd7r7yfwx00wk2ferm549l899378v95dqnx""]","[""bc1q03hhadzyqsrxmru05symdqrlhug2uj9f4e7tn0x"", ""3NZeLoy6AsVF9cUiZEmFKL9KZQ1hkoYKeK""]","[1.64446928, 1.64446928, 1.64446928]","[2.4623298, 2.4623298]",0.00874824,P2TR
c3c4c62f232bc4b431841c085d39b7976348177bd7e4f3a4f643d5446ffc3683,"[""3uYxSFnGVEBsfEeBWSKZExzy1rrY3E7W75""]","[""1po2Prmvb9jFTTNc58U9B1WjVvwyNVebQ3""]",[4.47092378],[4.4638143],0.00710948,P2SH
1e533bb0ef647647a36b39d2bdf55ffaaef2517e9c04ed6ed7fd8240b54e8738,"[""3rgAgALTxfR2ytAm1MU1sU32gHEWkm6oLV""]","[""1V1Mq38snWxZxi9jSvH2wFgPQutvbBSso9""]",[3.75235847],[3.7473511],0.00500737,P2SH
5bb50c15d57481d6fed81690375061ffd7535f95934808142d2bd6f69cca9d3a,"[""1y6fGpv4zDroMqrBbohv2hwZZBztVJV6ED"", ""3C2AH5qJQVf6YBtNSGTEG4kf5LYybZqpRY"", ""bc1q02ne29empykyrstzk4j22lhd502k3unt46vhf9q""]","[""3BeDCqjoNG4592zs7v89GB5quD6oQVdDRt"", ""3C2AH5qJQVf6YBtNSGTEG4kf5LYybZqpRY""]","[0.39789803, 0.39789803, 0.39789803]","[0.59559441, 0.59559441]",0.00250528,P2TR
0a519308048e0b7e8797227e5d3a62a1789ebfd76c495f97bf243c5d2898a09b,"[""18q2frKUyYGSyhBbddZXeJMYoSNGJ1prLU"", ""bc1qvaz225knvuc7hsw9my8ghhxvra0pcslrnzav8hw"", ""1gVkJmoboYBtSFieqD5dWochGeXGB487TT""]","[""3wAmxmkMidN4PRFUvMh2f9cw9FafA76iPh"", ""bc1q4xv7a9hh3r0ftp4l8dqejv8ljkkyc8042lcpty3""]","[1.16124749, 1.16124749, 1.16124749]","[1.73975144, 1.73975144]",0.00423959,P2PKH
cf8a7673a65ae1163ab82b1f023c5db3907bfc63f566fe0678ff9b8bc8649b83,"[""1kwruxrz2vhb5xDp5CaA8ZwmGfwpUgwUNZ""]","[""3Yh9Bo8fTfxxuKGe8uKoiZ26CXtDMqXAxH""]",[0.54771288],[0.93474531],0.0001,P2PKH
5ebf7a95e4d8788176bf2d1226d6223ba8d5f9b345b9b7658135d9da10d34330,"[""1Eq7we9wHhRUUT9Cbk85mrLnG1jqafsSVL""]","[""bc1qxt97aan0rtle88jzh6l3y479sn7ackkv4tuw8zq"", ""3DzW637dnR4PzXyr1igYGe7STxsGWBusJe""]",[2.017082],"[1.00551371, 1.00551371]",0.00605458,P2TR
70e9550ad1bebfdf319a4328876d882fe3617642295f90fb6c229629bb573cc6,"[""1Eq7we9wHhRUUT9Cbk85mrLnG1jqafsSVL""]","[""19tXF72WPvJVBErGcSf8929kEWhCUH6bNG"", ""1Eq7we9wHhRUUT9Cbk85mrLnG1jqafsSVL""]",[1.93243678],"[0.96433732, 0.96433732]",0.00376214,P2WPKH
02741749f7605d395f420a9c8fed1a8e68bcb97a6b89ccc468938589680cce53,"[""1TvG2fyHvLN5ZE58118s8iAUegLMowywSw""]","[""3jWd6ZBtKjLUbNiT8VQGHwJ4cUYDVBZ8cC""]",[0.6419905],[0.15711884],0.0001,P2PKH
cfca57daa75e812205fa872e842c9a4f580489a467dba778494dcdcff527f60a,"[""bc1qj7rrcemuug5j09vn4vvukp0gt2ef6m4l8fhc2hn""]","[""3NZeLoy6AsVF9cUiZEmFKL9KZQ1hkoYKeK"", ""bc1q03hhadzyqsrxmru05symdqrlhug2uj9f4e7tn0x""]",[0.60858683],"[0.30339061, 0.30339061]",0.00180561,P2WSH
ef522bb0f1bdd2abf415dbe2564f77856a085726c0ef1ae5463154afae343e0f,"[""bc1qqmyyg94qqe829phsh0csrs7pemsw7p0v40azznz""]","[""3DpCLk3df8tTbWx1jZSavnuhBp7fcKtRch""]",[2.65085133],[2.64050253],0.0103488,P2WSH
f36b5bde057d92189479fd08e3941a13c3b7514c19b66ee16551232476f1d530,"[""1xn5iueTyG3psrMgR7rt19eLtxGjNL7QTq"", ""1nxdtZeTLppqLmbiNT6f1MdoYN7uVpkQFC"", ""bc1qme5erkp79dje49vtq46lyardpg2k4cjjl42skr4""]","[""38ZJ5ZdYNsS9SKwiURRQ2ZxRkcJFW8YZJk"", ""38fTmXq5Gz7bpZhs8aWihWZy8te9diwodC""]","[0.71420427, 0.71420427, 0.71420427]","[1.06854055, 1.06854055]",0.00553172,P2WPKH
a38985d56bc5a65cad6fb84272df8a54645942554625803d2d0476558d94efa3,"[""3xHKfzJzWk3ZvqZVdEW8NP1omFDf2aHKcc""]","[""31knouTJpTD27oMuGUw9LybnTGDrwGcavX""]",[0.01181788],[0.47185841],0.0001,P2PKH
0f3b1252f98df5a8a341b5f8879e3fa11353bae68e7e45e4be59665d8459766b,"[""bc1qnnckm4fsshfpu70r0nsllaymjt4c7cqzgppes5s""]","[""3daiPbJWRn7esYsRtRpQjKKFxgU65SkN84"", ""3RQeY955vyAKbmeeJSxEFv7c4ffB181VMW""]",[1.95522773],"[0.97367146, 0.97367146]",0.00788481,P2SH
e4b6cd6dc2938e6427e52136dc0e6c85499bce6dccbf6d4ee76407fdea7bb5c3,"[""bc1qdqxgkeje3txr4072vvrtw94eaj428rtyvnjd03a""]","[""bc1q4xv7a9hh3r0ftp4l8dqejv8ljkkyc8042lcpty3"", ""1gVkJmoboYBtSFieqD5dWochGeXGB487TT"", ""bc1qdqxgkeje3txr4072vvrtw94eaj428rtyvnjd03a""]",[1.53541885],"[0.5094378, 0.5094378, 0.5094378]",0.00710546,P2SH
c88e96f1f76d6cba075a5ab813f040d1fe8e1f3807c144cc76e6a954ea36115a,"[""1eshRCdwKDfQLkFaQ6j9ZbEctYfRMEw5Pn""]","[""19SbdrPDykYFVZoVL5ztv96nf2PMhPBSnD""]",[0.04463385],[0.0445994],3.445e-05,P2WPKH
49a780ef003cd02aa6e4ef41dff001a7b3875b3c8bb35b3fe909672f16891aac,"[""bc1qk6hknw20duukn9820j4n36vd0hrtxg4rqgmjl2e""]","[""38jnq5Zh9xqYgRphaWzyfZCef46fAmUo2w""]",[0.64117239],[0.42965976],0.0001,P2PKH
048c5f2ff112942f4c6a136effd6420aac64e1a5347841d12af4d4867a0b0d71,"[""1Cpe6bSxRJ6nHV5P825fFFG46BADPCWsPH""]","[""1QgSGpEi4YmHYwB1yWVugDYeRosLy98VGf""]",[0.17769796],[0.35481046],0.0001,P2PKH
6d0c0b242fd679d87a4a93beb58da029bcbf49394ab619c6a065b4b3345aaac3,"[""bc1q55alxk9vdgzt7rkdaw4rkxmef0ymnlf4ddyfgna""]","[""bc1q8wepqgr2u9z7l2lukd5ndp2ld3a34frv30pqz65"", ""3C2AH5qJQVf6YBtNSGTEG4kf5LYybZqpRY"", ""bc1q55alxk9vdgzt7rkdaw4rkxmef0ymnlf4ddyfgna""]",[0.14939055],"[0.04976247, 0.04976247, 0.04976247]",0.00010314,P2PKH
a6db93bb15f6e0740ab0a90485bfea8b230d32791752afc2bd68cd3ce1e2ab5b,"[""bc1qzy50eym3lezr2a9gtz9cg0gu5yrjpmvmaytm7t4""]","[""1rxMoTuenPwnWGfJuug1u22nqXjKAaRZPc"", ""1Wm2oUs3Ag5dxEDg9izWzcXmS8Hdw3igEz""]",[0.08528384],"[0.04256177, 0.04256177]",0.0001603,P2WSH
238c9dc05f54fb3d47af250bf25ce5fc80db6b134ec07add3528f6448f108db4,"[""bc1qr6prwrgkx4qdrsnkdusnfe0nc6ltd93ak08qzrj"", ""3ufWrqsB68GomBgL6MkJnLGJrUsaw5tWsP""]","[""1V1Mq38snWxZxi9jSvH2wFgPQutvbBSso9"", ""3Qs9zLztz9sB5LzK4TDmaAnn8SRRU1Xjxt""]","[1.61823447, 1.61823447]","[1.61508384, 1.61508384]",0.00630125,P2WSH
2c6eb2a560a8d21ab57fd401170d725539f787464f1ed410fbeffbbe2ec3ef92,"[""38fTmXq5Gz7bpZhs8aWihWZy8te9diwodC"", ""38ZJ5ZdYNsS9SKwiURRQ2ZxRkcJFW8YZJk""]","[""bc1qk9346qrrw8fxqz74675krmy4uj7ukgwa5agduc2"", ""38Hr17Bb9SoGhVorL59w9VzmESdDjMek7A""]","[1.21392673, 1.21392673]","[1.2100746, 1.2100746]",0.00770427,P2WSH
98407c31150e15886b54ddef9fbd11dcd7951b10d195b84b18754cd65cf7c91c,"[""bc1qhtr8znnnl25ew83v9jvcf8zgveyvtz7wcrzd3sr""]","[""1XGy1pgou769CXpGQNQZzEgrerm6NZ41AV"", ""3eLyytvEuhZGvgHYfBr1D9ppvJZZrgYPjn"", ""bc1qhtr8znnnl25ew83v9jvcf8zgveyvtz7wcrzd3sr""]",[1.27306894],"[0.42295644, 0.42295644, 0.42295644]",0.00419963,P2WPKH
6b60d739313259a84f5f264ebaf851363a2c966f6799cd21f28e5bdded0a9ca9,"[""1EqD1SX7sAmUvNLt4vHqUGNhJEMBSJogxX""]","[""3Fp8gGsTkWy1GhAi5ZGmZtfFmxZmsjj78Q""]",[0.19896909],[0.77866847],0.0001,P2PKH
9400e2d703313a1e5a64c83e6dce9055d900a195ebafd7e3bcd3f1635280b29b,"[""3G5CnaAAUQYxDJG7Agph3qL6FMWgGz2QTk"", ""166o84nDCQgw5av5zCeo6ro8w3vSjVPRMu""]","[""bc1q2dyvc0mfkea373y8x5amzhxg4nmxch30m27qa7r"", ""3vhhQEKHUeJMtUoimKCK3sj1ZaiJCEaFYw"", ""166o84nDCQgw5av5zCeo6ro8w3vSjVPRMu""]","[1.57592799, 1.57592799]","[1.04647564, 1.04647564, 1.04647564]",0.01242905,P2WPKH
79acdd037e17e15e54415b15e57dae06e75d6322d03a33bc99a6a105a7ed2456,"[""bc1qdzdjlm6y5gqjvy4ur0x4cxt584kj85ss77wjyad""]","[""bc1qtq4amyd2290pj30y30ythyqzktpu96w45d4pv0f""]",[0.86223195],[0.43747437],0.0001,P2PKH
334d9083c404e2220cae0a2db36fedecf193543d5cc6e7c26010297cd0e4191f,"[""1R3Nwy3MgfMZsykvEAoBQBvnQfjFAhP3UC"", ""bc1qknl5q6f47yrr3gnkx5g0umzdgqc5gh3dqzuu36j""]","[""1LX7Ca6WoTWT4ToiPpka3L4zw5w2QmmyeR"", ""bc1qjgt84w94auck57t870wltkace6c4nesstar6ux3"", ""1b1i442LWHVYitaFUQ6fMQs4ee4jo7CY9B""]","[0.43263644, 0.43263644]","[0.28755381, 0.28755381, 0.28755381]",0.00261145,P2WPKH
1b9184cd2955e0498f6d9f4cda927958479de96ce5ec464d46a00c60ea73eb33,"[""1Rm72VSC2fbUu3J168bbCf29kHaMrncW4p""]","[""3wAmxmkMidN4PRFUvMh2f9cw9FafA76iPh"", ""169DBucqXXYk7T5pvUKNptbmLi2pDr9E88""]",[2.55899139],"[1.27841673, 1.27841673]",0.00215794,P2WSH
68cdb5c8b9a0c24f39ec6d46c52ec0c5a0239bce40007f7c49063ead7fc9c0f7,"[""1eshRCdwKDfQLkFaQ6j9ZbEctYfRMEw5Pn""]","[""1VqgKkcyGSJRApaiq2Q91Q8ZKXL7p4R8SR""]",[0.02569693],[0.02562512],7.181e-05,P2WPKH
a8bec81777064b9239b63adceedd14ade964d014458e01b7388f5e56d281b98c,"[""1JkuLQeWADqCBorrwzTYH46jVL8f6cuKTc""]","[""36MMMfFebu4JL2KTsZuGhbzNPao6gLWmLc"", ""1JkuLQeWADqCBorrwzTYH46jVL8f6cuKTc""]",[0.91915196],"[0.45920524, 0.45920524]",0.00074148,P2WSH
753838e1a7d9f2fd94b376dedb03f4664369c7c77774d69442f603100579e476,"[""1LZPFrxb95fvJff8i5ZeL8hwzu6fW2JxLm"", ""3THPXypo9FesZ6rrHmGu9SwDTM24WEzN2v""]","[""bc1q03hhadzyqsrxmru05symdqrlhug2uj9f4e7tn0x"", ""3NZeLoy6AsVF9cUiZEmFKL9KZQ1hkoYKeK""]","[1.99042836, 1.99042836]","[1.98534318, 1.98534318]",0.01017036,P2WSH
2942820799826c0ea26b164722dda58c93ab8cadb0de2f2fa511c308df9dbbdd,"[""bc1qcflwt6wlc8ejtk59yxxptg32kfgml4r7ealmym8""]","[""3E1AznMPaXj46HqvMxHcCvaGQ75Jwoxspa"", ""bc1qcflwt6wlc8ejtk59yxxptg32kfgml4r7ealmym8""]",[2.67425552],"[1.33592489, 1.33592489]",0.00240574,P2WPKH
008d836557348b0a0bea4707bf2a10184d7d03616eeed5cb8773d4bb26345dc2,"[""bc1qrlve27cxsspy20wns2n9lhf263kf6t4ljehkq07""]","[""bc1q0ldt6dl2awt39df445k7urz6zqarhn35se4mxc3"", ""bc1qf7lckk003ahfj3uvtcyp7za5hx6g3grh8pu88r2""]",[0.75596576],"[0.37722318, 0.37722318]",0.00151941,P2WPKH
3591274d47c6ee027b4facda1e8be55058120eedda5facc5bb6295f3a93d3e3c,"[""35zMoh7DzCvoFUrLak3gqFgbkNnWLRysgv""]","[""1kiLXxLfNLBCgwR2gvmr3Ura54FJzfp5bm""]",[0.25591346],[0.29986899],0.0001,P2PKH
4ea45e9ec3c772941e8aad42a269f7b58c78389d6e372f5adba40ba93bd7c087,"[""bc1q55alxk9vdgzt7rkdaw4rkxmef0ymnlf4ddyfgna""]","[""bc1qk9346qrrw8fxqz74675krmy4uj7ukgwa5agduc2"", ""3UUwvEgPGXSHoPKXx6XMqceGGoFaTgFfmX"", ""bc1q55alxk9vdgzt7rkdaw4rkxmef0ymnlf4ddyfgna""]",[2.17129373],"[0.72274871, 0.72274871, 0.72274871]",0.0030476,P2TR
305a137872779200be902716e8f7ad61a08e5fa7036f590816d07e0f7e77133a,"[""1idTezbXNCj8zDo3bccugXDDh2AbNagxon""]","[""1CkVdKJBeC7uygkZLzFNZXWU1GQSviXYyJ""]",[0.70970156],[0.82951768],0.0001,P2PKH
5b712e7a5baaf5d86b72ff22a3e448010f7ef8b4c9fffeeedb98478f3016d41b,"[""1YGCHqL2q7i3NxDxXpSobdxnz6hZRtx5ut""]","[""3yJBgoXcW4duoX9LWknd32H7n54Uxma7NX""]",[0.20699431],[0.78987407],0.0001,P2PKH
c055f37fd0facb83d5f2418fc10a6d25bd4085cc45bb9000d1e5feb50a3fe776,"[""bc1qgzdh32kc59w5qxfjr8kc5ynd7wmy9j2fztvv6jq""]","[""bc1qyst0n9ypyjs5tj3y0nfls4y863ptl5xzx0kwkmj"", ""3cRATn3D1DEdEjxLjCBzN527HCam32CBti"", ""3qjokwD7DGQs4Xh7YUFHn9UNJeu3jo4vfF""]",[3.19133841],"[1.06257888, 1.06257888, 1.06257888]",0.00360177,P2TR
0e05a300a762eb83de7c27fb28e0500392744eb8bc01b808ee060be74949e200,"[""bc1q2rt4cmh7ntjx48rmtcjeml6n5qa6g9kf2qmjvy5"", ""16XNTAKKwbtAk35SRcRDWM7gbXJDz4Cwmm"", ""3L1kBPhWqo5r32vsaaiR72Kocqv6qFbXPJ""]","[""bc1q55alxk9vdgzt7rkdaw4rkxmef0ymnlf4ddyfgna"", ""bc1q2rt4cmh7ntjx48rmtcjeml6n5qa6g9kf2qmjvy5""]","[1.2264212, 1.2264212, 1.2264212]","[1.83188737, 1.83188737]",0.01548887,P2WPKH
9e381540e34e6b471c24d6e2efcf0c574939c0d504264d742d59203a503465b9,"[""1YGCHqL2q7i3NxDxXpSobdxnz6hZRtx5ut""]","[""3AoK6snrT2WW1LKCY1CPcUSDcNmjyMorQR""]",[0.26350538],[0.80153385],0.0001,P2PKH
1f9822dfa62b39ef1ca916a64d1d1ab1f6ab45b1864749c0d548dec82720a356,"[""39TYP7htyunjievzbqwRV67Z3eYuf8feEg""]","[""1dzAzKwytAYS3SPK8vCzwfkVhuiuJyhtVs""]",[0.08428837],[0.45433311],0.0001,P2PKH
b6949d51190e8bdde18df76d6dd90a714a3ad5ecaa90f92ff1b26253bd49117b,"[""1EqD1SX7sAmUvNLt4vHqUGNhJEMBSJogxX""]","[""1uR4Bg9DXCGFqToe1TAW2FfzekqS6YEDC8""]",[0.78756341],[0.329252],0.0001,P2PKH
f3680855c3fbbac0e8da0fceca6e710ef28aa4be1378f1de2eb0173dc89e32a9,"[""18q2frKUyYGSyhBbddZXeJMYoSNGJ1prLU"", ""bc1qnxqp39rgkh8y02felwe267pcz0x666rc8cwhpwc""]","[""bc1qnrp7e7clenmr3s9rxthkc0myt6rxlcq60f9gkd5"", ""19kREoQQTroM291ow5KyA4mfeu4difXJQg"", ""bc1qvaz225knvuc7hsw9my8ghhxvra0pcslrnzav8hw""]","[0.3102254, 0.3102254]","[0.20591688, 0.20591688, 0.20591688]",0.00270015,P2TR
3a2166aeeea63396500dfc52b81d6ca0c38dc1e1b29380cbfc7b848ef39966a2,"[""bc1q4kvfyqrqlmx55d5exfw0q9yk70mjxj6pq5klmhn""]","[""139e3rfqJv3RBfchbnBTaw6JNN4RYH8hGX""]",[2.13372543],[2.123155],0.01057043,P2WPKH
fd2550a10b29ce825ee0c73c35add1a87a25ded6826bcef1c6403eabff7ea445,"[""3GW8kwTa1LEkaiwfqEJfpa9Nj7WCnT9RQ6""]","[""1XMxYnW2s3PNkM4Ef7ak8MLeqgyUB8iw3C"", ""18Hqh9hT15FqYjX7HJ3RoT7ub1WF9RcERf"", ""3GW8kwTa1LEkaiwfqEJfpa9Nj7WCnT9RQ6""]",[3.56339363],"[1.18574598, 1.18574598, 1.18574598]",0.0061557,P2PKH
1b9121395ee3f03368afb40a918aa78119d52e99b20b3602587ed5234262a77c,"[""1Cpe6bSxRJ6nHV5P825fFFG46BADPCWsPH""]","[""bc1qyntjpmyht8klwqg5x029a275t2rdxnwf9qe2afm""]",[0.49751032],[0.48195438],0.0001,P2PKH
83bd17cd7a59fd63a98907d2ee2c7f482bbedf606d55147c3f92e0aa22ada171,"[""bc1qs94anzvyqsa46n9unu3cz4u3q74ddmkd70ctea6"", ""3iUUDAq23aAd3a4FBxbZ2ifH5TzsAqbopB"", ""bc1q8e7rseen4pv5e60nzgtnhav5f7pc90qmasxeskn""]","[""1hv5YLjzCi3CYFsruytTiu4RwW2bh83Zoh"", ""bc1q603szws3vnxqjjqasshgmfgr83f57gympllxr55""]","[0.8160859, 0.8160859, 0.8160859]","[1.21805465, 1.21805465]",0.0121484,P2WSH
1df3b4389925d761f161e878508c584ba6bb0d562fb23b3dc8e815efb83f344b,"[""bc1qxpgu35yvujmysztq87l4cy9jjmyh7pc8g84seva"", ""1kah5v7nJ6mSPfUX8PoYx9gvojNxZZ81bY"", ""1JkuLQeWADqCBorrwzTYH46jVL8f6cuKTc""]","[""1x1frj7XEV4zi6vuXhNy568p5ZSxEGKohj""]","[1.0903087, 1.0903087, 1.0903087]",[3.2617509],0.00917521,P2SH
d0edc502749073659587574873c96a9009dae309c6597427aea505f44d82015d,"[""bc1q0ldt6dl2awt39df445k7urz6zqarhn35se4mxc3""]","[""3BvLrKV47UrHMaWQi7Z5JTbEFAU4DhSyZL""]",[3.4726521],[3.47130629],0.00134581,P2TR
184e614c04cbd3baad27c61e52347422701eb0fbc55280ef0d3fe98cf7a28588,"[""bc1q03hhadzyqsrxmru05symdqrlhug2uj9f4e7tn0x"", ""3NZeLoy6AsVF9cUiZEmFKL9KZQ1hkoYKeK""]","[""1MjyXbrU81WA8Nj4jyiFchBzoWGRwtpJrw"", ""3NxFGXgQL6un9oG6yDxn8Xsbo6MaHG63Kk"", ""bc1q03hhadzyqsrxmru05symdqrlhug2uj9f4e7tn0x""]","[1.27576581, 1.27576581]","[0.84632819, 0.84632819, 0.84632819]",0.01254704,P2WPKH
c4301bf144c47fc4ab8deb6776516daa3df89448787a9431e68c604dbce2740c,"[""1zhro6Gro6B2MVDr9hhDgDzQGBZ8EAPoxN""]","[""196GnTWbK4s11KFVS6ChoW4iYx5C564EUQ""]",[0.44466828],[0.44452358],0.0001447,P2WSH
ceca25e0d936d891dcc54ac74e1023f7f6f754a7e18482853ea8b308c6ffc426,"[""1Cpe6bSxRJ6nHV5P825fFFG46BADPCWsPH""]","[""1Lf7xT4ZjNaBz9PxTBxv4FujnLAo97av2i""]",[0.23319284],[0.39840697],0.0001,P2PKH
920f401fd35a18bcac7e216de40301964222dafac11ff217436a69693538cc00,"[""1x1frj7XEV4zi6vuXhNy568p5ZSxEGKohj""]","[""bc1qvaml8vmd20avle5y7y72rmraqymlzegnvz24375"", ""3ugASMbeRFrCPVEaazJyfGZgk3cVuHocMd""]",[0.43096485],"[0.2150763, 0.2150763]",0.00081224,P2WSH
23431169d3039b5109cde08407890787bb7f2a842fa3659dba1f8d1f3e6b6ddc,"[""3UUwvEgPGXSHoPKXx6XMqceGGoFaTgFfmX"", ""38Hr17Bb9SoGhVorL59w9VzmESdDjMek7A"", ""bc1qk9346qrrw8fxqz74675krmy4uj7ukgwa5agduc2""]","[""19tXF72WPvJVBErGcSf8929kEWhCUH6bNG""]","[0.1317502, 0.1317502, 0.1317502]",[0.39387434],0.00137627,P2TR
61647112fa39d14b890ad3126ccbc8b02fe6a6b26093fd998ebf439dbacd1c80,"[""1QzEDrPxFAvxD1umzTmFmjE6W99TkN8iCm""]","[""bc1qjqht6xhcnxydxgy7k97swu66092jr880ckuqkf5""]",[0.57686828],[1.80261872],0.0001,P2PKH
cae4c4fd6fe5d9009847c1b82a7102c97e9d0fbd2d7ec9bf214e4adab4d6fff8,"[""bc1q55alxk9vdgzt7rkdaw4rkxmef0ymnlf4ddyfgna""]","[""3GW8kwTa1LEkaiwfqEJfpa9Nj7WCnT9RQ6""]",[4.42907806],[4.42043388],0.00864418,P2WPKH
0d3cdf50f7e6c9d34f83e5c34661c0aa050e3681ff90d9504a9c575a2b73bf6b,"[""3ugASMbeRFrCPVEaazJyfGZgk3cVuHocMd"", ""3s34dvzkS6dsShu3oJN9XZnA5scEu9TFF1""]","[""3evMqnPprRBcSPfh6h3tAtYf4juuQm8NkW"", ""3bZ29yzZouaPPx4PULxeJAgBpb2CuPCHXT"", ""bc1qvaml8vmd20avle5y7y72rmraqymlzegnvz24375""]","[0.93621716, 0.93621716]","[0.62181539, 0.62181539, 0.62181539]",0.00698815,P2SH
d85cc329351a87e38a7d9870952a9f67ac7c6693dadb4e37329e2b9c0c2d7c0f,"[""bc1q2apmz7cgxjnqu35f8evwk9dw2ym2ltvcsr8rwyp""]","[""39vTP8idyC8h48rTALtcnecAyr6rVzbqHj""]",[3.6268509],[3.61029974],0.01655116,P2TR
08fef330d14e1aba9a1b9569887f53ab54d12c1ef4ee4c8678919a83182a50d4,"[""3cq4p7bc4CLqjQ8gYKxD3B4GkANAFa8ndN""]","[""3gifqdueJSaj6JkB8YyXuqFpUokL7x9yrj"", ""3daiPbJWRn7esYsRtRpQjKKFxgU65SkN84"", ""11V1B6etRomhCeXQwc3BVxdnM1E7X6MmYD""]",[1.07377931],"[0.3566288, 0.3566288, 0.3566288]",0.00389291,P2SH
bba7b346d2ae4eb34924eacf10e8fd41425acd14553b39ee378dcd4c5422692b,"[""35zMoh7DzCvoFUrLak3gqFgbkNnWLRysgv""]","[""3RKJTvWmQV1ijQfrqY9cjiNLbNXcHAEEja""]",[0.10110855],[0.21717841],0.0001,P2PKH
e518e89cf75cde0ac055a89b72d4e6ddc0cdc267f4ec6e35699e4711a33445ba,"[""1rs86sBAWGtaayXaR5mgt2ggPbxq95qfTx"", ""bc1q4wqy2k4kkhgrp28al77nhpgnfvt73jgsauy2syr"", ""1yVyHMRuGqvWSAjVxZvdSB4BUAU7tVSzZT""]","[""38Hr17Bb9SoGhVorL59w9VzmESdDjMek7A"", ""1rs86sBAWGtaayXaR5mgt2ggPbxq95qfTx""]","[0.50920457, 0.50920457, 0.50920457]","[0.76086203, 0.76086203]",0.00588965,P2WSH
51c64113d3904d6135f1e80e4fa9e20fdc2a25fe9c2a053ee8d4a1ddfdf168ab,"[""3zacWrr4uy1Zy7H2SbdiQSDB9ZqMRHs81e""]","[""19tXF72WPvJVBErGcSf8929kEWhCUH6bNG""]",[3.92130883],[3.91116627],0.01014256,P2WSH
92ed33c9ee247c198c8ba6a003631b50a9c401b8e3c1d8113e4e945e1ffea361,"[""1PWQCsctHRd6MGpivdvPjWtcWXjfPo68xp""]","[""3kPsfhR7jVrtjAn77Zp64x25VnLu3AVYrK""]",[0.14197451],[0.34374857],0.0001,P2PKH
8ac78908372250fb30ffcb5d10124323ae3b1d49520143f6d03e444846ba153a,"[""3VoBdKGuEetCniXDRkBpL391SAFtdxhPsf""]","[""bc1qvg9wc9pjz4a25q7qezscp2weqg23d0pesdnpq58""]",[0.0334595],[0.45501102],0.0001,P2PKH
03b6067517ee318cb0124374a2dc33c07a06f7f7690797f8bbde2770b6fbc5ef,"[""1eshRCdwKDfQLkFaQ6j9ZbEctYfRMEw5Pn""]","[""3gG987SnN19CtTzgrfhHMVZr87Xh42Ec8H""]",[0.02875289],[0.02866403],8.886e-05,P2WPKH
53e7104185b05bbc80b36b2eb43a7f67192e63a2998dd200125f9070a57616c0,"[""1zhro6Gro6B2MVDr9hhDgDzQGBZ8EAPoxN""]","[""bc1q4m4nwpkp0wnmemlxtwewhc64ur254cwut5sn4hs""]",[0.44468022],[0.44452358],0.00015664,P2WSH
94e0f0821800b9edbaf5151317abcf6c6750a33a8aca714baa6cca219fbfeb97,"[""bc1qd8v37uh5mkjek3r3xnjpjx0ura9qe8kuwenvpmq"", ""17JNJ29nRwJHBj1Y43UJTLNqq89dmf9j6d""]","[""bc1q4kvfyqrqlmx55d5exfw0q9yk70mjxj6pq5klmhn"", ""3UZRkpcSR3LTEg9VdXHSuU98uqXJ3537R6""]","[2.11788358, 2.11788358]","[2.11075765, 2.11075765]",0.01425188,P2SH
8668503d10434d52143760dc4dee9e8ef5a0ed7d7a3a1eb3820b2716c81f11bb,"[""1mPuJbRZ4x6mdG5EZAQgU2HHr5EGnboC7E""]","[""1b1i442LWHVYitaFUQ6fMQs4ee4jo7CY9B"", ""3FvSrY3zqyvrAVDQ4NzGnTRxzZi9JyaYk4"", ""1mPuJbRZ4x6mdG5EZAQgU2HHr5EGnboC7E""]",[3.73794515],"[1.24225685, 1.24225685, 1.24225685]",0.01117459,P2WSH
0278b66fa56742c23d6d7497596d3312c766501dde32dfb4a111f0c7bfd62f71,"[""1FMD6P2VTFZqFjWATsq1KG6vkfvEWeqzYk""]","[""1S3PaeaVSbwKgQh7oanfmvRQFznVEsohb3""]",[0.03831853],[0.07276269],0.0001,P2PKH
63710f90a2c4f89e42da89dc8d4990fb2f9d6c382fa2a25849b44ff0579caea5,"[""3E1AznMPaXj46HqvMxHcCvaGQ75Jwoxspa""]","[""38ZJ5ZdYNsS9SKwiURRQ2ZxRkcJFW8YZJk"", ""38fTmXq5Gz7bpZhs8aWihWZy8te9diwodC"", ""3E1AznMPaXj46HqvMxHcCvaGQ75Jwoxspa""]",[0.17819473],"[0.05930339, 0.05930339, 0.05930339]",0.00028455,P2TR
ff59893ea7d2b55af49fa65f675c7f95cdc9bb14aefb69717e7a6efd1995126a,"[""1FMD6P2VTFZqFjWATsq1KG6vkfvEWeqzYk""]","[""bc1qczumsdjzyyxez59mezr05jl6emvc275gak942fz""]",[0.26517823],[0.40067338],0.0001,P2PKH
a59da8e23dd9242da3cf31149312a43d18d46cdb2d8b734c8a83b104d96a77aa,"[""bc1qql572hh7jxp52pz7vv97mzm9cfc5r0def4y46s0"", ""bc1qh6tjcqhwe6pdk2hcwe2aexzlg4dqvq5wv4hhf6n""]","[""bc1q55alxk9vdgzt7rkdaw4rkxmef0ymnlf4ddyfgna"", ""bc1qql572hh7jxp52pz7vv97mzm9cfc5r0def4y46s0""]","[0.32705932, 0.32705932]","[0.32545887, 0.32545887]",0.00320088,P2TR
c6c9d876af40b61ddee89f86746e0525af3c9c0ff6c5aac0b096b4168e4879ba,"[""bc1q7uxz04zsc5s0w2tkk0gvajp8xmvfujat3yzwtjw""]","[""38ZJ5ZdYNsS9SKwiURRQ2ZxRkcJFW8YZJk"", ""38fTmXq5Gz7bpZhs8aWihWZy8te9diwodC"", ""bc1q7uxz04zsc5s0w2tkk0gvajp8xmvfujat3yzwtjw""]",[0.8917972],"[0.29625199, 0.29625199, 0.29625199]",0.00304123,P2SH
fd3c4c07f773c46e7afc2f10312098ee26a105bcfae85ca8fb343be5ae854217,"[""1x6N4ke6JZaCQnNsLafjbqaX5Sf511KwbC""]","[""346yQqsABqLKRAuxqLFPiAfa1q5SfEPuvo""]",[0.92665895],[0.83486821],0.0001,P2PKH
bed883545730ef182a89e2c0c6a36f7892bab8d6bf5792ec20a61ef3bfddd8cd,"[""1fZA4XiBq92KyxJkpdj9B82zcccbE25n8r"", ""bc1qt58lse5uu6q3gyu4zv7n588yla23xy3emfksyll"", ""bc1qlk4vusgpxkgw7z44atrfuvlsku0nzx73kpaf0hq""]","[""1Ukx5doK4LnUWUjRxoH3vkjZ4UA3zodH5W"", ""bc1qlk4vusgpxkgw7z44atrfuvlsku0nzx73kpaf0hq""]","[0.96575448, 0.96575448, 0.96575448]","[1.44185261, 1.44185261]",0.01355821,P2PKH
3f0782881f676675bb82c873e0ebe91b861d5d179b1ff3cda7377fc71ac191b8,"[""32eSnNAT8a1vq13hCWydowtowjHSKVa7vy""]","[""1zhro6Gro6B2MVDr9hhDgDzQGBZ8EAPoxN""]",[0.44591193],[0.44577632],0.00013561,P2SH
95391c8446daa780960dc51110e6d9c3d7b1bbe497b4a236ce6293572ebbe4b9,"[""1GuQddsAJNHLaUg64k1az6X1bzmwULRNtz""]","[""3wAmxmkMidN4PRFUvMh2f9cw9FafA76iPh"", ""1GuQddsAJNHLaUg64k1az6X1bzmwULRNtz""]",[3.094653],"[1.54158471, 1.54158471]",0.01148357,P2WPKH
3dd3b392929cf55eaff8899b91dd1c6e020471b1750b60598a2e84934d2f2205,"[""1A8FofBrxV2r5bsuQNf6wj97jwXqxwFtE8""]","[""3wN1gfPXg7PhyktANCCqQERVmmbkowMfxz""]",[0.63475963],[0.63389154],0.00086809,P2TR
8a6aa6be9502391794ae5e017919468539beb757fe2d6cf81d613756bf9a3691,"[""1YGCHqL2q7i3NxDxXpSobdxnz6hZRtx5ut""]","[""bc1qef2kkj3tsnw0uj76492y5yl2dmkk07dl5sescsd""]",[0.74582139],[0.77166303],0.0001,P2PKH
4fe61b2a90cb048d5d38178cf06337eff101eaa6d440aac90775501a077558fd,"[""bc1qce8qqd8e6kq3k70pgm40nqful57h6p0y5j9wgrx""]","[""bc1q4tsayqs5e6dxwa4s5u3jqvuve4su9jfmt3g2adc""]",[0.70985374],[0.6371045],0.0001,P2PKH
efacdac149dc8312a04c9755d0bdaca414dd836437f81e2091297adbcaf33fff,"[""bc1qf7lckk003ahfj3uvtcyp7za5hx6g3grh8pu88r2"", ""bc1qrlve27cxsspy20wns2n9lhf263kf6t4ljehkq07""]","[""1tKJQpU3eHs3fGoSQSxLBhNoG5RRzBJ6LJ""]","[2.12654066, 2.12654066]",[4.23701147],0.01606985,P2PKH
1c7ec077cabccad27a2b5cbf3742df2366950f275c46a7505aecf81b81f63982,"[""bc1q23x4eutlgql56jvnmck2pd08w7xfrecawq0sxah"", ""1hc7jdzVgwzHcKXzM8ZXdVBciy12d7rozR"", ""bc1qej9fu3pqupvzvku5kwt2xcezacjzekrf5c07yug""]","[""bc1qgncm6ak5c3nc7f9499svd3yjg2kyy2pan40jte2"", ""1hc7jdzVgwzHcKXzM8ZXdVBciy12d7rozR""]","[0.36651265, 0.36651265, 0.36651265]","[0.54867588, 0.54867588]",0.00218621,P2WSH
42f9fdb9273d951aa6b9b0afb281bbed0c3a452191d79123aec788d637b2d956,"[""bc1q4qk6ldyzvhr2uyccylysq5wh5yd4mzrcjv72ygz"", ""1mgVaGRTdt6WHwNxK1mjjTfM4XDRDGqLaZ"", ""3ntm3dq1vATzRzutJss6M5fe4djkR66D5b""]","[""1MjyXbrU81WA8Nj4jyiFchBzoWGRwtpJrw"", ""bc1q4qk6ldyzvhr2uyccylysq5wh5yd4mzrcjv72ygz""]","[0.90217335, 0.90217335, 0.90217335]","[1.35129517, 1.35129517]",0.0039297,P2TR
e8e973373683205fa3892e40ce9bf5b7688e5dc086c88df992fc7ba7f01df67d,"[""bc1q0hlsfrx89q3gl3kym0mj0w9p706vz5pyjflrcne""]","[""bc1qc7q6gjf7pmvqvw8v434pcaac26gcxqhnmeace37"", ""bc1qfl3dhcg7wl8ag4glcfjpggg5cqf46mwqqpt53dj"", ""1mPuJbRZ4x6mdG5EZAQgU2HHr5EGnboC7E""]",[3.89478781],"[1.29355069, 1.29355069, 1.29355069]",0.01413575,P2TR
ac1bd6f66a52b153e9633c3045a180645a7d24de8d5480f997e495ae62ed59d2,"[""1UeMktpo4cXjq5DX6EPCfawZZkmaghR7nY"", ""3nEifYPXVYcKe7X4q8sCV6aqfXhFNc5vDV""]","[""1fZA4XiBq92KyxJkpdj9B82zcccbE25n8r"", ""bc1qlk4vusgpxkgw7z44atrfuvlsku0nzx73kpaf0hq""]","[2.38675301, 2.38675301]","[2.37998115, 2.37998115]",0.01354372,P2WSH
09cebd1e12a7c7e65cf49dcd95f84df0c4f09a357a97f817c0f5fc47be6afca0,"[""bc1q59v098dla784xx97wnkmudcn6hv7j35kprwuu83"", ""139e3rfqJv3RBfchbnBTaw6JNN4RYH8hGX"", ""bc1qves7vvcaj4ym9kdfcw5ryxngwm3qu8j0dzn83n3""]","[""3wAmxmkMidN4PRFUvMh2f9cw9FafA76iPh""]","[0.11028179, 0.11028179, 0.11028179]",[0.32956347],0.00128191,P2WPKH
15a11a2ff23a5329b490a32b2f0f38a4f0d0f2684115f091c4da78f7703472ad,"[""342du2Za6me8ZSrWn9YAFxxZ3pxdeA4vGF""]","[""bc1q4qk6ldyzvhr2uyccylysq5wh5yd4mzrcjv72ygz"", ""bc1qzu53u6wrlvnv6elrtxqhc4kx65e8l7p0knql5rg""]",[2.68373623],"[1.33762267, 1.33762267]",0.00849089,P2SH
36470ead300518c4c0f59273ce2fd147899c40b1514c0cc36cc6b2187cf728c9,"[""38ZJ5ZdYNsS9SKwiURRQ2ZxRkcJFW8YZJk""]","[""38ZJ5ZdYNsS9SKwiURRQ2ZxRkcJFW8YZJk"", ""38fTmXq5Gz7bpZhs8aWihWZy8te9diwodC"", ""38ZJ5ZdYNsS9SKwiURRQ2ZxRkcJFW8YZJk""]",[4.67487301],"[1.55267835, 1.55267835, 1.55267835]",0.01683795,P2WSH
f18187daa6e3eac64326b93cb957609be14fe8e7a52fb6635a06c2fb60ce8bac,"[""3vTZb4f168bJXPy2SykQJkmZahfWcdHVR4""]","[""33v2wQvMMhmDrW54k89SLSqdwGaBHi8W9H""]",[0.59092669],[0.81330614],0.0001,P2PKH
4a8382e6a51582950df7db4c98679c87002e5071e88ce723c0da8aa530b371f6,"[""1x6N4ke6JZaCQnNsLafjbqaX5Sf511KwbC""]","[""bc1qdjxt4xzc0x2vyeh0822d9y4c7gsr3vmjftwj9yj""]",[0.09187702],[0.64834123],0.0001,P2PKH
954821ae5af28094909f097f051040f51c223184c456b6e858e3e86550293cc2,"[""3iiheu3nJKbDNrRiQ6DKkm2anUn1zt4rpr""]","[""bc1qg9q35d5hwj6dcl64e6z3smhqn786jzgj6zwpxyk""]",[0.67010407],[0.53210785],0.0001,P2PKH
532153347363dc2d6acf201ec92acbe561b60b8c9f9b3b2a2d666725bbca06f7,"[""bc1qk9wwhand5ep4vsh9qm4wy85t7pywtwzyt2g7q9s""]","[""1XMxYnW2s3PNkM4Ef7ak8MLeqgyUB8iw3C"", ""1tKJQpU3eHs3fGoSQSxLBhNoG5RRzBJ6LJ"", ""bc1q2apmz7cgxjnqu35f8evwk9dw2ym2ltvcsr8rwyp""]",[0.17267641],"[0.05746567, 0.05746567, 0.05746567]",0.00027941,P2WSH
86b3e08161daaf6ba596a350297b4faae72d10ee70b25e067032dfb889137921,"[""bc1qry08mfudxkejrq5k2ty5gmdtg4cde0t3gftkhm4""]","[""bc1q0hlsfrx89q3gl3kym0mj0w9p706vz5pyjflrcne""]",[2.815041],[2.80510482],0.00993618,P2WPKH
bdc8562b8e5840f86b7d9a3490632605d459ca69010394d215fe366a3eb8d076,"[""15apPMjXfA4sisLyDBMYbRS9NNEFfmWHPf""]","[""bc1q246x5rsxf2sxnqas2fr6wgzapue4vnk5xkdrsvl""]",[0.5],[0.49],0.01,P2PKH
2abc64ac5b758588a7d0f40c763e7db0e96e09aced7dd1f832c15e24051c0a03,"[""bc1qce8qqd8e6kq3k70pgm40nqful57h6p0y5j9wgrx""]","[""bc1qsj8vgrsds70c7m9sz2tjjtmsgglutrycfagkwqc""]",[0.47296358],[0.68708147],0.0001,P2PKH
0f6ea60e6d632ed005b8a662d51b3f533bfa1fc6af42e7221750595d8d4ab2cc,"[""bc1q0hlsfrx89q3gl3kym0mj0w9p706vz5pyjflrcne""]","[""1DNysWnBHAJse9skEtB2fTGv5S9WW4G6ej""]",[2.19986744],[2.1918589],0.00800854,P2WPKH
803311a8d0d7efba1add9259a8918ca4d1df8dede329e4104b6844fa1b77a657,"[""1Cpe6bSxRJ6nHV5P825fFFG46BADPCWsPH""]","[""3bikjSNswECxgQ2KDnbBzMWZDTFoWtFwEL""]",[0.31824493],[0.42074605],0.0001,P2PKH
7f2a8112c9ff2ef3fc438b3f329e145a14a70b818e15b9bdd4c56e0b442366ee,"[""bc1q034j4jzyzgj8sex4lk3g3w757p7dlg4wtcu8gdw"", ""bc1qzu53u6wrlvnv6elrtxqhc4kx65e8l7p0knql5rg"", ""342du2Za6me8ZSrWn9YAFxxZ3pxdeA4vGF""]","[""bc1qgncm6ak5c3nc7f9499svd3yjg2kyy2pan40jte2"", ""342du2Za6me8ZSrWn9YAFxxZ3pxdeA4vGF""]","[0.71889274, 0.71889274, 0.71889274]","[1.07367678, 1.07367678]",0.00932467,P2PKH
655ea8f3dcca62d32a22b1f5e231a72bc2c3f8269e1c21dc53e2c5ed4f1a816b,"[""1zedEvjxrJzBLsCNm6vnpKgqThZB35SX2E""]","[""3uMutWhb7Y4tqp8ctNhxmfNs3jMQKVcr7B""]",[0.95350461],[1.22558702],0.0001,P2PKH
a4ce546c57ef1fb525c17158d6434869113e1600f24ce882188a5c4a82342e88,"[""bc1q8wepqgr2u9z7l2lukd5ndp2ld3a34frv30pqz65""]","[""1DNysWnBHAJse9skEtB2fTGv5S9WW4G6ej"", ""bc1q02ne29empykyrstzk4j22lhd502k3unt46vhf9q""]",[2.91102043],"[1.45453842, 1.45453842]",0.00194358,P2PKH
66ebbd73f18b753662d84b4089b526985872cfad5ef5f37f61862a3aeb656ab3,"[""bc1q246x5rsxf2sxnqas2fr6wgzapue4vnk5xkdrsvl""]","[""3cpd1A3nVCwpnueRGoTEwjH2oVn6eHPfbu""]",[0.34236178],[0.45507542],0.0001,P2PKH
93e0b8451b105cdda700b807c26e87700571fd610e9a4e395b33161caabd9b5c,"[""3xHKfzJzWk3ZvqZVdEW8NP1omFDf2aHKcc""]","[""1GC8mvPwRNZ6spT8t882hbcwNGJDbhS6Jy""]",[0.32648521],[0.18670342],0.0001,P2PKH
eed44beccbc055f1f8f591be0e47d3578315280e2b9df25b746c9636cab0e5ac,"[""35zMoh7DzCvoFUrLak3gqFgbkNnWLRysgv""]","[""bc1q8uenshcn5d4te3ygh3hn9r0cx5czvzuxnxdqkr4""]",[0.35624009],[0.48756427],0.0001,P2PKH
19281d3073355673faa180db3bd7bff5b8ac57c0dbe7364a02a3b36449144ab6,"[""12317KgSACuNuzwsGn7w5LcpGA8T8rktyQ""]","[""3NxFGXgQL6un9oG6yDxn8Xsbo6MaHG63Kk"", ""1MjyXbrU81WA8Nj4jyiFchBzoWGRwtpJrw""]",[0.40168534],"[0.20024628, 0.20024628]",0.00119278,P2SH
3e87d8f9bf193554aae70614b1289d1a9b2f70c46ab5220686435d79f89b016c,"[""bc1qmh2t6unyv5unnwte5cuz3vhus3xsf25qu3g6fds"", ""1dHkf8Cc6RzJD32tMAqt24Rc7DFLM3sG9h""]","[""3E1AznMPaXj46HqvMxHcCvaGQ75Jwoxspa"", ""bc1qnrp7e7clenmr3s9rxthkc0myt6rxlcq60f9gkd5""]","[2.17429924, 2.17429924]","[2.16413348, 2.16413348]",0.02033152,P2PKH
42052bf6be8eba87fbbdbd9de4344ca7210324183b9f75948883b479d8047d36,"[""bc1qce8qqd8e6kq3k70pgm40nqful57h6p0y5j9wgrx""]","[""3jseApuKp8fYWtgp4mC7zNmQt3SdgQusp6""]",[0.70205106],[0.32754474],0.0001,P2PKH
8bef46f7caadb181fe6198612c1d7b220fd084d8b4e946a42aeae4353910ecfa,"[""bc1qhmys6qdyzlfxk32pw9t385ag6mjfnvg34zyhggr"", ""bc1qydwkgru59mmctdnuaxtalxtxj2aasqg55vlkgpj""]","[""bc1qhxd7an4rus42k3x4vh9jv6fxen2w4se7h4f4nz7"", ""bc1qjc2cjgem409elzey9m2upsw42sr3vv0fssu6776""]","[0.77784971, 0.77784971]","[0.77526966, 0.77526966]",0.00516011,P2WPKH
a46045aec4a4833c4da8fa462d3105b7a4f5e2281c59c283c6b321b854b5e1ba,"[""19tXF72WPvJVBErGcSf8929kEWhCUH6bNG""]","[""bc1q70dmce3q760jat4v57z37zwc59pvxku5tz5hyxh""]",[4.31490636],[4.30422618],0.01068018,P2PKH
bb6940d7414b20fbdaaaa8d02b60240a9e23bef43300ddc99496feabce482122,"[""1XMxYnW2s3PNkM4Ef7ak8MLeqgyUB8iw3C"", ""18Hqh9hT15FqYjX7HJ3RoT7ub1WF9RcERf""]","[""38ZJ5ZdYNsS9SKwiURRQ2ZxRkcJFW8YZJk""]","[0.10766589, 0.10766589]",[0.21446445],0.00086734,P2WPKH
3a16eed95517daab488c73906583bdf04681a6948340be45abfd62f3f8b885c2,"[""bc1qhmys6qdyzlfxk32pw9t385ag6mjfnvg34zyhggr"", ""bc1qjc2cjgem409elzey9m2upsw42sr3vv0fssu6776""]","[""3QLJo9btWqYKjZDDigv8iyBYdimZawigtX"", ""3oX29fCkAHFqhJk2p6sjskZEnoHfvPxyKZ""]","[0.05789019, 0.05789019]","[0.05772615, 0.05772615]",0.00032809,P2SH
2bf4e5c95d54725a577ef22ecd46ff0f2d03e80b21b056552fb60634b201ac54,"[""bc1q70dmce3q760jat4v57z37zwc59pvxku5tz5hyxh""]","[""1XrgjZ4mhRR8SuyNCS4EbEktoZz1ip58B3"", ""3t4CpLku4VoZcqoM5RjvtU8i7VEMUnsEw2"", ""1H4PzFpB5yCPe7YSc7SG35jn2Ve13P9LP1""]",[3.05591512],"[1.01741723, 1.01741723, 1.01741723]",0.00366343,P2PKH
63156a4e5e0fbd584804cb22daa40e977caaf180e142c67a0e30f46c4fb5e11a,"[""3AGtFFJaaD5KUVuhp6e3oPnvLtSv7mkrvd""]","[""bc1q70dmce3q760jat4v57z37zwc59pvxku5tz5hyxh"", ""1H4PzFpB5yCPe7YSc7SG35jn2Ve13P9LP1"", ""3nEifYPXVYcKe7X4q8sCV6aqfXhFNc5vDV""]",[3.53481491],"[1.17668156, 1.17668156, 1.17668156]",0.00477022,P2TR
fea47ee0f45654fb0a7b216a6d0c5693e99d39f589f4f1a4d8cc62185ac4df6e,"[""1PWQCsctHRd6MGpivdvPjWtcWXjfPo68xp""]","[""bc1qq3kmz6844ludgnlpyzh4ryaql4z5p3u8t048hev""]",[0.76347881],[0.71485339],0.0001,P2PKH
2073045fc8b29af7eeb1ab1ae7e9068f91f35446177cc9af7a9fd4eaa8089213,"[""bc1qlzynqnwm5a9m45fvvzntpvmfylv0fku2aye4ye7""]","[""bc1qy5t3gn6479xx3j6sk7h5u9s2a0p04z4u6ete6at""]",[0.28769377],[0.70421957],0.0001,P2PKH
142e1cf41b5970ef9897e31c52d470ad52962186d821544baf5a3df18f4fdfb7,"[""3G5CnaAAUQYxDJG7Agph3qL6FMWgGz2QTk""]","[""3uYxSFnGVEBsfEeBWSKZExzy1rrY3E7W75"", ""3Ht3cFJQY4H8CtXdooznMYVuWPBKDtn4zX""]",[4.23356271],"[2.11454846, 2.11454846]",0.00446578,P2WSH
52ae3f25d5e05b8eeb0a8a7173ceb8beb06aba320571aad95ff1c58c8fa53f80,"[""1FMD6P2VTFZqFjWATsq1KG6vkfvEWeqzYk""]","[""1o8YRW8gdVvQePcnx2CGaw61MEfdvwM88d""]",[0.03408659],[0.108606],0.0001,P2PKH
047e76f862a3849227c4e31eafba59f07303bb7f17973588a8208ee7fefd054a,"[""3vTZb4f168bJXPy2SykQJkmZahfWcdHVR4""]","[""3wrbs6LsNURXXiLL34WajrcrGWPgLpmWHj""]",[0.88592745],[0.84685368],0.0001,P2PKH
cb4c92bfd89e01a6d3dad48444c7aa498eeea92d8ba5d3203a158396729c04aa,"[""35zMoh7DzCvoFUrLak3gqFgbkNnWLRysgv""]","[""bc1qu68eda982ur35fgflmg449gecqnwtuz4s4ldgnj""]",[0.06049457],[0.25254647],0.0001,P2PKH
6feb242cb096dc761fc52b163f197d4804de3eb00c5abaa0530cf5b898f86f2b,"[""bc1qjjdznnmauuygl3rtnsfawtcc0llq257j4uj53yl""]","[""1zhro6Gro6B2MVDr9hhDgDzQGBZ8EAPoxN""]",[0.43895497],[0.43879739],0.00015758,P2SH
8d31029b4d570544c1ae1f233615f7bc705a328dad7106cbe54dbc1d885b56fb,"[""bc1q4cm5g5trz04sqjjghe905djrzae96q33e0sjker""]","[""bc1qcwrs2q4vrtm9gg729ddctvwjl46he3mxeh0qdyu"", ""bc1q4cm5g5trz04sqjjghe905djrzae96q33e0sjker""]",[3.68510285],"[1.83363624, 1.83363624]",0.01783037,P2TR
f76ad1100ec9c8f2f8cfb704417d7ce6c997bcd83d025a4a8d5316c1a86e30a3,"[""1PWQCsctHRd6MGpivdvPjWtcWXjfPo68xp""]","[""1gsMxiY1uuZBHNT6dvU3R86joBmJsG1do7""]",[0.24259629],[0.95684916],0.0001,P2PKH
c0f16cd95ef1c0d9e5313b0a50b8a0b5c917d8c64cde5aa02a8ee7f54f4937f9,"[""bc1q02njv58jl8nufhcnptfyxpan7h2g5csl5fqm283"", ""1po2Prmvb9jFTTNc58U9B1WjVvwyNVebQ3"", ""bc1qlek8ms95z07pl7y93exsdw9xdnfj7xm07tv0dnd""]","[""3QLJo9btWqYKjZDDigv8iyBYdimZawigtX"", ""bc1q02njv58jl8nufhcnptfyxpan7h2g5csl5fqm283""]","[1.30359091, 1.30359091, 1.30359091]","[1.95162547, 1.95162547]",0.0075218,P2WPKH
af2e5edbdba16aae19bed31de70c4707782a8a24cac490e28559a6b2eed6b224,"[""bc1qau9dks3ujhcamrje6gxhkq90rcddfd99y0srjxx""]","[""bc1qknl5q6f47yrr3gnkx5g0umzdgqc5gh3dqzuu36j"", ""bc1qau9dks3ujhcamrje6gxhkq90rcddfd99y0srjxx""]",[0.30368956],"[0.15142307, 0.15142307]",0.00084341,P2PKH
e67ffdcf7520bc8d1d3654ccfb3ac8601a47e165deb4d466c55de6ac8050e9c7,"[""1PWQCsctHRd6MGpivdvPjWtcWXjfPo68xp""]","[""3KqHkV5W9HGh1oZ8mHnF4vRSvHPoK5DD45""]",[0.89403339],[0.74734837],0.0001,P2PKH
79f00b319cf14eb41766671880c3fe905c940b6584277858c51a8cd753f33e30,"[""1yVyHMRuGqvWSAjVxZvdSB4BUAU7tVSzZT""]","[""bc1qh2kx0jw92ypk5r6rfs6yaqdy58uvu6r9rr7tnra"", ""1rs86sBAWGtaayXaR5mgt2ggPbxq95qfTx""]",[3.41670894],"[1.70677412, 1.70677412]",0.0031607,P2WSH
c0849bb2c3ee5f9dbcddb42ebbe7504a3ca1ece6eb97892b405d06868c2d623b,"[""bc1qh7rteq9qaspdqn7wq7hr8qw5d5se242ljjr2f6w""]","[""bc1qxxanut5etmp2rt7zsm0jaup763ghlqsyvf7h34l""]",[0.94037206],[0.31545313],0.0001,P2PKH
abf887ae43535bba4916701a1447f5b9ab3258f51e1f5dc4354c8e694102af53,"[""bc1qucghe6ukk0rpc6gjgjt6q4m2asdy7gvn8n36jpg""]","[""bc1qxjc324hpu6ncjw42qdsmuqlh7ztw494t4t282fc""]",[0.04565108],[0.7612563],0.0001,P2PKH
9dd7d40d168949eeffd7d9aa7534fe52ebc671f04edc89ee582c9893a00bee69,"[""bc1q59v098dla784xx97wnkmudcn6hv7j35kprwuu83""]","[""38ZJ5ZdYNsS9SKwiURRQ2ZxRkcJFW8YZJk"", ""38fTmXq5Gz7bpZhs8aWihWZy8te9diwodC"", ""bc1q59v098dla784xx97wnkmudcn6hv7j35kprwuu83""]",[1.40774114],"[0.46808358, 0.46808358, 0.46808358]",0.00349039,P2TR
ff781830083471dde12c840ad4c3595942af3830777430c40b519cb581d17320,"[""38Hr17Bb9SoGhVorL59w9VzmESdDjMek7A""]","[""3uYxSFnGVEBsfEeBWSKZExzy1rrY3E7W75"", ""38Hr17Bb9SoGhVorL59w9VzmESdDjMek7A""]",[3.11841881],"[1.55726743, 1.55726743]",0.00388395,P2SH
634931fc87b2f056d35e7246c0c3980c743b9f5956dfed51f06bc47700b79a2e,"[""1PWQCsctHRd6MGpivdvPjWtcWXjfPo68xp""]","[""3UymxWjD5Nm6toEkS1QgVefQmE6n5R67xL""]",[0.76920693],[0.12300557],0.0001,P2PKH
0d64790665bcd7cacdd92bfc01e65de14b3a19963005a9a3025cbe9e8534bcf4,"[""1ZMzfGqn5cyZG2Sv71WiQs6AUej4p4ERYN""]","[""1K43qv3UpVj2BN9fZAmdhc21gctNdbGThf""]",[1.88043372],[1.31600704],0.0001,P2PKH
5e38d693cabdfcc4be550bace8189a5b6a4cd330c2bedd6bcfd4adeb80628372,"[""3BvLrKV47UrHMaWQi7Z5JTbEFAU4DhSyZL"", ""3zacWrr4uy1Zy7H2SbdiQSDB9ZqMRHs81e""]","[""3oX29fCkAHFqhJk2p6sjskZEnoHfvPxyKZ"", ""3BvLrKV47UrHMaWQi7Z5JTbEFAU4DhSyZL""]","[2.08320329, 2.08320329]","[2.07295812, 2.07295812]",0.02049033,P2SH
5b6803625975605af591f459c5fb4ccb86b643f4fd166f4a04e2820c5b41ee62,"[""1hv5YLjzCi3CYFsruytTiu4RwW2bh83Zoh""]","[""1SBitXS3dXff6hSb3NCFuC121pg4x6qfi3"", ""bc1qr23xx37rxt9v2vwz65tzxfnlr3lm97nlk4lk25u""]",[2.48726093],"[1.23906214, 1.23906214]",0.00913665,P2TR
ace8c0c7614f657000b7a4d4dc6a2b11f9ba3b10b5c3059814f4ee5c34901cb2,"[""3NdxUqLZtj4XzU3tnHwwVa7R5wFPeyzrEk""]","[""3NJjJvDjmWYeLiEzfyZqjT4ZtdLBwAkjZ2""]",[1.94093319],[1.53440821],0.0001,P2PKH
8a4ac649cbcddd4dbd6e6bd863e9ed4bc7b1c6baa76924814fbd3df2ccf75daa,"[""bc1q3e7s8yapvzhnftmncn6cwu9a5fgggq069k3dktt""]","[""bc1qk4xy3v4sa74dussthr264zd3jfp8a8g52u2kra8""]",[0.59114227],[0.42117285],0.0001,P2PKH
a51345316a1d52581346f389e5dfb2d18997b3188bb960ee61d0c86c83222d38,"[""1EqD1SX7sAmUvNLt4vHqUGNhJEMBSJogxX""]","[""bc1qewwzh7jr2w88crgmw3kwa7vek3zl6jrmcnmsa9j""]",[0.7063933],[0.15758318],0.0001,P2PKH
ad9e32c3a6035a17093d2662f29292c20135d73dea43eb9948975641640b4460,"[""bc1qdzdjlm6y5gqjvy4ur0x4cxt584kj85ss77wjyad""]","[""1Dyf1iwFnRvVNqGjThPJRbE56gjNeVnfTp""]",[0.93289125],[0.81825736],0.0001,P2PKH
2098a97cb326bc2b3f3dd1894f0119d13dd03663ce2ff111b4ad974e682b3214,"[""bc1q55alxk9vdgzt7rkdaw4rkxmef0ymnlf4ddyfgna""]","[""1Sdsa8X6V3Y2pHqPMsAHXFXcKcYtawze2R"", ""bc1q55alxk9vdgzt7rkdaw4rkxmef0ymnlf4ddyfgna""]",[1.65333569],"[0.82427688, 0.82427688]",0.00478194,P2TR
f53c7c8ff89ba3bda91f850d83b4d51985d4ab25be5d4fbea435c76ce8e4b9cd,"[""3gifqdueJSaj6JkB8YyXuqFpUokL7x9yrj"", ""bc1qqmyyg94qqe829phsh0csrs7pemsw7p0v40azznz""]","[""3ezxsEiDEbZUpL5rRwRSr29sJjVfMERkmh""]","[1.23027767, 1.23027767]",[2.45337889],0.00717645,P2PKH
295711abc155f4e4bbfef5a58f196e8ca9e19ccac2f0b848fb7e7fe392f552a9,"[""3gifqdueJSaj6JkB8YyXuqFpUokL7x9yrj"", ""bc1qk3jhu56n7gkxw8tltu5pg776zx5lp2lex63j68c"", ""3daiPbJWRn7esYsRtRpQjKKFxgU65SkN84""]","[""bc1q4wqy2k4kkhgrp28al77nhpgnfvt73jgsauy2syr"", ""1rs86sBAWGtaayXaR5mgt2ggPbxq95qfTx"", ""bc1qk3jhu56n7gkxw8tltu5pg776zx5lp2lex63j68c""]","[1.49626154, 1.49626154, 1.49626154]","[1.4948713, 1.4948713, 1.4948713]",0.00417074,P2TR
834a9ab37bac3a0935fd40420ba09f1d45d27c28306488541d7ce80e697586a1,"[""3bGRGvJhtiMTW7TC7iHjf9jX89guAbDsvU""]","[""bc1qup6q5am6npenmhm6x7wryce5j5uhv66hd9pvdxe""]",[0.60560933],[0.98555701],0.0001,P2PKH
c51cbc6249d927042075d6bf3877c375b551df084a491ac81aba50efa00096a5,"[""bc1qvfp3ys8phvwns8fvyzjpvzscyy305xnh8zc2az4"", ""bc1q29lwt2l2tcdhnjxcag7wvhlnslff8mq6kg33ayp"", ""3nEifYPXVYcKe7X4q8sCV6aqfXhFNc5vDV""]","[""3ntm3dq1vATzRzutJss6M5fe4djkR66D5b"", ""bc1q4qk6ldyzvhr2uyccylysq5wh5yd4mzrcjv72ygz"", ""1UeMktpo4cXjq5DX6EPCfawZZkmaghR7nY""]","[0.05429244, 0.05429244, 0.05429244]","[0.05424026, 0.05424026, 0.05424026]",0.00015653,P2PKH
778a7c8599f4100e347d3f4b1c6fddc51a4431c1a27c841b5f775ca76bbd1279,"[""3p5AJkaH8ghwWV53SKF6xqaxzfG3kUevBa"", ""bc1q6l0d2r9d04vcpzgrcm6qmwpsn0wpgyfu0q5ekfq""]","[""1gVkJmoboYBtSFieqD5dWochGeXGB487TT"", ""bc1qvaz225knvuc7hsw9my8ghhxvra0pcslrnzav8hw""]","[2.4481425, 2.4481425]","[2.44785915, 2.44785915]",0.00056671,P2WPKH
39656bd55915965fd56360bfe27a3973b25e8235de8cfe1f5c1406eca64e0354,"[""3wN1gfPXg7PhyktANCCqQERVmmbkowMfxz""]","[""1VKZeMtj2NjF3hZYVZYKUsbrAXTpYTnWjt""]",[0.49251711],[0.49106774],0.00144937,P2WSH
39c9e98be5ef41e30a95c7bfec93af82fe63fce43eaa0787358572022db7b35d,"[""1Cpe6bSxRJ6nHV5P825fFFG46BADPCWsPH""]","[""3xiA1eZgwH9CDR2Wji2X3QStmazNeMHYQt""]",[0.13750403],[0.24559493],0.0001,P2PKH
8f68fa27969310f188c7a6a0451e63a3f4e59116e85e3e3850e20f284d07e793,"[""bc1q4n0af7k453qt08gdjfaek73cuhe72sj4vtl3wef""]","[""3bHqajTGitS8gLRr7LaL2ATSdnN89m99UM""]",[0.8072166],[0.94249466],0.0001,P2PKH
ead1b23936694a29d1a2ec0a9a2a4045577566cd126fad3928b8a87764faed84,"[""3t4CpLku4VoZcqoM5RjvtU8i7VEMUnsEw2"", ""1XrgjZ4mhRR8SuyNCS4EbEktoZz1ip58B3""]","[""19tXF72WPvJVBErGcSf8929kEWhCUH6bNG"", ""1XrgjZ4mhRR8SuyNCS4EbEktoZz1ip58B3""]","[0.01837736, 0.01837736]","[0.01831233, 0.01831233]",0.00013007,P2TR
86eb1b9d233fc1d67d8b470161a184ef3890b000aee05a773135b57aa4cf3fed,"[""3TFWT5hkPkrQ17vKkV4YFx9pqA26JYP5mg"", ""bc1qr23xx37rxt9v2vwz65tzxfnlr3lm97nlk4lk25u""]","[""1MjyXbrU81WA8Nj4jyiFchBzoWGRwtpJrw"", ""3mrd5E6a5Hvo1xgw8VggX81Cq1RXMzfvzw""]","[0.68529226, 0.68529226]","[0.68219142, 0.68219142]",0.00620168,P2TR
e13f65d6487d1282724e3692d926dca7446340b8b0763dcb54107f1fe4241a93,"[""1C298fZDhmAck7px72KgxQi5hd6mrb8znM"", ""3f4e1RVSNtT9BXecvmTpbKFwHTkafLVKVM"", ""bc1qh3n88dq24v9wynqvjq5ywpvx2cvc6gzq3lt5c5c""]","[""1V1Mq38snWxZxi9jSvH2wFgPQutvbBSso9"", ""3f4e1RVSNtT9BXecvmTpbKFwHTkafLVKVM""]","[0.59941445, 0.59941445, 0.59941445]","[0.89894147, 0.89894147]",0.00036041,P2WSH
bc24e5c58911672db57648d1d4c14e7736bb9093067a0531ab654d9d8acf0106,"[""1XMxYnW2s3PNkM4Ef7ak8MLeqgyUB8iw3C"", ""18Hqh9hT15FqYjX7HJ3RoT7ub1WF9RcERf"", ""1tKJQpU3eHs3fGoSQSxLBhNoG5RRzBJ6LJ""]","[""3zFVN1Mitmrub7gj2yrf9VFjyMkCxexsgu"", ""3zsBuMLbwHCahq8oZnM71v9gXHZAV4JTDp""]","[1.13043319, 1.13043319, 1.13043319]","[1.69493285, 1.69493285]",0.00143386,P2WPKH
2e98c7a223f51565981ede185ae017e4127c7f13b2729628dc962d1c245ab65d,"[""3Kr48vSJd4gZJP6kEbf1PotcLwnTLC6b4n""]","[""1PLtozEgxvCL4d2S2owqFUxqpXE5bS6S8y"", ""3Kr48vSJd4gZJP6kEbf1PotcLwnTLC6b4n""]",[4.26355431],"[2.1250952, 2.1250952]",0.01336392,P2PKH
5a6be397f3dac8a02f06d5c74bc7b1e1f335bbc2de349a4b227fbcd07576ef71,"[""3zacWrr4uy1Zy7H2SbdiQSDB9ZqMRHs81e"", ""3BvLrKV47UrHMaWQi7Z5JTbEFAU4DhSyZL"", ""bc1q84zaj0jw3697zr6cv04z6uu5qyy3vjx42jaf7dl""]","[""bc1qjc2cjgem409elzey9m2upsw42sr3vv0fssu6776"", ""bc1q84zaj0jw3697zr6cv04z6uu5qyy3vjx42jaf7dl""]","[1.12004539, 1.12004539, 1.12004539]","[1.67948919, 1.67948919]",0.00115778,P2WSH
e3011e7ceaa262bae36913ffcd4876cb5bf715bc5b552e1c4b5d97d17be5b6f8,"[""1kYv6bPqrnRkJT6yaNRDQHHhWPzjxmiTa2""]","[""3MQZi7uubcz3jMTQTqHU8Bmvw5tbNePSWb"", ""1ap8YnQa9GHK5Rzadmus18GZvk82Shz8sv"", ""1kYv6bPqrnRkJT6yaNRDQHHhWPzjxmiTa2""]",[4.51841472],"[1.50412106, 1.50412106, 1.50412106]",0.00605155,P2WSH
3f11841877369ea38125977db9b34bf0f3eb569ba9b032d1e59c39938cb47778,"[""bc1qlek8ms95z07pl7y93exsdw9xdnfj7xm07tv0dnd"", ""bc1q02njv58jl8nufhcnptfyxpan7h2g5csl5fqm283""]","[""1YejkshkmKuWR4NTWqUXpuTNghytBt6PBx"", ""3NHr9HxcAYBBiuoA7zaSNCify9TyX82wmw"", ""1po2Prmvb9jFTTNc58U9B1WjVvwyNVebQ3""]","[1.03473656, 1.03473656]","[0.68924238, 0.68924238, 0.68924238]",0.00174598,P2SH
d377c28743b6d8fcdf613e1910fa8fc99dec81b6807d75061ffb94df10a9e2d9,"[""3fFwTQ6Xay9mvemr1FwV7AE5CfKQ1VVe5z""]","[""1hqkaibWCTCjprKrHcnV2kYsmK4y1qQ5k5"", ""3dygry6hxAYMGPy3pZM1MkjoKqGicfFfv3""]",[37.11036271],"[0.17626918, 36.93380203]",0.0002915,P2PKH
63757ffbd8f70c0a09e4d677975dc2310ab34895974e9d75e9a3b47267c70e64,"[""3BeDCqjoNG4592zs7v89GB5quD6oQVdDRt"", ""1oa8dyBuXS6oWdnqdGZxC6Sdb2iv5Pk8Td"", ""bc1qae9q9jnpll0n39haxqqsymrx28h7g07t3fh0svx""]","[""3wAmxmkMidN4PRFUvMh2f9cw9FafA76iPh"", ""bc1qae9q9jnpll0n39haxqqsymrx28h7g07t3fh0svx""]","[1.47692278, 1.47692278, 1.47692278]","[2.2128451, 2.2128451]",0.00507813,P2PKH
a0690cd83ef714330cefc9383cf7e725532d56163b68b840f732aa338cf22668,"[""1kYv6bPqrnRkJT6yaNRDQHHhWPzjxmiTa2""]","[""3evMqnPprRBcSPfh6h3tAtYf4juuQm8NkW"", ""1kYv6bPqrnRkJT6yaNRDQHHhWPzjxmiTa2""]",[4.80904109],"[2.40165922, 2.40165922]",0.00572266,P2SH
8c2616bef4758e4bfb65de129992a2299a28331c1793d6b325aaf4435fd484e7,"[""3obQkuct9r4ubh3LRrG5a6uK9z53umBzAv""]","[""12ERjiQwnTrLxNMJc4Fx7LrFMj7u9daNE3""]",[0.62208616],[0.75359654],0.0001,P2PKH
15c5f18593d2ef48fa14492bf390242f3d3c2b56039f97886b270571eb2d21bf,"[""bc1qau9dks3ujhcamrje6gxhkq90rcddfd99y0srjxx""]","[""1rxMoTuenPwnWGfJuug1u22nqXjKAaRZPc"", ""bc1qau9dks3ujhcamrje6gxhkq90rcddfd99y0srjxx""]",[4.16045557],"[2.07196612, 2.07196612]",0.01652332,P2PKH
b9ffb72653e5c6e00bfdd6acd07e665ad2e9e0f6b9a3eeb52be9a2d1e8e55389,"[""1x6N4ke6JZaCQnNsLafjbqaX5Sf511KwbC""]","[""bc1qghmtc527k00mzfzyff2tskz2tmy79nshxjmwtdu""]",[0.26401624],[0.2074726],0.0001,P2PKH
8c1a9583a96997c9b1ebb1f085f17e87dbfed7a6273d221cddc09cdd9b8f2177,"[""1Cpe6bSxRJ6nHV5P825fFFG46BADPCWsPH""]","[""bc1qwuf4kdashjrzfchmhn0ssrnpeu4v8sdskhz6tdn""]",[0.49657547],[0.31757815],0.0001,P2PKH
5282ca7505c25edb620e01631ee63f5227fd68b8d444cac1596b73693544a2c5,"[""bc1qce8qqd8e6kq3k70pgm40nqful57h6p0y5j9wgrx""]","[""3vou7dvLVJDYmYBJPWWnSLD1hxMKN4BAU6""]",[0.49394259],[0.55913028],0.0001,P2PKH
b4d06f070f0163c282ef02e336437f114b7044eb96fb8584f7fec0b2de718f08,"[""1g8xyAetUekHH4meEjr3vRqw3qnBksH3Jb"", ""bc1qjgt84w94auck57t870wltkace6c4nesstar6ux3"", ""3HzYVwrUC7ATFBjnZkBrupW6fB9KFGEkxJ""]","[""1kYv6bPqrnRkJT6yaNRDQHHhWPzjxmiTa2"", ""bc1qjgt84w94auck57t870wltkace6c4nesstar6ux3""]","[1.25021098, 1.25021098, 1.25021098]","[1.86743612, 1.86743612]",0.01576069,P2PKH
efd1caf3fdbb5b9a3d62cdb58f2758614a8b5a7c966c79851276e5459bde093c,"[""19tXF72WPvJVBErGcSf8929kEWhCUH6bNG""]","[""3ufWrqsB68GomBgL6MkJnLGJrUsaw5tWsP""]",[2.11181944],[2.11139161],0.00042783,P2SH
3d83b379d8f0039d3a79403d14f61c60e2a83bc8a94932235f4abd00dc198aea,"[""1hSe33qLJxZ8d2sagvPcJFSMhtpwvEfDDH""]","[""1wkGn12Kp6hDyv7Dgekndk1VbgeYagKk4Z""]",[0.78936565],[0.30467957],0.0001,P2PKH
d5f08d0b3d65eb3e80b6e77c96258f9a7bf3937c881ff5865261a9b800385f8c,"[""bc1qau9dks3ujhcamrje6gxhkq90rcddfd99y0srjxx""]","[""bc1qf2crlslxpvmrfpmm2urchqc5xxf3c4g9r73r33g"", ""bc1qau9dks3ujhcamrje6gxhkq90rcddfd99y0srjxx""]",[3.09331254],"[1.54521388, 1.54521388]",0.00288478,P2WPKH
d6895acde6f364070721197334ca4a8b6801c37eaca9c8febb970297e3beee89,"[""bc1q246x5rsxf2sxnqas2fr6wgzapue4vnk5xkdrsvl""]","[""bc1q6sjkwv7l29anu3nwj823y20wdl6vq6athqqzkar""]",[0.22600021],[0.44705139],0.0001,P2PKH
9e25b33ef68a113c6b77fb9092901bf3615e1cd0184989ff70d1bf8ce8c25523,"[""1Cpe6bSxRJ6nHV5P825fFFG46BADPCWsPH""]","[""1YzPrrA3brtMatoQ77VzUJTHkRTWn9PaJL""]",[0.47220393],[0.34334712],0.0001,P2PKH
c7c731bac5f9de7692fb069cbcd7564f411e5fd65ca895346d288fafc04408ea,"[""3RZik8BPZ3pqJZT21GxqUetRVgF7Hz4kaZ"", ""bc1q7lv0nsp4vkdvqtfw3xuhdw9huhd6nyfls2ajvq5""]","[""bc1qshef3jvkp605w2t3agqrm7xj59ct40huvf5y9e2"", ""3ZmkxTTb274dzgEKxW1qF6gp5wUMtGwguV""]","[0.00347593, 0.00347593]","[0.00346842, 0.00346842]",1.503e-05,P2TR
14c98aeb185220b4c1ccd17e633c0ecc79d363109e6eab29f442d5fee5249e0c,"[""bc1qnzdaalmuhfxysjmsyef43m9wr48xc4zdk9auc8g"", ""bc1q7peykma8hacmhf6a9qvd0tvzhfak3r2empaf5jw"", ""34YryKNgoXbDPYT9wqVTb9fohbJz8zhUqV""]","[""bc1qgthmhru2dsgl50spm99cu4rhqmqpta97pek588a""]","[1.5741793, 1.5741793, 1.5741793]",[4.70165307],0.02088482,P2SH
e69bda52d2cb867d45a22e29ae7fde89d84eb13beac364ae4b0a672cf984b83b,"[""1FMD6P2VTFZqFjWATsq1KG6vkfvEWeqzYk""]","[""1c5BcuJVJcSrvKijRmtxGxCmyffvgENdqZ""]",[0.08515014],[0.41393741],0.0001,P2PKH
52fc384ec8994abd39f74e6cab3986969ea7477858e5bed9001d8a7bc741d73a,"[""1idTezbXNCj8zDo3bccugXDDh2AbNagxon""]","[""1knJJbVjYMYQ4XWqUQwzo8NbVFTyD8ua3v""]",[0.22224244],[0.16857634],0.0001,P2PKH
9aaec6255e9913ca4b2a69e8c93ab6bf460f45debf3bf00036d8303e950c1825,"[""1C298fZDhmAck7px72KgxQi5hd6mrb8znM"", ""3f4e1RVSNtT9BXecvmTpbKFwHTkafLVKVM"", ""3LthH1w5iVkheVn6DhJaUXRkLhGF7C7YmB""]","[""bc1qcflwt6wlc8ejtk59yxxptg32kfgml4r7ealmym8"", ""bc1q9f96nm70xv35d0kw9je8p8fcjc0sjg3l3ccwxdh""]","[0.47338484, 0.47338484, 0.47338484]","[0.70741741, 0.70741741]",0.00531969,P2SH
59799a9afb98fe1f14c4a15e93b32560180f03fab2f4d165abc856f86416f82f,"[""bc1qnnckm4fsshfpu70r0nsllaymjt4c7cqzgppes5s"", ""bc1qgthmhru2dsgl50spm99cu4rhqmqpta97pek588a""]","[""bc1qxxfu3lrxsktjw79tvx8rlrryck3p2rfnflw3fmx""]","[0.71146992, 0.71146992]",[1.42234473],0.0005951,P2TR
0589ff56a56ae1ac101edea6c1bbb3683a722834e469eb38b6de02846f00a3b1,"[""bc1q70dmce3q760jat4v57z37zwc59pvxku5tz5hyxh""]","[""1SfsF3SYkn9zEvaampEszXQGZbjBgZ3LeP"", ""3vhhQEKHUeJMtUoimKCK3sj1ZaiJCEaFYw"", ""bc1q70dmce3q760jat4v57z37zwc59pvxku5tz5hyxh""]",[4.44144165],"[1.48017818, 1.48017818, 1.48017818]",0.00090711,P2WSH
c7e04bc3200a3125ef1d2a85534a76f07c924215794aa97ae07b4e1f3653e0eb,"[""bc1qgncm6ak5c3nc7f9499svd3yjg2kyy2pan40jte2""]","[""bc1q603szws3vnxqjjqasshgmfgr83f57gympllxr55"", ""1hv5YLjzCi3CYFsruytTiu4RwW2bh83Zoh"", ""bc1qgncm6ak5c3nc7f9499svd3yjg2kyy2pan40jte2""]",[0.50094156],"[0.16648986, 0.16648986, 0.16648986]",0.00147198,P2WPKH
6dd38236ab0f8fdf67e03723c23bfde17dac495ead538b8eb4f5f0039fb7d1f1,"[""1kYv6bPqrnRkJT6yaNRDQHHhWPzjxmiTa2""]","[""1hv5YLjzCi3CYFsruytTiu4RwW2bh83Zoh"", ""1kYv6bPqrnRkJT6yaNRDQHHhWPzjxmiTa2""]",[0.46152737],"[0.22962322, 0.22962322]",0.00228093,P2PKH
13dbde8134763c190177846380a62e67d8439eca82a082094a55f0abf835b051,"[""bc1q246x5rsxf2sxnqas2fr6wgzapue4vnk5xkdrsvl""]","[""3JciNrCn1cNApH9ggNndxBqamFd12hUF37""]",[0.25149247],[0.32386448],0.0001,P2PKH
0faf1abc6b6c193b3b10d8f8902b87f483ca02dc800d384f9ee9206d2a62477e,"[""3cPaJqykUhyq8LWy7ykzvseSGTfHkaEgpi""]","[""bc1q89ghnk44pzq37ykf5w7h8mmc7ffkm9k5u8kceuu""]",[0.48378708],[0.50520814],0.0001,P2PKH
97fbb9558e53ee55e4c73e9504ecea21f3d377eea1f2490cbc682d1c887b333c,"[""1GuQddsAJNHLaUg64k1az6X1bzmwULRNtz""]","[""3UUwvEgPGXSHoPKXx6XMqceGGoFaTgFfmX"", ""38Hr17Bb9SoGhVorL59w9VzmESdDjMek7A""]",[3.33388551],"[1.66379743, 1.66379743]",0.00629066,P2SH
a42a0192463aa503c8219bdac1d066298c654a69b139865861be4a3603394be8,"[""1EqD1SX7sAmUvNLt4vHqUGNhJEMBSJogxX""]","[""1KJRt8RpPUtAegS2h7ih2pP4FhsU68nfpi""]",[0.44549018],[0.49188417],0.0001,P2PKH
b1cb9048ebd320808dd67004e23e558e233dcb7ea842172428021fe95fc1cc69,"[""bc1qqyt3d5vkmdt4ava2z9psy9yf5asuygjpte52t2e""]","[""12vfyvTXwFSkEJVFQapd2c77XwN4D7xM8f""]",[0.64102706],[0.65819859],0.0001,P2PKH
0c7d2787d6d7b436843a32a19cdbfb4a8ae3b9513001b53d04db2a1fa2115072,"[""bc1qk9346qrrw8fxqz74675krmy4uj7ukgwa5agduc2"", ""38Hr17Bb9SoGhVorL59w9VzmESdDjMek7A""]","[""3DpCLk3df8tTbWx1jZSavnuhBp7fcKtRch""]","[1.58876156, 1.58876156]",[3.16596301],0.01156012,P2SH
8ff99df4bfc2f0986d00b8275f9c762f12134caf475a020420840e3cebeecade,"[""bc1qu0zuksue4nrc9lleydldl56gaazvv2gwmensddy""]","[""bc1qh3n88dq24v9wynqvjq5ywpvx2cvc6gzq3lt5c5c"", ""3LthH1w5iVkheVn6DhJaUXRkLhGF7C7YmB"", ""bc1qu0zuksue4nrc9lleydldl56gaazvv2gwmensddy""]",[0.33604222],"[0.11175445, 0.11175445, 0.11175445]",0.00077886,P2PKH
8bc8528e47c3518bac038b0a0df96293f302e5835f4982caaf3a263a30a25b57,"[""1LX7Ca6WoTWT4ToiPpka3L4zw5w2QmmyeR"", ""bc1qjgt84w94auck57t870wltkace6c4nesstar6ux3"", ""1g8xyAetUekHH4meEjr3vRqw3qnBksH3Jb""]","[""1V1Mq38snWxZxi9jSvH2wFgPQutvbBSso9"", ""1g8xyAetUekHH4meEjr3vRqw3qnBksH3Jb""]","[0.06134757, 0.06134757, 0.06134757]","[0.09200688, 0.09200688]",2.895e-05,P2TR
b1dd15c05e2efb9b5d7ed99b8b846421d2ee3c8fa81e08c895ee5c227b4de5b6,"[""bc1q84zaj0jw3697zr6cv04z6uu5qyy3vjx42jaf7dl""]","[""bc1qgzdh32kc59w5qxfjr8kc5ynd7wmy9j2fztvv6jq""]",[1.63376978],[1.62994187],0.00382791,P2SH
25f4453dce136121fa9d3f284eeff8e6ad38a16cb39fd33d86ec57d66b77d914,"[""1FMD6P2VTFZqFjWATsq1KG6vkfvEWeqzYk""]","[""3irefZrgTsY6ABGwNUWHPScqqq5nZa6WTN""]",[0.04357562],[0.29056745],0.0001,P2PKH
2490c91da0df38f66dbe799c2cff369c9352b33526156a7b1e0a6234a8eaf5e3,"[""1tKJQpU3eHs3fGoSQSxLBhNoG5RRzBJ6LJ""]","[""1LZPFrxb95fvJff8i5ZeL8hwzu6fW2JxLm"", ""3THPXypo9FesZ6rrHmGu9SwDTM24WEzN2v"", ""18Hqh9hT15FqYjX7HJ3RoT7ub1WF9RcERf""]",[0.95327801],"[0.31709324, 0.31709324, 0.31709324]",0.0019983,P2SH
571e5ca265c79fda40b754e9265847ecfbbf8ca67cf7302412330532b4967130,"[""1XGy1pgou769CXpGQNQZzEgrerm6NZ41AV""]","[""169DBucqXXYk7T5pvUKNptbmLi2pDr9E88""]",[2.81649801],[2.81029252],0.00620549,P2SH
8afceccc7cd3111a6e3e85ac588918a83e3ac9a5feef4b32609fa3b951cf147b,"[""1Crix6obACiSSbGK7PCMupTtxFQcsxXQ7o"", ""1oa8dyBuXS6oWdnqdGZxC6Sdb2iv5Pk8Td""]","[""1rxMoTuenPwnWGfJuug1u22nqXjKAaRZPc"", ""3BeDCqjoNG4592zs7v89GB5quD6oQVdDRt""]","[0.44380728, 0.44380728]","[0.44374273, 0.44374273]",0.0001291,P2TR
9a2f0b220ffff14c6c3d1f7c8a6bf00f8bd0a4574241870ef5b5d13e92aa1195,"[""1yVyHMRuGqvWSAjVxZvdSB4BUAU7tVSzZT""]","[""1VKZeMtj2NjF3hZYVZYKUsbrAXTpYTnWjt""]",[1.51118827],[1.5048062],0.00638207,P2PKH
a6de9a000be6c8f2ce7e5782839854e2c7bc0f97abb67503b0ec36541fdc9c1b,"[""bc1q7uxz04zsc5s0w2tkk0gvajp8xmvfujat3yzwtjw""]","[""bc1q8x9gr6y5u2xwtt9sendkruyx3k2d5acjmfy85gy"", ""bc1q8x9gr6y5u2xwtt9sendkruyx3k2d5acjmfy85gy""]",[4.23283903],"[2.113699, 2.113699]",0.00544104,P2TR
19af6781ceebb34e506a1e810b72dd64f6ba775c365160e8383ba995d366b935,"[""bc1qxxfu3lrxsktjw79tvx8rlrryck3p2rfnflw3fmx""]","[""bc1qhtr8znnnl25ew83v9jvcf8zgveyvtz7wcrzd3sr"", ""bc1qxxfu3lrxsktjw79tvx8rlrryck3p2rfnflw3fmx""]",[3.16690334],"[1.57969851, 1.57969851]",0.00750632,P2SH
77effd58483d48fec4be39cc050ea21078f883cdecc2a8a706ef543e7cf70ed8,"[""3iiheu3nJKbDNrRiQ6DKkm2anUn1zt4rpr""]","[""15fThWt6ZRfjuJ2VCKbPogzp9MpqyNEvqw""]",[0.66626667],[0.79910977],0.0001,P2PKH
ac95ddb9abeb0b0a7c43c7f1297654074b1458da69cf5407179218a820aa48ab,"[""1sQnNTdr5tL2RGwYon5tj4wgt7NcNBZ4iC""]","[""bc1q55alxk9vdgzt7rkdaw4rkxmef0ymnlf4ddyfgna""]",[3.22767524],[3.22022329],0.00745195,P2TR
b177a5f4366defb801c95350cdc6ab60c551b35011fb7a94835650b08d2ea573,"[""3HzYVwrUC7ATFBjnZkBrupW6fB9KFGEkxJ""]","[""bc1qxt97aan0rtle88jzh6l3y479sn7ackkv4tuw8zq"", ""3HzYVwrUC7ATFBjnZkBrupW6fB9KFGEkxJ""]",[1.0064243],"[0.50260554, 0.50260554]",0.00121323,P2TR
7479bbea03f62db1aade007b5f2d795d6815a476578e895394d42f67fa802d4b,"[""1Rm72VSC2fbUu3J168bbCf29kHaMrncW4p""]","[""bc1q02ne29empykyrstzk4j22lhd502k3unt46vhf9q"", ""169DBucqXXYk7T5pvUKNptbmLi2pDr9E88""]",[2.1911047],"[1.09467644, 1.09467644]",0.00175183,P2TR
58cb2e8d9e0ce6925244207a0491c1d04f6f8866c12309dca955ac0f95290f69,"[""bc1qxxfu3lrxsktjw79tvx8rlrryck3p2rfnflw3fmx""]","[""31TJ7MiQ1RCXuQu1mFUNNtYGzfS9k1ti7H"", ""1PkuACUfGRYoiKmtWvqP772AWmEgLyjSHV"", ""bc1qxxfu3lrxsktjw79tvx8rlrryck3p2rfnflw3fmx""]",[1.68122032],"[0.55870868, 0.55870868, 0.55870868]",0.00509429,P2TR
0b28b88729f9363f89b6f1fb4cca9ed827e195ff126d2afcd7ae9080ee289b66,"[""3VoBdKGuEetCniXDRkBpL391SAFtdxhPsf""]","[""bc1qzwm6u69ff8lescra2hfnrlpk3q039pgp8lhqmax""]",[0.63082847],[0.57222258],0.0001,P2PKH
a4b116de9a6770e532dcbbb3768a1ac15cb1a87670edc0131c51407892f97453,"[""1zhro6Gro6B2MVDr9hhDgDzQGBZ8EAPoxN""]","[""34txehkwyorCYSKkpnbkaSscYs9eJnGRHQ""]",[0.44464453],[0.44452358],0.00012095,P2WSH
64acff573d59ca5c1f6d74d3bf5bac5e7c5fe5abfe6eaaa772142df45a517fd1,"[""1wfN4ML6Thjt9bsHhpNcfUQBzxp1M3oKSc""]","[""3BeDCqjoNG4592zs7v89GB5quD6oQVdDRt"", ""1GuQddsAJNHLaUg64k1az6X1bzmwULRNtz""]",[0.75558843],"[0.37754775, 0.37754775]",0.00049293,P2TR
399b18b9643f0c4e6269a6f4fb4acbf83d91d66cfdea9a71adc25e0ba66246db,"[""1rs86sBAWGtaayXaR5mgt2ggPbxq95qfTx"", ""bc1q4wqy2k4kkhgrp28al77nhpgnfvt73jgsauy2syr""]","[""3ZmkxTTb274dzgEKxW1qF6gp5wUMtGwguV"", ""1rs86sBAWGtaayXaR5mgt2ggPbxq95qfTx""]","[1.10035902, 1.10035902]","[1.09911138, 1.09911138]",0.00249529,P2WSH
e49d03286bb40add26d15c4aff24f09e7063f1e52f5e52aaa5d3b065f8804bf7,"[""18Hqh9hT15FqYjX7HJ3RoT7ub1WF9RcERf"", ""1tKJQpU3eHs3fGoSQSxLBhNoG5RRzBJ6LJ"", ""1XMxYnW2s3PNkM4Ef7ak8MLeqgyUB8iw3C""]","[""1V4YJXqTz34n37ofTgs9av39eUv3h8A3Jo"", ""39vTP8idyC8h48rTALtcnecAyr6rVzbqHj"", ""1XMxYnW2s3PNkM4Ef7ak8MLeqgyUB8iw3C""]","[0.67183957, 0.67183957, 0.67183957]","[0.67037142, 0.67037142, 0.67037142]",0.00440444,P2WPKH
b2a933403ca2861a1321a50cf3777c5497cd6243e7dc46cdcb420e27443a1bb9,"[""19tXF72WPvJVBErGcSf8929kEWhCUH6bNG""]","[""bc1q0ldt6dl2awt39df445k7urz6zqarhn35se4mxc3"", ""19tXF72WPvJVBErGcSf8929kEWhCUH6bNG""]",[3.68896781],"[1.84139066, 1.84139066]",0.0061865,P2SH
d4d3ec0a18c2f84490f7632d8dc69bd0fcf089ef6b2d5d6c8db7d1ae57c0cd74,"[""1Cpe6bSxRJ6nHV5P825fFFG46BADPCWsPH""]","[""bc1qec5jxw3r3cvw4mqgf75kjk448zccp8gehhwalug""]",[0.43545774],[0.06699209],0.0001,P2PKH
00c251fbbcd3efdee99dc6cbfd99c29aa7f30132c09776ea9e1cbfc6d87daa29,"[""1xzZzdjY8socfXKCauLoyEKyhSxQ5Z5NVE"", ""3aqg5RH2cMyuNwJ2NH9b7DKikniwNaf9me""]","[""1ap8YnQa9GHK5Rzadmus18GZvk82Shz8sv"", ""3MQZi7uubcz3jMTQTqHU8Bmvw5tbNePSWb""]","[1.47764238, 1.47764238]","[1.47539348, 1.47539348]",0.00449779,P2WSH
abfa0c6a76e46b0c52a991ac07390fd38dce9d024c4f098eb51254337ba60216,"[""3TqYwRDEk7h9jhR47aUbA99F1qRmU9XxUi""]","[""166o84nDCQgw5av5zCeo6ro8w3vSjVPRMu"", ""3G5CnaAAUQYxDJG7Agph3qL6FMWgGz2QTk"", ""3TqYwRDEk7h9jhR47aUbA99F1qRmU9XxUi""]",[1.91222517],"[0.63732657, 0.63732657, 0.63732657]",0.00024547,P2PKH
26fc5ceb99cf42442c5c96121785bd56e95ae34ec979eafa571e4ebc6e18a473,"[""1EqD1SX7sAmUvNLt4vHqUGNhJEMBSJogxX""]","[""1grnaFdt9mTLKtLUXx8CYpCAGgs967Xfmi""]",[0.71921803],[0.91834704],0.0001,P2PKH
f529948edcfc611a103606207ef2020682150288a95c17cacff628ec6ed7b55f,"[""3evMqnPprRBcSPfh6h3tAtYf4juuQm8NkW"", ""3XArQA7YU4xs8CSiUcwbWgG194QoXusTaj""]","[""3E1AznMPaXj46HqvMxHcCvaGQ75Jwoxspa""]","[1.9326216, 1.9326216]",[3.85941521],0.00582799,P2WPKH
d28721a67bcc44c38e72a13e44c49de18acdf64fa8f2884ca3bdb64b9a99f625,"[""39T8VEw2jqV2BcKJdmfXVUJVWYoY2mzt7T""]","[""bc1qau9dks3ujhcamrje6gxhkq90rcddfd99y0srjxx"", ""39T8VEw2jqV2BcKJdmfXVUJVWYoY2mzt7T""]",[2.44543205],"[1.22005461, 1.22005461]",0.00532284,P2PKH
18d37c7fc42f2ed86a80c9abcdb9a05fed75a58378996edf782aca119e8508ae,"[""1eshRCdwKDfQLkFaQ6j9ZbEctYfRMEw5Pn""]","[""1odAFgPdgSPpdCF9g8MAsNdieNDV5rcC3w""]",[0.01384049],[0.01375238],8.811e-05,P2WPKH
b6a69455a821fc48ba59a9a679a1bdd1e411b6411ea0ad4b77f21c086ae6cf3d,"[""bc1q55alxk9vdgzt7rkdaw4rkxmef0ymnlf4ddyfgna""]","[""1Eq7we9wHhRUUT9Cbk85mrLnG1jqafsSVL"", ""3s34dvzkS6dsShu3oJN9XZnA5scEu9TFF1""]",[3.66401772],"[1.8249424, 1.8249424]",0.01413292,P2WPKH
e299e327de1c802899c853f026a0ff317a6432dd336369567c292f5d399bee2d,"[""3QLJo9btWqYKjZDDigv8iyBYdimZawigtX""]","[""1MjyXbrU81WA8Nj4jyiFchBzoWGRwtpJrw"", ""3NxFGXgQL6un9oG6yDxn8Xsbo6MaHG63Kk""]",[0.45077253],"[0.22435227, 0.22435227]",0.00206799,P2PKH
a24dd1745ce9eba097078141193410a322b236798bb513377b0cb77095f0bd6a,"[""1Sdsa8X6V3Y2pHqPMsAHXFXcKcYtawze2R"", ""bc1qew6yfrvjp54watyuwq9smxuss9y5jwmye4az607"", ""38dZCVgEkSXn52x6291mZsLgxjXCDpWMur""]","[""1rs86sBAWGtaayXaR5mgt2ggPbxq95qfTx"", ""38dZCVgEkSXn52x6291mZsLgxjXCDpWMur""]","[1.5323223, 1.5323223, 1.5323223]","[2.29470446, 2.29470446]",0.00755798,P2WPKH
4304100af8fc7b2bd73ab025dd889b862847c9b3f2eb2df003b699bdf705d021,"[""1PWQCsctHRd6MGpivdvPjWtcWXjfPo68xp""]","[""bc1qu7c49a0skc0j4u073l6mh5dv8ae3e9w4f35c7ef""]",[0.72276746],[0.14156494],0.0001,P2PKH
9ed2e41fa6d8f5cf08279caea5d6ac7c557300e09deb2c559c4e038203b70491,"[""bc1q4q2vda5v4p58fdzfj4dyjhzh82fmvy2jvawx4dn""]","[""1XvPcaTETyaP3BCBJg4WPZytucUfkNvSCm""]",[0.49400374],[0.01704188],0.0001,P2PKH
a1c9586b1e0dfc2681a0e2783ca3fccde8ab088c4ec5818311a65e77653666f4,"[""bc1qnxqp39rgkh8y02felwe267pcz0x666rc8cwhpwc"", ""bc1qvaz225knvuc7hsw9my8ghhxvra0pcslrnzav8hw""]","[""1Ukx5doK4LnUWUjRxoH3vkjZ4UA3zodH5W""]","[1.73869499, 1.73869499]",[3.46243492],0.01495507,P2WPKH
aeb9433d4d017d75ecde7a60344916811a61b536c09f7836ab14c3d7204d1a09,"[""1wfN4ML6Thjt9bsHhpNcfUQBzxp1M3oKSc"", ""1GuQddsAJNHLaUg64k1az6X1bzmwULRNtz""]","[""1XrgjZ4mhRR8SuyNCS4EbEktoZz1ip58B3"", ""1GuQddsAJNHLaUg64k1az6X1bzmwULRNtz""]","[2.16307868, 2.16307868]","[2.15849423, 2.15849423]",0.00916891,P2SH
2aa01e54a323b05bf27146a7d8f2a77586815918e5a5d7fb5cbc5d09ee26c047,"[""bc1q034j4jzyzgj8sex4lk3g3w757p7dlg4wtcu8gdw"", ""bc1qvt5jsphjfvry3gdn7242gcw8l2wnqk5q0u4dukc""]","[""3Zbns1RnjZzFXgAGG9AHJnMwiVcT81PqPs"", ""342du2Za6me8ZSrWn9YAFxxZ3pxdeA4vGF""]","[0.82979715, 0.82979715]","[0.82883814, 0.82883814]",0.00191804,P2WPKH
dd50540469afcb2e0e3b415e9a92058a9e22b2ce0cb34aebc94dfdc51caff658,"[""bc1q2wdt0gqwgzufs3zg8rt324ghcmxnymk3gcftl76"", ""bc1q7uxz04zsc5s0w2tkk0gvajp8xmvfujat3yzwtjw"", ""bc1q8x9gr6y5u2xwtt9sendkruyx3k2d5acjmfy85gy""]","[""19tXF72WPvJVBErGcSf8929kEWhCUH6bNG"", ""bc1q8x9gr6y5u2xwtt9sendkruyx3k2d5acjmfy85gy""]","[1.18620539, 1.18620539, 1.18620539]","[1.77115526, 1.77115526]",0.01630564,P2WSH
b4933b15984269765dfe6455277a404e9c3f6374730b649239426a2eb075c085,"[""36VH8m9mctiWz3HrZAXbZeiagJMBp7abW5""]","[""1ESsQ4Jvtzu5rDYZctoU3p2ECAmzGobRx5""]",[1.79929516],[1.00202359],0.0001,P2PKH
93f32c94f1a8b285e2847fbc0e655ad7e9d9be9f6af0ccc06c6ebabcc0fbef74,"[""1hSe33qLJxZ8d2sagvPcJFSMhtpwvEfDDH""]","[""1zqkQWicsuLQRSWm258insVbLJvZXB6Kyw""]",[0.75527914],[0.56088178],0.0001,P2PKH
9d90b386349e5de07d72d9ad9a6ec3ec32a1d1a40d745bbe9eaccb9d6ff453b0,"[""3SbvYESFG3pWcWPk4EWabgHoxAvJsMXbB7""]","[""3vA3QFSCFF3H6gSFis8F5aaXffoQdEKrKY""]",[0.62964887],[0.98900201],0.0001,P2PKH
99982de135abf0dfe5dfd9e2bf5a1fc73b26eeb29a5eee8f54361cd586a8d2f9,"[""1zhro6Gro6B2MVDr9hhDgDzQGBZ8EAPoxN""]","[""3gNtpJ3DrnpKykL4iDwynvFYUBuE1UEEFM""]",[0.44463028],[0.44452358],0.0001067,P2WSH
fbbf53f1d8f22852cd5242395a7ba0698ad5c88f85891bca9dd9fbdd49639aab,"[""bc1q246x5rsxf2sxnqas2fr6wgzapue4vnk5xkdrsvl""]","[""1H3GNw96YAWH8C67hmwerUgXjqXFataTbK""]",[0.46563066],[0.07606272],0.0001,P2PKH
ec1a6f688f6be7c989d96760e42d89104784b290bd1d137706fe2c5ba6f80663,"[""3ufWrqsB68GomBgL6MkJnLGJrUsaw5tWsP"", ""bc1qvrs46t5nfrzl5mgkufycueen44h5lgdvpkjxh83""]","[""3Kr48vSJd4gZJP6kEbf1PotcLwnTLC6b4n"", ""bc1qvrs46t5nfrzl5mgkufycueen44h5lgdvpkjxh83""]","[2.24922592, 2.24922592]","[2.24892414, 2.24892414]",0.00060357,P2WPKH
ebf7b2413e3a06f8352047a9b26b28c43143105f71e22131254d95ebf56a80eb,"[""bc1q4cm5g5trz04sqjjghe905djrzae96q33e0sjker""]","[""bc1qknl5q6f47yrr3gnkx5g0umzdgqc5gh3dqzuu36j"", ""3uDoCeNr6nrNygA4MUw7WLS9iF7QJbBkmz""]",[1.85266222],"[0.92556758, 0.92556758]",0.00152706,P2WSH
ccce93cc2a607b024c10487484cca16731adeb8c02cdb5b95630cf92baff330d,"[""39TYP7htyunjievzbqwRV67Z3eYuf8feEg""]","[""bc1qpemq4enm7yeeygdfzh434j0mc7k83k84e9aja5l""]",[0.63029274],[0.77929564],0.0001,P2PKH
aeeda820f6c08168f5447ff5c0c08b87da6ea14424695c565a0348d68339abfc,"[""bc1q29lwt2l2tcdhnjxcag7wvhlnslff8mq6kg33ayp""]","[""1ap8YnQa9GHK5Rzadmus18GZvk82Shz8sv"", ""3MQZi7uubcz3jMTQTqHU8Bmvw5tbNePSWb""]",[1.97821412],"[0.98451046, 0.98451046]",0.00919319,P2TR
e5f00f19219114625e177f2b6069775f089ec8da8781f0a115e3274fe49e7515,"[""bc1q9f96nm70xv35d0kw9je8p8fcjc0sjg3l3ccwxdh"", ""bc1qcflwt6wlc8ejtk59yxxptg32kfgml4r7ealmym8""]","[""bc1q4qk6ldyzvhr2uyccylysq5wh5yd4mzrcjv72ygz"", ""bc1qcflwt6wlc8ejtk59yxxptg32kfgml4r7ealmym8""]","[1.74980661, 1.74980661]","[1.7472203, 1.7472203]",0.0051726,P2SH
e89d69207ebcfbe509943a12d8ae022ab57e70a3cc27819dc66cf354b167bbdd,"[""bc1qnzdaalmuhfxysjmsyef43m9wr48xc4zdk9auc8g"", ""34YryKNgoXbDPYT9wqVTb9fohbJz8zhUqV""]","[""bc1qnrp7e7clenmr3s9rxthkc0myt6rxlcq60f9gkd5"", ""bc1qnzdaalmuhfxysjmsyef43m9wr48xc4zdk9auc8g""]","[0.33218627, 0.33218627]","[0.33071875, 0.33071875]",0.00293505,P2WPKH
50c24febe45761815ac772be994a874ca1a2f1370d2eceef740eb51311fbe1a7,"[""bc1qgncm6ak5c3nc7f9499svd3yjg2kyy2pan40jte2""]","[""bc1q84zaj0jw3697zr6cv04z6uu5qyy3vjx42jaf7dl"", ""3BvLrKV47UrHMaWQi7Z5JTbEFAU4DhSyZL""]",[1.87725232],"[0.93833971, 0.93833971]",0.0005729,P2PKH
150b354d0d353730a530737a77ec59f73db94f621a2331e7c16bd49025e3ad76,"[""1EqD1SX7sAmUvNLt4vHqUGNhJEMBSJogxX""]","[""3TurNAa5qdWX5PyR3f4stJbdScLWd7pPpu""]",[0.34971065],[0.96796344],0.0001,P2PKH
4157bc758734cf5b031c6d78b4a3dd3d758307876f139e51b50f64c8ece186aa,"[""bc1qzu53u6wrlvnv6elrtxqhc4kx65e8l7p0knql5rg"", ""bc1q034j4jzyzgj8sex4lk3g3w757p7dlg4wtcu8gdw""]","[""1cBXbg9fJpM7vfwpi51w9fKPinU4axH6zB"", ""342du2Za6me8ZSrWn9YAFxxZ3pxdeA4vGF""]","[0.47060322, 0.47060322]","[0.47035049, 0.47035049]",0.00050545,P2TR
8f954f70b671426a60af8a005f2b29a03f8d852e50d9984ad1b96169068a314d,"[""1hSe33qLJxZ8d2sagvPcJFSMhtpwvEfDDH""]","[""1qkLmoEMozNNUSMGEw9BvXkU6QKRAayNSS""]",[0.173038],[0.37091264],0.0001,P2PKH
8a99634780ad7a226ce2d3afdd71dcd059d018f39248132c199e400c88b43f49,"[""1x1frj7XEV4zi6vuXhNy568p5ZSxEGKohj""]","[""bc1q03hhadzyqsrxmru05symdqrlhug2uj9f4e7tn0x"", ""3NZeLoy6AsVF9cUiZEmFKL9KZQ1hkoYKeK"", ""bc1qnnckm4fsshfpu70r0nsllaymjt4c7cqzgppes5s""]",[4.85151324],"[1.60950834, 1.60950834, 1.60950834]",0.02298822,P2TR
594648452865b6d92adcf584de4f0650a63a987c9295599dda832650dd25125c,"[""bc1qlk4vusgpxkgw7z44atrfuvlsku0nzx73kpaf0hq""]","[""1tKJQpU3eHs3fGoSQSxLBhNoG5RRzBJ6LJ"", ""18Hqh9hT15FqYjX7HJ3RoT7ub1WF9RcERf""]",[4.6306964],"[2.31447109, 2.31447109]",0.00175422,P2WSH
8a011416f841f243336a7fde4bad832d2011324b8c960238e5efef7d86987b9e,"[""bc1q70dmce3q760jat4v57z37zwc59pvxku5tz5hyxh"", ""1H4PzFpB5yCPe7YSc7SG35jn2Ve13P9LP1""]","[""17HhVsXdJyY8MSeH4sEweQLeKbhqSJ8nAG"", ""1H4PzFpB5yCPe7YSc7SG35jn2Ve13P9LP1""]","[0.34257948, 0.34257948]","[0.34118537, 0.34118537]",0.00278821,P2WSH
314fb23a15a0c16ff28ba51218017281d4d936e9a126a19834f5710df4a0e6d4,"[""bc1q603szws3vnxqjjqasshgmfgr83f57gympllxr55"", ""1hv5YLjzCi3CYFsruytTiu4RwW2bh83Zoh""]","[""3NHr9HxcAYBBiuoA7zaSNCify9TyX82wmw"", ""17HhVsXdJyY8MSeH4sEweQLeKbhqSJ8nAG""]","[1.35214715, 1.35214715]","[1.34988706, 1.34988706]",0.00452019,P2WPKH
1bf695abae039e6da83ae4efb4b30be49b97052b2ea089895c1bf6f6a711fb51,"[""3wAmxmkMidN4PRFUvMh2f9cw9FafA76iPh""]","[""3Ht3cFJQY4H8CtXdooznMYVuWPBKDtn4zX"", ""3G5CnaAAUQYxDJG7Agph3qL6FMWgGz2QTk"", ""3wAmxmkMidN4PRFUvMh2f9cw9FafA76iPh""]",[2.36690301],"[0.78852655, 0.78852655, 0.78852655]",0.00132337,P2SH
f95f8afdf8a2dbd723e6d5d2359e57d2dfa6f3e30551e47cd55a61ca9c69d0f0,"[""3MQZi7uubcz3jMTQTqHU8Bmvw5tbNePSWb"", ""1ap8YnQa9GHK5Rzadmus18GZvk82Shz8sv""]","[""bc1qhtr8znnnl25ew83v9jvcf8zgveyvtz7wcrzd3sr"", ""3MQZi7uubcz3jMTQTqHU8Bmvw5tbNePSWb""]","[1.20562226, 1.20562226]","[1.20487304, 1.20487304]",0.00149845,P2PKH
fc54b0d886742f9683168b6db10a14c318910b498517eef4caf6d31eb757f4d6,"[""bc1q4nh49fvrcxf7emzuxwcn8wdchc4w3hucqs2cewn""]","[""1oXcPWGb34xoWAjgSG2cZDFmKyj7u6xuXo""]",[1.73704428],[1.92810374],0.0001,P2PKH
1bf1eecf0362b9cb614f6ccfe0540af9d5b7317d1b6068eb6880da41f71ea63b,"[""1EqD1SX7sAmUvNLt4vHqUGNhJEMBSJogxX""]","[""1uA9UKJcJSpYPSRoaS9Cno4RrQYPxDS3gp""]",[0.94884027],[0.25735508],0.0001,P2PKH
9263ed0c2ead6509d535af602f27b203d8682e553a4e47b1f3efc22f44ebf3e2,"[""3XArQA7YU4xs8CSiUcwbWgG194QoXusTaj"", ""3evMqnPprRBcSPfh6h3tAtYf4juuQm8NkW"", ""3bZ29yzZouaPPx4PULxeJAgBpb2CuPCHXT""]","[""3zacWrr4uy1Zy7H2SbdiQSDB9ZqMRHs81e"", ""bc1q84zaj0jw3697zr6cv04z6uu5qyy3vjx42jaf7dl""]","[0.19821367, 0.19821367, 0.19821367]","[0.29665654, 0.29665654]",0.00132794,P2SH
feace7914aeac1be1e6ed569b5ef3b2354297505e463dcfc60dfab910bd9f045,"[""bc1q4q2vda5v4p58fdzfj4dyjhzh82fmvy2jvawx4dn""]","[""bc1qztclq33fd0yxn40vtqrzn2sqfhdgncgjqqh7rac""]",[0.90835646],[0.25758839],0.0001,P2PKH
9b1fd11f459d59283b3d1d49df24e944831a62ce2195df654baa94577357c51b,"[""3aqg5RH2cMyuNwJ2NH9b7DKikniwNaf9me""]","[""3NZeLoy6AsVF9cUiZEmFKL9KZQ1hkoYKeK"", ""bc1q03hhadzyqsrxmru05symdqrlhug2uj9f4e7tn0x""]",[0.66288135],"[0.33132289, 0.33132289]",0.00023558,P2WPKH
38620e26915ee313c6328485e85397eafed59d0d2d5b2efea141610204d74c31,"[""bc1qlk4vusgpxkgw7z44atrfuvlsku0nzx73kpaf0hq"", ""bc1qt58lse5uu6q3gyu4zv7n588yla23xy3emfksyll"", ""3MKb2JzczS93pCNkr74xvsp1h7T2DYCXGV""]","[""bc1q603szws3vnxqjjqasshgmfgr83f57gympllxr55""]","[0.08998223, 0.08998223, 0.08998223]",[0.26980012],0.00014657,P2SH
84f1cc681e355eb7e75373d7dda9cae9551fdceab1012e5728deb3a5d9ba3fdf,"[""bc1q7peykma8hacmhf6a9qvd0tvzhfak3r2empaf5jw"", ""bc1qnzdaalmuhfxysjmsyef43m9wr48xc4zdk9auc8g"", ""3xffvdVoLDav4LukjenySEGH7LbBwa8KPj""]","[""3p5AJkaH8ghwWV53SKF6xqaxzfG3kUevBa"", ""bc1q6l0d2r9d04vcpzgrcm6qmwpsn0wpgyfu0q5ekfq"", ""34YryKNgoXbDPYT9wqVTb9fohbJz8zhUqV""]","[0.52725018, 0.52725018, 0.52725018]","[0.52481532, 0.52481532, 0.52481532]",0.00730459,P2WPKH
a3580dbc2975ee4e9d9a78f6e21927693f148ed9ec0c6bee77309d0e64465fa2,"[""1eshRCdwKDfQLkFaQ6j9ZbEctYfRMEw5Pn""]","[""1dHi4iabcXvMPHaxD4NbdjSMfQNnJ9zSjT""]",[0.02074571],[0.02070638],3.933e-05,P2WPKH
0276b4e6e3bddc061566745a6464e1e4b24f83b3ca67752912e62b79ea2b11e0,"[""1Ukx5doK4LnUWUjRxoH3vkjZ4UA3zodH5W"", ""bc1qu4lyyemukanwd6v8dq0hkgajpp0tj7zhsmcgssn""]","[""1ap8YnQa9GHK5Rzadmus18GZvk82Shz8sv"", ""1EV3XXWvHPkx3wtjRHtKMAHVDAwGc7EH6Z"", ""1Ukx5doK4LnUWUjRxoH3vkjZ4UA3zodH5W""]","[2.43112405, 2.43112405]","[1.61527874, 1.61527874, 1.61527874]",0.01641187,P2WSH
784af78a435733c8b92f50ef52459c25af525bbbaaac752e7ce768b5384f5c2e,"[""1FMD6P2VTFZqFjWATsq1KG6vkfvEWeqzYk""]","[""bc1qfzkrwjptfy8tzh056284vq3mcv5hdev4j9c739u""]",[0.2675132],[0.09072732],0.0001,P2PKH
b5aa6377fb4293d1f956a0b7ac3d28aa64725e2b882e21de613550e3d5784167,"[""bc1qk6hknw20duukn9820j4n36vd0hrtxg4rqgmjl2e""]","[""bc1qcrvlcz6m8l56tteqe9qxdxh0tnfcseqfqlpm9xx""]",[0.13618638],[0.76931954],0.0001,P2PKH
ed1f474d360323f9201d6f704ab0b0bbc133911ac29e8c468a85a2a136f75773,"[""19tXF72WPvJVBErGcSf8929kEWhCUH6bNG""]","[""3h9ZoxAKnieHMgLUSmV7e5HptCjdjtrdpa"", ""bc1qxpgu35yvujmysztq87l4cy9jjmyh7pc8g84seva"", ""19tXF72WPvJVBErGcSf8929kEWhCUH6bNG""]",[3.68583756],"[1.22317679, 1.22317679, 1.22317679]",0.01630718,P2SH
f8c0a75b1cb8ad447dc2b1d9a6f5905c356e1ecf5eb4ab45e9dff159471ff47d,"[""3LthH1w5iVkheVn6DhJaUXRkLhGF7C7YmB""]","[""3yoNn1YTgfapw7E2tZvD4puJQ9wJV6t8Tf"", ""bc1qh3n88dq24v9wynqvjq5ywpvx2cvc6gzq3lt5c5c""]",[0.13095831],"[0.06532457, 0.06532457]",0.00030917,P2TR
a31bab864e574a665b801ad9540f0df06fe39c043c87273f07fa7cfef45eed62,"[""bc1qau9dks3ujhcamrje6gxhkq90rcddfd99y0srjxx""]","[""18Hqh9hT15FqYjX7HJ3RoT7ub1WF9RcERf""]",[1.1100636],[1.10986165],0.00020195,P2WPKH
acf67dfe501bc5a58ded4341e1677f0fe077eb5118bc3c8d61ed045542c879d5,"[""34YryKNgoXbDPYT9wqVTb9fohbJz8zhUqV"", ""3xffvdVoLDav4LukjenySEGH7LbBwa8KPj""]","[""3G5CnaAAUQYxDJG7Agph3qL6FMWgGz2QTk"", ""166o84nDCQgw5av5zCeo6ro8w3vSjVPRMu"", ""34YryKNgoXbDPYT9wqVTb9fohbJz8zhUqV""]","[2.49258072, 2.49258072]","[1.65790084, 1.65790084, 1.65790084]",0.01145892,P2WSH
97b529b2a31950302ee7d122749af12ba8a0fe830cbc5886ed01a7af09909437,"[""1zhro6Gro6B2MVDr9hhDgDzQGBZ8EAPoxN""]","[""14D8KDVfsMwNhAuffEWxmD3Z6ZvfezEB6r""]",[0.44468404],[0.44452358],0.00016046,P2WSH
706d101bb12c25670227d434d5a07b52271ca2436a6783805ba85cd8c0f49151,"[""bc1qgncm6ak5c3nc7f9499svd3yjg2kyy2pan40jte2""]","[""3GW8kwTa1LEkaiwfqEJfpa9Nj7WCnT9RQ6""]",[1.54049692],[1.53836205],0.00213487,P2WSH
c060baa1e2092b91208f5a94ac825b0fc1552fc5bc915b7e329d0919b84c247c,"[""3BTf4hDNFb7qqXnUFifQv5MZQhhEtyp2Rc""]","[""bc1qq28vyy5f8xw4eakazd5fwmdmer5xk0m30cpvzkf""]",[1.2829075],[1.07024843],0.0001,P2PKH
75595c06fd4534fae3ecafcb1b474d2e2c29d52378c72fad244bcd43f83a38bf,"[""1PWQCsctHRd6MGpivdvPjWtcWXjfPo68xp""]","[""1y1wVdDRpastHvX396BGyJJZwFMnKmwqac""]",[0.40175976],[0.90199646],0.0001,P2PKH
3b5ccdc47716ad4808a7a4f314b1d243b2d0e5bed5f70652cf8d774330978a1d,"[""3XArQA7YU4xs8CSiUcwbWgG194QoXusTaj""]","[""1LX7Ca6WoTWT4ToiPpka3L4zw5w2QmmyeR""]",[4.73597746],[4.7228352],0.01314226,P2TR
0c200c79d6f94a44bf518f4dc56bf541094e8a550a01c4a26dbd93e1bfe43fbe,"[""3DpCLk3df8tTbWx1jZSavnuhBp7fcKtRch""]","[""1cxgtXE5qWxRNN7vFYm7JJDjZDJwep3TcV"", ""31TJ7MiQ1RCXuQu1mFUNNtYGzfS9k1ti7H"", ""3DpCLk3df8tTbWx1jZSavnuhBp7fcKtRch""]",[1.08481348],"[0.36152614, 0.36152614, 0.36152614]",0.00023506,P2PKH
03114c13bdecba669235be915d4fbcec2178f8089cf32afd4cd50969eda2264e,"[""bc1q8cc726hd4tcw8ugeetayz9263fwj5z02990canj""]","[""bc1q5qrx8kjxn4wqvvsu0tfz286r6spww60jle63ncm""]",[0.06848476],[0.16452463],0.0001,P2PKH
ee450b402ba146fb1b9e3826abe5c1e2cf69d5b9f17e37f854036f95c354dfa0,"[""bc1q603szws3vnxqjjqasshgmfgr83f57gympllxr55"", ""1hv5YLjzCi3CYFsruytTiu4RwW2bh83Zoh""]","[""1mPuJbRZ4x6mdG5EZAQgU2HHr5EGnboC7E""]","[0.77402852, 0.77402852]",[1.54769322],0.00036383,P2TR
16ed438253455c0445c9aa81abb257d5c0ad5b9c4cb2011856dd769806cc4330,"[""1hSe33qLJxZ8d2sagvPcJFSMhtpwvEfDDH""]","[""3Nmv63jE4mJeBGdndiQFcmjGDui2hsjsYj""]",[0.54623369],[0.2491451],0.0001,P2PKH
318c1152f1a8bbe32c0f41571ecef7f8cc066b0da8d713574f06bdbe88d618d2,"[""bc1qax9tms0hydyrf4n3kkl6muk5jv37ttzypxdsvgr""]","[""1z71YQy4SmnaGq2pXW2hJxigv8WJh263Xy""]",[0.07205435],[0.63806328],0.0001,P2PKH
c71f6b270b6c2ffbdb87ef03b4197b49d71ecb400d776b8d424810452a26d77d,"[""1iPHFgBkzj98TUC5tWxxQJUvSDMEoLKdo8""]","[""1zhro6Gro6B2MVDr9hhDgDzQGBZ8EAPoxN""]",[0.44182232],[0.44166313],0.00015919,P2SH
6496333d0417e96a489eb2bc5ba2f7eaaec0e323a5fb62b63b5ba952946c21fd,"[""bc1qql572hh7jxp52pz7vv97mzm9cfc5r0def4y46s0""]","[""3GW8kwTa1LEkaiwfqEJfpa9Nj7WCnT9RQ6"", ""bc1qql572hh7jxp52pz7vv97mzm9cfc5r0def4y46s0""]",[3.5366732],"[1.76387285, 1.76387285]",0.0089275,P2TR
ced53e76cb96a3baaf6595efc0068bf94640982c42870966ec3f1d4d12a1bf58,"[""1YGCHqL2q7i3NxDxXpSobdxnz6hZRtx5ut""]","[""1afzWKL1t4eHN3hbAcyzm25vcih9MTAHEL""]",[0.37386047],[0.17056846],0.0001,P2PKH
f9ddf6e3bae7d3a5dc4c134b64687c5b505e496e79da047dc690c8e773e7f7cd,"[""3BvLrKV47UrHMaWQi7Z5JTbEFAU4DhSyZL"", ""bc1q84zaj0jw3697zr6cv04z6uu5qyy3vjx42jaf7dl"", ""3zacWrr4uy1Zy7H2SbdiQSDB9ZqMRHs81e""]","[""1GuQddsAJNHLaUg64k1az6X1bzmwULRNtz"", ""bc1q84zaj0jw3697zr6cv04z6uu5qyy3vjx42jaf7dl""]","[1.25087727, 1.25087727, 1.25087727]","[1.87157183, 1.87157183]",0.00948816,P2WPKH
4e1e7f0a3915db40cf1b1a0d87f72513bc43a62c72e30a1342a4dfee447b2418,"[""bc1qh7rteq9qaspdqn7wq7hr8qw5d5se242ljjr2f6w""]","[""3HNo7ueJGH95UGaHZUHm5ZiBdJE7NA7yQk""]",[0.64526454],[0.18190112],0.0001,P2PKH
3088a7fbf74a30e8235c264295522930dcecb0748a38f1d846ea5732f0905145,"[""bc1qce8qqd8e6kq3k70pgm40nqful57h6p0y5j9wgrx""]","[""bc1q462yu4fg3dwnjpwyk0gdq2crswa8d3x8yx3csyt""]",[0.89305545],[0.48088503],0.0001,P2PKH
43f93433252e60fc961821dd41fbe5be6582d1e4f8603556a83d9027ecabbe0e,"[""1diDYL98g26g1RBmBH9xV5b9coVprLGLu4""]","[""1zhro6Gro6B2MVDr9hhDgDzQGBZ8EAPoxN""]",[0.44814484],[0.4480463],9.854e-05,P2SH
f6f6f97be1af16f7176d9448762122fb57d05cdbca345024a5164131841b7347,"[""bc1qrlve27cxsspy20wns2n9lhf263kf6t4ljehkq07"", ""bc1qd7u6ahx9lwu0zvw8jpfn64fqrygtvpp3tfvw36n""]","[""1kYv6bPqrnRkJT6yaNRDQHHhWPzjxmiTa2""]","[1.77088833, 1.77088833]",[3.53118515],0.0105915,P2WPKH
d9d47b53fd3b4051970b65a8f00407a107a3452b868372c2f715869420c96f01,"[""bc1qhsc6zl5w4tuc597dapry92kt7umg53yf3s97y4h"", ""bc1q2apmz7cgxjnqu35f8evwk9dw2ym2ltvcsr8rwyp""]","[""bc1q0ldt6dl2awt39df445k7urz6zqarhn35se4mxc3""]","[0.50577172, 0.50577172]",[1.00719959],0.00434385,P2WSH
8b8cc015da0f867bd7802f55103aadf4b01b7143f07a601f525cff6ce875d507,"[""1PWQCsctHRd6MGpivdvPjWtcWXjfPo68xp""]","[""1Liqq5qi2nxL5KF57wcuxpQq9QnohGvkzc""]",[0.47542533],[0.86261173],0.0001,P2PKH
a54b01a995d5271277177aac98353ffd15c4755777747659eb12d6f50b2384f4,"[""3VoBdKGuEetCniXDRkBpL391SAFtdxhPsf""]","[""1WN2dE695CpPmD4mbBA3FYvV37dcux6mVK""]",[0.90500822],[0.70051301],0.0001,P2PKH
5159357febe5cb29aa6e7a1becab48b1338fd76cc69f651306ca96881b917102,"[""1EqD1SX7sAmUvNLt4vHqUGNhJEMBSJogxX""]","[""bc1qjmkj5a2vyv2qv94zze7mw7zj0sjx69egme254n0""]",[0.71894598],[0.20079865],0.0001,P2PKH
a607b2ace3796c48477fc013b792f5fd8e42c342ebdf6211ed8378c6b0ca5645,"[""3yCdy5rDGJaodxiabGZXRM5pWJfKRFWfYt""]","[""bc1qu0zuksue4nrc9lleydldl56gaazvv2gwmensddy"", ""39T8VEw2jqV2BcKJdmfXVUJVWYoY2mzt7T""]",[3.22888178],"[1.61391047, 1.61391047]",0.00106083,P2WPKH
afa1e0e56bcb2b430b02664e563d30e426498909c1ca03b8d2f661b4c8075a01,"[""bc1qf2crlslxpvmrfpmm2urchqc5xxf3c4g9r73r33g"", ""bc1qej9fu3pqupvzvku5kwt2xcezacjzekrf5c07yug""]","[""bc1qgzdh32kc59w5qxfjr8kc5ynd7wmy9j2fztvv6jq"", ""3qjokwD7DGQs4Xh7YUFHn9UNJeu3jo4vfF"", ""bc1q23x4eutlgql56jvnmck2pd08w7xfrecawq0sxah""]","[1.92012947, 1.92012947]","[1.27390694, 1.27390694, 1.27390694]",0.01853813,P2SH
1f0754ab0b8dfb73029e2349b7e4f79c406729bc7d974ea00afcd5a73a393880,"[""35zMoh7DzCvoFUrLak3gqFgbkNnWLRysgv""]","[""3Q3ToX1moL8WTwzjcQNxRbcF1hTressS3r""]",[0.31440048],[0.45501065],0.0001,P2PKH
db969ece64d1f9bd84ce815f98ef21f5de079f6d805d49f43819cf8beabc06f9,"[""1LX7Ca6WoTWT4ToiPpka3L4zw5w2QmmyeR""]","[""bc1q03hhadzyqsrxmru05symdqrlhug2uj9f4e7tn0x"", ""1g8xyAetUekHH4meEjr3vRqw3qnBksH3Jb""]",[3.65191979],"[1.81789727, 1.81789727]",0.01612524,P2TR
0d773e2c2ff1d5e61dcb77701ac6b682e48194e56aa3bde44c6d33a3d11d6282,"[""1YGCHqL2q7i3NxDxXpSobdxnz6hZRtx5ut""]","[""3H6G3PshZKo88EU9GjyvP6B6DsNqnVKQW1""]",[0.39062082],[0.55359936],0.0001,P2PKH
5fdf74693b5aa570d7b724742944a5b2d50119b9389c19a342ac6709156dc8b5,"[""bc1q9f96nm70xv35d0kw9je8p8fcjc0sjg3l3ccwxdh"", ""bc1qcflwt6wlc8ejtk59yxxptg32kfgml4r7ealmym8""]","[""1hv5YLjzCi3CYFsruytTiu4RwW2bh83Zoh""]","[1.11304356, 1.11304356]",[2.21907895],0.00700818,P2TR
c57c33ea9ed741c70bc0fb776b0f5a613b31aca4e5f216946ca016f35c4fe2d6,"[""1PWQCsctHRd6MGpivdvPjWtcWXjfPo68xp""]","[""3bs9pAF5LV81hqXLkRRghxGBnViBCeEVFu""]",[0.19110835],[0.90630215],0.0001,P2PKH
6ac3a9d10a6f0519dd7534e59402963ac1a4a25fbff8d8923a2a07b25126a79b,"[""bc1qvt5jsphjfvry3gdn7242gcw8l2wnqk5q0u4dukc"", ""342du2Za6me8ZSrWn9YAFxxZ3pxdeA4vGF""]","[""3wAmxmkMidN4PRFUvMh2f9cw9FafA76iPh"", ""342du2Za6me8ZSrWn9YAFxxZ3pxdeA4vGF""]","[0.7839956, 0.7839956]","[0.78344766, 0.78344766]",0.00109589,P2WPKH
d778ee6e1e6db7ba60a445ef69f6d445c4d7f9f4146260d06842b2913683a8f9,"[""1A8FofBrxV2r5bsuQNf6wj97jwXqxwFtE8""]","[""3yCdy5rDGJaodxiabGZXRM5pWJfKRFWfYt"", ""1A8FofBrxV2r5bsuQNf6wj97jwXqxwFtE8""]",[3.13305895],"[1.56333721, 1.56333721]",0.00638453,P2WSH
63a2533facfbef8507328f6ac8baa1dde3f269ccddd84826b0b66a0f8ffc5121,"[""bc1qrckxnklxyz9kle7l4k3ff9kk9t8le80tjwlyuzv""]","[""bc1qlk4vusgpxkgw7z44atrfuvlsku0nzx73kpaf0hq"", ""bc1qrckxnklxyz9kle7l4k3ff9kk9t8le80tjwlyuzv""]",[4.99289635],"[2.48551785, 2.48551785]",0.02186065,P2WSH
598480257b1c3feec0ad61ac3ac7451c5279263fdef235795837afcb48840653,"[""1eshRCdwKDfQLkFaQ6j9ZbEctYfRMEw5Pn""]","[""3D8M2DqbWJnp19Rf3aeDcVVc1eBaL69qNi""]",[0.01554156],[0.0154771],6.446e-05,P2WPKH
fbf8614cbad07b85ab8a66c3703eb0cd6fce3a1da985d5cf53e592e49f042bc7,"[""1hSe33qLJxZ8d2sagvPcJFSMhtpwvEfDDH""]","[""1sDXhveNC7HttZY6VG6Ko2NRWrEP4QxQzB""]",[0.22919638],[0.87654169],0.0001,P2PKH
5916b79ca0a6599ee8db5dd5381ab3dbda8b293dd71c88376e328e100e776c83,"[""1V1Mq38snWxZxi9jSvH2wFgPQutvbBSso9""]","[""3RQeY955vyAKbmeeJSxEFv7c4ffB181VMW"", ""bc1qgthmhru2dsgl50spm99cu4rhqmqpta97pek588a"", ""1V1Mq38snWxZxi9jSvH2wFgPQutvbBSso9""]",[1.48318566],"[0.49216318, 0.49216318, 0.49216318]",0.00669612,P2WSH
dab01b99b9cb6b8c1f3f5447a4665a08acb74debdead7b5e8a169c17c9fbc38c,"[""1eshRCdwKDfQLkFaQ6j9ZbEctYfRMEw5Pn""]","[""1VD84hmmwGcpxu2tPGD88HnbJmQKH9aqAq""]",[0.01631636],[0.01623381],8.255e-05,P2WPKH
739646b9c45be25cd40f66bb78e53bf71702979a37fe858499e0ba6d1f34eb83,"[""3mVijTjM9YBtzxXq5p318d49DT4dwuf1XQ""]","[""1DNysWnBHAJse9skEtB2fTGv5S9WW4G6ej""]",[3.72465586],[3.71093744],0.01371842,P2WSH
174cd09c0ed26785520843e36fed21c0a7241ad91b39b7714d827496d7b276c8,"[""3JxNp8srPuPyF6pEDtvdtmQ2spwUQqispp"", ""3qjokwD7DGQs4Xh7YUFHn9UNJeu3jo4vfF""]","[""342du2Za6me8ZSrWn9YAFxxZ3pxdeA4vGF"", ""bc1qgzdh32kc59w5qxfjr8kc5ynd7wmy9j2fztvv6jq""]","[2.03993115, 2.03993115]","[2.03000697, 2.03000697]",0.01984837,P2TR
d853aa164a2bfca1d9c60e17fa9bf48eb6b019434e77426beafd65af0788d852,"[""1USNXbXPGVRSwVyp98i8hs7DUkwNxbQ8a3"", ""bc1qd8v37uh5mkjek3r3xnjpjx0ura9qe8kuwenvpmq""]","[""3BvLrKV47UrHMaWQi7Z5JTbEFAU4DhSyZL"", ""3zacWrr4uy1Zy7H2SbdiQSDB9ZqMRHs81e""]","[1.23628844, 1.23628844]","[1.23243626, 1.23243626]",0.00770437,P2SH
2b9cce661a41c9a4017b19106a0fe65ae30bef27dffd5235e8d1ca34a7aea515,"[""36MMMfFebu4JL2KTsZuGhbzNPao6gLWmLc""]","[""3QLJo9btWqYKjZDDigv8iyBYdimZawigtX""]",[1.2975111],[1.29458647],0.00292463,P2PKH
ec48fbaab38ca50f7360c7324dffafa6e0c43d76d4eee635277fb3b6f06db7e6,"[""3zacWrr4uy1Zy7H2SbdiQSDB9ZqMRHs81e"", ""bc1q84zaj0jw3697zr6cv04z6uu5qyy3vjx42jaf7dl"", ""3BvLrKV47UrHMaWQi7Z5JTbEFAU4DhSyZL""]","[""19kREoQQTroM291ow5KyA4mfeu4difXJQg""]","[1.25561415, 1.25561415, 1.25561415]",[3.75205102],0.01479143,P2SH
34da8d2b3751e889164399b45858c810b4f6f2fcb0f29b33888ad1e592860b4b,"[""3E1AznMPaXj46HqvMxHcCvaGQ75Jwoxspa""]","[""3evMqnPprRBcSPfh6h3tAtYf4juuQm8NkW"", ""3XArQA7YU4xs8CSiUcwbWgG194QoXusTaj""]",[3.4342094],"[1.71324832, 1.71324832]",0.00771276,P2WSH
71efd2bf671a3767f6d9a2dbe3f7f29569bd052336b294c2ff1cdb421eb8fb69,"[""1z8E3kX1ufgseCToaym9x2csiDRuRPZjJF""]","[""1FHFwPSGT2YHjZ6j6Q9wqA186MK2cocyRj""]",[1.56838904],[0.33212118],0.0001,P2PKH
b3795ef1658b2e83299c7a68c4abb00137f2197bdc3fc6f10b3ae25de0f3a983,"[""bc1q4wqy2k4kkhgrp28al77nhpgnfvt73jgsauy2syr"", ""1yVyHMRuGqvWSAjVxZvdSB4BUAU7tVSzZT"", ""1rs86sBAWGtaayXaR5mgt2ggPbxq95qfTx""]","[""1C298fZDhmAck7px72KgxQi5hd6mrb8znM"", ""3f4e1RVSNtT9BXecvmTpbKFwHTkafLVKVM"", ""bc1q4wqy2k4kkhgrp28al77nhpgnfvt73jgsauy2syr""]","[0.25142187, 0.25142187, 0.25142187]","[0.25100682, 0.25100682, 0.25100682]",0.00124514,P2SH
c21c82d2f3b1a8885245475d5489f5f2e7bae8a6acba7dd58b6cf5f9e29d5b06,"[""1Katb9a1y3Um2XUopTEZ1jx8Je6UJhrk2T"", ""1sQnNTdr5tL2RGwYon5tj4wgt7NcNBZ4iC""]","[""1Ukx5doK4LnUWUjRxoH3vkjZ4UA3zodH5W"", ""bc1qu4lyyemukanwd6v8dq0hkgajpp0tj7zhsmcgssn""]","[1.67757504, 1.67757504]","[1.67627316, 1.67627316]",0.00260377,P2WPKH
0fd17b9b32271c25c0512cfcdbc2fbe4aa74de5bfbfb4f6164d83698eb383de1,"[""bc1q6pkel2ge35pugww2g5w02jz6m346hwzj2n3fsnk""]","[""1zhro6Gro6B2MVDr9hhDgDzQGBZ8EAPoxN""]",[0.44280331],[0.44269256],0.00011075,P2SH
14e4d2b5dad218f7ea2ce549ac77d2b9c05958f1bebf5b551e1261288ae65a40,"[""3nEifYPXVYcKe7X4q8sCV6aqfXhFNc5vDV"", ""bc1q29lwt2l2tcdhnjxcag7wvhlnslff8mq6kg33ayp""]","[""bc1q55alxk9vdgzt7rkdaw4rkxmef0ymnlf4ddyfgna""]","[1.35394393, 1.35394393]",[2.69471118],0.01317668,P2WPKH
c73bc370e7f257a418c0998c38a66df7120e04f749c82176bdd3cff0eb745a12,"[""bc1qhtr8znnnl25ew83v9jvcf8zgveyvtz7wcrzd3sr""]","[""bc1qr6prwrgkx4qdrsnkdusnfe0nc6ltd93ak08qzrj"", ""bc1qvrs46t5nfrzl5mgkufycueen44h5lgdvpkjxh83"", ""bc1qhtr8znnnl25ew83v9jvcf8zgveyvtz7wcrzd3sr""]",[4.42752518],"[1.47193666, 1.47193666, 1.47193666]",0.0117152,P2WSH
3032942e1c438bd377f58f87b2ef2f8f52a65b903de1a228502d4db8c54d154f,"[""1DNysWnBHAJse9skEtB2fTGv5S9WW4G6ej""]","[""1SBitXS3dXff6hSb3NCFuC121pg4x6qfi3""]",[1.33611383],[1.33032648],0.00578735,P2WSH
66ec67c5c3169fb69f37916719761bd6a24ea841dcafb6c8f7f850b8224dc91b,"[""bc1q84zaj0jw3697zr6cv04z6uu5qyy3vjx42jaf7dl"", ""3zacWrr4uy1Zy7H2SbdiQSDB9ZqMRHs81e"", ""3BvLrKV47UrHMaWQi7Z5JTbEFAU4DhSyZL""]","[""bc1qgthmhru2dsgl50spm99cu4rhqmqpta97pek588a"", ""1x1frj7XEV4zi6vuXhNy568p5ZSxEGKohj"", ""3BvLrKV47UrHMaWQi7Z5JTbEFAU4DhSyZL""]","[0.65837877, 0.65837877, 0.65837877]","[0.65545594, 0.65545594, 0.65545594]",0.0087685,P2SH
3cebc474e46e01de4b281d1584ea64833c5a6e851e7222f5cbbff4035e273f64,"[""3Na8tV1ZppetxShFpLMDYhUYY11hcRUTsz""]","[""19cWTvY9Xo8o9QiikFS1CVew2PiY1ChxQJ""]",[0.99670509],[1.75289579],0.0001,P2PKH
6d14b3f56d626558101b89d46298d3c4b5e38895638e1208268bdd31f3eab6a1,"[""1eshRCdwKDfQLkFaQ6j9ZbEctYfRMEw5Pn""]","[""1yUWVJRcEn5vVc7z8aHF9Ms5EvD3bSfPQF""]",[0.01857262],[0.01853091],4.171e-05,P2WPKH
18addb69047d236840d1ac44496d5a7ee6722f0f717a16bd562a97b5ce9b9497,"[""1PWQCsctHRd6MGpivdvPjWtcWXjfPo68xp""]","[""bc1q9we4zwxz9p6t9wng654k8wv3wkj8s4jgnem7ws0""]",[0.54807708],[0.58453694],0.0001,P2PKH
56f1f9ee5558fe5122e2c99a0363f802ba246f9f384b21f489700d674d5e00f0,"[""3Zbns1RnjZzFXgAGG9AHJnMwiVcT81PqPs""]","[""3f4e1RVSNtT9BXecvmTpbKFwHTkafLVKVM"", ""3Zbns1RnjZzFXgAGG9AHJnMwiVcT81PqPs""]",[4.6203787],"[2.29914723, 2.29914723]",0.02208424,P2WSH
bfc50b1673b335b7f529da6ae55ec1a5b7b52f58e913152adcfaa81ccae19301,"[""1b1i442LWHVYitaFUQ6fMQs4ee4jo7CY9B""]","[""1hc7jdzVgwzHcKXzM8ZXdVBciy12d7rozR"", ""1b1i442LWHVYitaFUQ6fMQs4ee4jo7CY9B""]",[1.88590789],"[0.93953431, 0.93953431]",0.00683926,P2TR
8085b18f20e71512b0d866d700e770e60b8df899109cbb996ca69dbc7bd41c9f,"[""bc1q03hhadzyqsrxmru05symdqrlhug2uj9f4e7tn0x""]","[""bc1q03hhadzyqsrxmru05symdqrlhug2uj9f4e7tn0x"", ""3NZeLoy6AsVF9cUiZEmFKL9KZQ1hkoYKeK"", ""bc1q03hhadzyqsrxmru05symdqrlhug2uj9f4e7tn0x""]",[1.13918372],"[0.37901599, 0.37901599, 0.37901599]",0.00213574,P2SH
518ffc69fdab3f7ec563cedc3d56e22f946f30e78a2a4728246363e385162bf4,"[""1hSe33qLJxZ8d2sagvPcJFSMhtpwvEfDDH""]","[""1C18y6Vt627e378DD6xdeT2FKbMqG2afrv""]",[0.91984474],[0.36169254],0.0001,P2PKH
7282595f0ce7add1f8cce9421280c0712b2f7ae0a4845205ec7d269c700ed891,"[""3SbvYESFG3pWcWPk4EWabgHoxAvJsMXbB7""]","[""3pDocL6KoQeCHwdna1ZZNmbPfo4ufYqanF""]",[0.77438986],[0.63384312],0.0001,P2PKH
14fb7d3e3971f8edf50f0c92a4eb3993f5d65ccf5c54fc3ce7c7ec6de1d9de70,"[""3daiPbJWRn7esYsRtRpQjKKFxgU65SkN84""]","[""bc1qhxd7an4rus42k3x4vh9jv6fxen2w4se7h4f4nz7"", ""bc1q6udaw9mwc6gc08wk82uzyvyxd2wp6vc7quj07fv""]",[4.97032559],"[2.47939264, 2.47939264]",0.01154031,P2TR
8bf4ead0d7f897751e0ce421b4421c4a40b2748dddce2ab7f5a5ac1fc624b026,"[""3rgAgALTxfR2ytAm1MU1sU32gHEWkm6oLV""]","[""1A8FofBrxV2r5bsuQNf6wj97jwXqxwFtE8""]",[4.53936515],[4.52778532],0.01157983,P2WPKH
abbdf01e1c974c18562888d799ec43ba2303e94e1c714b4967743551cca813d9,"[""1hSe33qLJxZ8d2sagvPcJFSMhtpwvEfDDH""]","[""1GDzqrUSb2fWMqNFfqVs3zoD2u7KQaSejM""]",[0.60819343],[0.39479529],0.0001,P2PKH
d65fd5a38c0c6e41336c171a0e873ee70086ca7d5e9ac7cc94fc732c34f85024,"[""1fhg5dXFTGvgDKm4poQ4uZiDVte99kYkRa"", ""3DzW637dnR4PzXyr1igYGe7STxsGWBusJe""]","[""1gf339rD8ZbHjRYGeATwgw9CdGdeiZeWAp"", ""1yuBbBZo88CAZr3yWNYRw1JwXnfSahXzMY""]","[2.42397454, 2.42397454]","[2.41349367, 2.41349367]",0.02096172,P2PKH
c4d3b905f2d0870e5ff446ba891a922875ae5801d5b9b1b528e03de5a6b4fe0d,"[""1eshRCdwKDfQLkFaQ6j9ZbEctYfRMEw5Pn""]","[""bc1qyqg2yxljfqzh3we8urr846722cwycsy6edrk473""]",[0.00404801],[0.00396487],8.314e-05,P2WPKH
0e67a7fc7b5804d169f48a2cb512ed6d79f45f443012264b003d7e87b0b199a2,"[""bc1qgzdh32kc59w5qxfjr8kc5ynd7wmy9j2fztvv6jq""]","[""3qjokwD7DGQs4Xh7YUFHn9UNJeu3jo4vfF"", ""3JxNp8srPuPyF6pEDtvdtmQ2spwUQqispp"", ""3qjokwD7DGQs4Xh7YUFHn9UNJeu3jo4vfF""]",[2.75658416],"[0.91670237, 0.91670237, 0.91670237]",0.00647704,P2TR
cb135f37481220ceab002b9f7531a3b04407e875b1cb2f972cf49635b81431da,"[""bc1q84zaj0jw3697zr6cv04z6uu5qyy3vjx42jaf7dl"", ""3zacWrr4uy1Zy7H2SbdiQSDB9ZqMRHs81e""]","[""bc1q6l0d2r9d04vcpzgrcm6qmwpsn0wpgyfu0q5ekfq"", ""bc1q84zaj0jw3697zr6cv04z6uu5qyy3vjx42jaf7dl""]","[2.39377574, 2.39377574]","[2.39334363, 2.39334363]",0.00086422,P2PKH
a8868a4f1a8e5a2f66f17e7aa203957907a928cf1ceb97b0bbd62a32f4cd5b51,"[""1gPpW4X3LJdP1JoDQSTjaftRB7LzEaghyY""]","[""3hCh4aYHQzEv2e6TqkS7BhsAuqDDupk6er""]",[0.3803709],[0.53389425],0.0001,P2PKH
bb8148261b12411667fa73d09c0dee5403a909a3c9103cfbb32047505928db19,"[""1Ufe9ptc1wWUVAkKLHWYNp5Sa6VKyk2Q3Y"", ""bc1qme5erkp79dje49vtq46lyardpg2k4cjjl42skr4""]","[""bc1qxt97aan0rtle88jzh6l3y479sn7ackkv4tuw8zq"", ""1nxdtZeTLppqLmbiNT6f1MdoYN7uVpkQFC""]","[1.38908736, 1.38908736]","[1.38770865, 1.38770865]",0.00275742,P2PKH
9852462ba28354e4ee3a0105ee8817e806b17e93a184f40f2b251e40521f5c73,"[""1po2Prmvb9jFTTNc58U9B1WjVvwyNVebQ3"", ""bc1q02njv58jl8nufhcnptfyxpan7h2g5csl5fqm283"", ""bc1qlek8ms95z07pl7y93exsdw9xdnfj7xm07tv0dnd""]","[""3XArQA7YU4xs8CSiUcwbWgG194QoXusTaj"", ""3evMqnPprRBcSPfh6h3tAtYf4juuQm8NkW"", ""bc1q02njv58jl8nufhcnptfyxpan7h2g5csl5fqm283""]","[0.5219817, 0.5219817, 0.5219817]","[0.5196127, 0.5196127, 0.5196127]",0.007107,P2SH
4544cd81d8af6fe1108066e1222db6db91fd03fe9554654dbb498d7f34eff0ce,"[""1FMD6P2VTFZqFjWATsq1KG6vkfvEWeqzYk""]","[""3MKmnStcSbEiu3xMWBqPC3kKUeBH8HYkJf""]",[0.09202256],[0.1969695],0.0001,P2PKH
01960c8ad68cc7f232a74654c85517bf02a60558a51d1b5fa41f4f9b6a751950,"[""3bZ29yzZouaPPx4PULxeJAgBpb2CuPCHXT""]","[""1kah5v7nJ6mSPfUX8PoYx9gvojNxZZ81bY"", ""3XArQA7YU4xs8CSiUcwbWgG194QoXusTaj""]",[1.9862613],"[0.98918408, 0.98918408]",0.00789314,P2PKH
bbddee08caae305785f3a59cf7468a5d6144f08ca4c2776665a565403be6676b,"[""395Nk72CVej6yfy4mhSr2BrcrCRs2McQbq""]","[""3Qcr8mDT27gX12VuG3RFDD2kLYVHhhZdeF""]",[0.73660216],[1.49119599],0.0001,P2PKH
167ea94091d2b1fd7ef7d14ac92ef9f8c9ef3a3d22371d4f6059bc40bdc95360,"[""bc1qgncm6ak5c3nc7f9499svd3yjg2kyy2pan40jte2""]","[""3S3BfntARKPmZVZYUZA4GbNgmH4b8Noamd""]",[3.1051023],[3.09607954],0.00902276,P2SH
a28b233a36696eeed92bc197c6181a84c49e1d144f62b847d6fe4d01aac0c77a,"[""3NHr9HxcAYBBiuoA7zaSNCify9TyX82wmw"", ""17HhVsXdJyY8MSeH4sEweQLeKbhqSJ8nAG"", ""1YejkshkmKuWR4NTWqUXpuTNghytBt6PBx""]","[""bc1qc7q6gjf7pmvqvw8v434pcaac26gcxqhnmeace37""]","[0.41999926, 0.41999926, 0.41999926]",[1.25701962],0.00297817,P2PKH
c5204bd582d77737964d4c2a898ce9d1508bba22a5cf6eb0d5d3673025046646,"[""1kYv6bPqrnRkJT6yaNRDQHHhWPzjxmiTa2""]","[""3Dn5dXCnMxe96FB9m5xdTZagtezKyKSUdo"", ""1kYv6bPqrnRkJT6yaNRDQHHhWPzjxmiTa2""]",[3.83392172],"[1.91198835, 1.91198835]",0.00994502,P2TR
9a5a479fb3b2b34600db65fe61e1d8e7d62c0225ec9c0983b3628d1fd995d55c,"[""bc1q0ldt6dl2awt39df445k7urz6zqarhn35se4mxc3""]","[""3TFWT5hkPkrQ17vKkV4YFx9pqA26JYP5mg"", ""bc1q0ldt6dl2awt39df445k7urz6zqarhn35se4mxc3""]",[4.64076486],"[2.3103126, 2.3103126]",0.02013967,P2WPKH
063db374d8e7267aac81459fa49fe1e8978a9600aa4e3deaf5e00c3105ed817f,"[""3ZmkxTTb274dzgEKxW1qF6gp5wUMtGwguV"", ""bc1qcwrs2q4vrtm9gg729ddctvwjl46he3mxeh0qdyu""]","[""bc1qau9dks3ujhcamrje6gxhkq90rcddfd99y0srjxx""]","[0.33180607, 0.33180607]",[0.6625613],0.00105085,P2SH
a1444e5e4a8c885c0db289673e9f18ec253d9209d7f659c1ab65da86481b3f76,"[""1VKZeMtj2NjF3hZYVZYKUsbrAXTpYTnWjt""]","[""bc1q0ldt6dl2awt39df445k7urz6zqarhn35se4mxc3""]",[0.38612953],[0.38427796],0.00185157,P2WPKH
7013e39c1a1bd2c046ff98de1ac5a9039091e7423f23d7a002777e860f397713,"[""1cBXbg9fJpM7vfwpi51w9fKPinU4axH6zB""]","[""1hv5YLjzCi3CYFsruytTiu4RwW2bh83Zoh"", ""bc1q603szws3vnxqjjqasshgmfgr83f57gympllxr55"", ""1cBXbg9fJpM7vfwpi51w9fKPinU4axH6zB""]",[3.82320006],"[1.26923329, 1.26923329, 1.26923329]",0.01550018,P2SH
cba3f31fb57884745762d3378eb63078efb2edb65efe0c1289036c630ef425df,"[""bc1qqyt3d5vkmdt4ava2z9psy9yf5asuygjpte52t2e""]","[""39rdocWAixEWA1iLHUVG6Q5rSq8uA8wk7Z""]",[0.33451162],[0.27620465],0.0001,P2PKH
081de5b4760014784fb491236a16ae644097cb3e5fd6955880adf29130d2aee7,"[""3oX29fCkAHFqhJk2p6sjskZEnoHfvPxyKZ""]","[""34YryKNgoXbDPYT9wqVTb9fohbJz8zhUqV"", ""bc1qnzdaalmuhfxysjmsyef43m9wr48xc4zdk9auc8g"", ""3oX29fCkAHFqhJk2p6sjskZEnoHfvPxyKZ""]",[3.07929536],"[1.02324732, 1.02324732, 1.02324732]",0.00955341,P2TR
d03403fe7bdd615655c187f318de5464e338f8affddb5ae4664b50c82d9dcad4,"[""3cvHCZKkRSfN54V29r19oUCfDkAjfTipAj""]","[""bc1qwhvgjgwzt5hgwg2p5gc80nqh4hn28n2qw6gmp7s""]",[0.38085152],[0.53677479],0.0001,P2PKH
77b2b901a8620f7040a45f800460ee327e2ee59b6488bb3049240b0a28eecad9,"[""bc1q42rnynpyyg0fe2p8ttklplpd0zdfaejeer9384z""]","[""bc1qy4cqdqhryma38kqvf3t4at27jplx2q0cn4ax50m""]",[0.46420373],[1.4740322],0.0001,P2PKH
646a71c923cfa5fe60bd8016bd98a1b88d1cffaaf922e7d2d491dcb7015f6737,"[""1yVyHMRuGqvWSAjVxZvdSB4BUAU7tVSzZT"", ""1rs86sBAWGtaayXaR5mgt2ggPbxq95qfTx"", ""bc1q4wqy2k4kkhgrp28al77nhpgnfvt73jgsauy2syr""]","[""1rs86sBAWGtaayXaR5mgt2ggPbxq95qfTx""]","[1.47576405, 1.47576405, 1.47576405]",[4.4110993],0.01619284,P2WSH
700dc4da3a36bc4c70b6a5d2630f46bcbdf87a3655f44843330804ff2d5ecc3f,"[""3DpCLk3df8tTbWx1jZSavnuhBp7fcKtRch""]","[""3Zbns1RnjZzFXgAGG9AHJnMwiVcT81PqPs""]",[3.05552169],[3.04192957],0.01359212,P2WPKH
bbab5c87394f6073f791c187f863bb067b193170c5e5594e1c061a10c3a947e5,"[""bc1qnzdaalmuhfxysjmsyef43m9wr48xc4zdk9auc8g""]","[""3mVijTjM9YBtzxXq5p318d49DT4dwuf1XQ""]",[4.55414648],[4.53277691],0.02136957,P2WSH
ff17baf8465ec1d8fd72740c250ee004927e02a4ba26fa4e99ae58b0f9f00cbe,"[""bc1q76gw4z0xvaqkd7v5mr97fmxqqpv8hsy75l3s8am""]","[""1dERMvY9184T2JYFgSiVhmDP4djM6i2N5W""]",[1.27504252],[1.40840762],0.0001,P2PKH
0db104b12b23342b60d140d045aa2ed74b3eecc91f406daf6367122d48c05035,"[""3MKb2JzczS93pCNkr74xvsp1h7T2DYCXGV"", ""bc1qt58lse5uu6q3gyu4zv7n588yla23xy3emfksyll""]","[""bc1qgzdh32kc59w5qxfjr8kc5ynd7wmy9j2fztvv6jq"", ""3JxNp8srPuPyF6pEDtvdtmQ2spwUQqispp""]","[1.78020268, 1.78020268]","[1.77266098, 1.77266098]",0.01508339,P2WPKH
fc3b8ad2ea5ea81b56b214fb28c6ba5d2e30643a264735e604220cb6a662bc3f,"[""3NZeLoy6AsVF9cUiZEmFKL9KZQ1hkoYKeK"", ""bc1q03hhadzyqsrxmru05symdqrlhug2uj9f4e7tn0x""]","[""bc1qau9dks3ujhcamrje6gxhkq90rcddfd99y0srjxx""]","[1.06657304, 1.06657304]",[2.13266713],0.00047895,P2TR
af941dcba99cc32c77a8aa31b87797fb26a92d653e6be180e4308a016197d8ef,"[""3p5AJkaH8ghwWV53SKF6xqaxzfG3kUevBa""]","[""139e3rfqJv3RBfchbnBTaw6JNN4RYH8hGX"", ""bc1q59v098dla784xx97wnkmudcn6hv7j35kprwuu83""]",[1.49992894],"[0.74685694, 0.74685694]",0.00621505,P2PKH
a44a9b6e02937451bae1d48416e388039d8b0a8e8060e041811ba54bcbd8b0eb,"[""3obQkuct9r4ubh3LRrG5a6uK9z53umBzAv""]","[""3sDdVgawc9pfL31ZmLiwHRjUKqY5zgcUhL""]",[0.61887674],[0.42305829],0.0001,P2PKH
b638dd3d95d9d1c5803168a325db766228fc4692e583a90f3af73d39c520e1df,"[""1Cpe6bSxRJ6nHV5P825fFFG46BADPCWsPH""]","[""3w2aNiT4E3vQ8pKpV6wKr4bydhG9egJLJ5""]",[0.31411841],[0.19195451],0.0001,P2PKH
da9f39c70fc62bb2839bd3c65eb685fb23ea516e0cd8bbc2e12f774785d9db7f,"[""3Zbns1RnjZzFXgAGG9AHJnMwiVcT81PqPs""]","[""1oa8dyBuXS6oWdnqdGZxC6Sdb2iv5Pk8Td"", ""1Crix6obACiSSbGK7PCMupTtxFQcsxXQ7o""]",[1.95601913],"[0.97775036, 0.97775036]",0.00051841,P2WPKH
e0f1b5bd134449974fc8d3d1dd861923a68b520e6b9c51d908a43cdadc0536aa,"[""bc1q246x5rsxf2sxnqas2fr6wgzapue4vnk5xkdrsvl""]","[""18mHKhUWP1b1u939r9JHDg4jVpfz6cviR7""]",[0.29401567],[0.31913944],0.0001,P2PKH
d6c356f37c09509ef471e62081353ccf19d5b48bb757a1e054b6b314e983c620,"[""1Sdsa8X6V3Y2pHqPMsAHXFXcKcYtawze2R"", ""bc1qew6yfrvjp54watyuwq9smxuss9y5jwmye4az607""]","[""169DBucqXXYk7T5pvUKNptbmLi2pDr9E88""]","[2.39100348, 2.39100348]",[4.76696818],0.01503877,P2WSH
dddb024877bc3968d3ba1158554b89b3323426e0abd25fefaac102998d124f68,"[""1FMD6P2VTFZqFjWATsq1KG6vkfvEWeqzYk""]","[""1uZ5rsSFoXQk7MGR1F9PcSrwpQhV3LCvrJ""]",[0.29095894],[0.06247191],0.0001,P2PKH
7f1f1a4de9954c8e9e4e90b9a4f531b9713bf9b323961a09d09a0a4370b10eec,"[""1Cpe6bSxRJ6nHV5P825fFFG46BADPCWsPH""]","[""bc1qlge9j56752ddkeeztmq9dahwcvqhyjjk5d6dm5f""]",[0.23128895],[0.24955635],0.0001,P2PKH
148a590242fb39cd2dd01b2a82064428341bb6867c74f8abebbb56eb7a6cd141,"[""34mGKPSQuGjLpJQaACdwcLc2io6humZeXN"", ""1zqPiHANQZF1rkXWn3H2dg2kpNQpsr5Whj""]","[""1Rm72VSC2fbUu3J168bbCf29kHaMrncW4p"", ""bc1q4l6thqgjywktpt57pf5zx5cn922megkt3tyyfcd"", ""1woKqfs3d18NwgG9pjHCsxrk14ZDBRGPad""]","[0.42021519, 0.42021519]","[0.27888033, 0.27888033, 0.27888033]",0.00378938,P2SH
76e7964d63d7f11c261376bab87d640ea2bf741300311c4178ae037786276eb1,"[""bc1q4kvfyqrqlmx55d5exfw0q9yk70mjxj6pq5klmhn"", ""3UZRkpcSR3LTEg9VdXHSuU98uqXJ3537R6"", ""bc1qh6tjcqhwe6pdk2hcwe2aexzlg4dqvq5wv4hhf6n""]","[""3G5CnaAAUQYxDJG7Agph3qL6FMWgGz2QTk"", ""3Ht3cFJQY4H8CtXdooznMYVuWPBKDtn4zX"", ""3UZRkpcSR3LTEg9VdXHSuU98uqXJ3537R6""]","[1.32160056, 1.32160056, 1.32160056]","[1.31987739, 1.31987739, 1.31987739]",0.00516951,P2WPKH
2af528df05746235b38c3895e7be0101da12b7a34313019b5814448207177077,"[""1EqD1SX7sAmUvNLt4vHqUGNhJEMBSJogxX""]","[""1iewa37Xxm67jUFEs5THRze4Qsz1cCjzrD""]",[0.49052612],[0.732293],0.0001,P2PKH
77dc029ff75cc0a1c365500d76aa349f980c2b0f59c5ce4b020a061572bb98c6,"[""bc1q4q2vda5v4p58fdzfj4dyjhzh82fmvy2jvawx4dn""]","[""3Cojr1yRLWgsgR4vXgUwWzUqvbqxvzQGVA""]",[0.20875691],[0.49510221],0.0001,P2PKH
4a5ef16ce9b85957d28853bea8cb424c3443a0975610a41d575826dce8df8164,"[""3cvHCZKkRSfN54V29r19oUCfDkAjfTipAj""]","[""bc1qc59pcqvs2cpzmk4r99uvrxrxwt5sf4k7a8dsqas""]",[0.97941914],[0.49438603],0.0001,P2PKH
7306b1ab9cf97837be1317af789af5e35a08e0d9cb2aa98447e6d28cd3331347,"[""1PWQCsctHRd6MGpivdvPjWtcWXjfPo68xp""]","[""bc1qzmt5p5qzge7tsqppfqkgtnvef7ettql3nmvywp7""]",[0.57730986],[0.72701233],0.0001,P2PKH
73692279a0c6a7cb31da25088520ce6d46f4b7e7e44dbaa686770bb7f808e35c,"[""1LZPFrxb95fvJff8i5ZeL8hwzu6fW2JxLm"", ""3THPXypo9FesZ6rrHmGu9SwDTM24WEzN2v"", ""1E85q6mqt3Lm8NAqmoASQgESHkTXJoUqNw""]","[""bc1qjstqrd7r7yfwx00wk2ferm549l899378v95dqnx"", ""1E85q6mqt3Lm8NAqmoASQgESHkTXJoUqNw""]","[0.57046982, 0.57046982, 0.57046982]","[0.85381584, 0.85381584]",0.00377778,P2TR
c105a833fa176e69eb02e8dd68843a5810176409f39ad0f09ee7cfd1a471ffbd,"[""1Cpe6bSxRJ6nHV5P825fFFG46BADPCWsPH""]","[""bc1qltqk8kngczk020ct7uve9s5ldqerdmz43t7d2qc""]",[0.2345187],[0.47037841],0.0001,P2PKH
b0d7001bd82d464da472f64342d8aa0c5d4eec633bd22a356563282e9d1ef566,"[""bc1q246x5rsxf2sxnqas2fr6wgzapue4vnk5xkdrsvl""]","[""12qvbxSV4LiipYv8giSg6BmHEmvX3Wr6H9""]",[0.08117234],[0.30782529],0.0001,P2PKH
6e596b40f75322de7908bef74859bafa0ccec06396620ac0b44ac9525b68ab3e,"[""bc1qhmys6qdyzlfxk32pw9t385ag6mjfnvg34zyhggr""]","[""bc1qcflwt6wlc8ejtk59yxxptg32kfgml4r7ealmym8"", ""bc1q9f96nm70xv35d0kw9je8p8fcjc0sjg3l3ccwxdh"", ""bc1qydwkgru59mmctdnuaxtalxtxj2aasqg55vlkgpj""]",[3.93748714],"[1.30869019, 1.30869019, 1.30869019]",0.01141657,P2WSH
9b2b9ff8835b5862b8d671f54c995fb9ef81810abc0dd4817eb0c4f117c4de99,"[""3Mz7c7aR2DKrnEVZCiCsqCxX2hQSXQuGRU""]","[""bc1qgv0zp8wt9wvrtfsrcgzw3kkkuz3rfamuzs9hq22""]",[1.29812586],[0.8202593],0.0001,P2PKH
2c632e955504df79a7e269a299236c676a6934d94b695df6f8af41756a4236ff,"[""19tXF72WPvJVBErGcSf8929kEWhCUH6bNG""]","[""bc1q55alxk9vdgzt7rkdaw4rkxmef0ymnlf4ddyfgna"", ""19tXF72WPvJVBErGcSf8929kEWhCUH6bNG""]",[2.18201933],"[1.08714745, 1.08714745]",0.00772442,P2PKH
c12b7b824be71908bb8ce149655055b009639592d64f9f2bb729dda3740d7af3,"[""bc1qc7q6gjf7pmvqvw8v434pcaac26gcxqhnmeace37"", ""bc1q58fn0rzg30hta8k7cf5sgkspukngxyl8hxt6ylk""]","[""3rgAgALTxfR2ytAm1MU1sU32gHEWkm6oLV"", ""3zFVN1Mitmrub7gj2yrf9VFjyMkCxexsgu"", ""bc1q58fn0rzg30hta8k7cf5sgkspukngxyl8hxt6ylk""]","[1.17484521, 1.17484521]","[0.7819708, 0.7819708, 0.7819708]",0.00377801,P2WPKH
c2160b53f5abaa1b2a48aa4342c301c2888d8a1e97adcf947141438fdf636c80,"[""3uqYDazTQQpXym11gk1kbzSpVnXWjvhSoa""]","[""13oohatWGG9hSiYswBQ4UHspPSRPg6bA6z""]",[0.61574791],[1.00559517],0.0001,P2PKH
14cce006834e971db9cb82395317a3aa4618d57fdad45cc54e437e66adbff93f,"[""1eshRCdwKDfQLkFaQ6j9ZbEctYfRMEw5Pn""]","[""bc1qvj222t0tjkqc9uqd7jpfusedvhvd8wgwpvydad3""]",[0.01643728],[0.01634436],9.292e-05,P2WPKH
2908361aa289f30718ddda5cdda4053f25bd5f21560f98e5b3d5dfca7b517d50,"[""bc1qgncm6ak5c3nc7f9499svd3yjg2kyy2pan40jte2""]","[""1tKJQpU3eHs3fGoSQSxLBhNoG5RRzBJ6LJ"", ""1XMxYnW2s3PNkM4Ef7ak8MLeqgyUB8iw3C""]",[0.14256354],"[0.07093963, 0.07093963]",0.00068428,P2TR
c0183a57ab5c493e9e06eb69482457b3c2686124e90fdf568164cbeb46e4c4c3,"[""bc1q3e7s8yapvzhnftmncn6cwu9a5fgggq069k3dktt""]","[""bc1qjcntpufwpa480c7uhakpk4wup58kd4rr4q0nehv""]",[0.27551264],[0.48661715],0.0001,P2PKH
b5b313c4a992b062866d26f3e8b29017371c716284c2841e275c776ec5c64013,"[""bc1q02njv58jl8nufhcnptfyxpan7h2g5csl5fqm283""]","[""bc1qgncm6ak5c3nc7f9499svd3yjg2kyy2pan40jte2"", ""1po2Prmvb9jFTTNc58U9B1WjVvwyNVebQ3""]",[0.41875585],"[0.20881828, 0.20881828]",0.00111928,P2PKH
ea17dfc06f6abc0986320ef397160241e767caa2257ce51d8f320dde027113cb,"[""bc1q55alxk9vdgzt7rkdaw4rkxmef0ymnlf4ddyfgna""]","[""bc1qrckxnklxyz9kle7l4k3ff9kk9t8le80tjwlyuzv"", ""bc1qk9wwhand5ep4vsh9qm4wy85t7pywtwzyt2g7q9s""]",[4.30401011],"[2.14313876, 2.14313876]",0.01773259,P2SH
8fd72933c95f2d75d5d37ceb9731f9a13836ecd0610e2b80c8e6789fc3786250,"[""1mgVaGRTdt6WHwNxK1mjjTfM4XDRDGqLaZ"", ""3ntm3dq1vATzRzutJss6M5fe4djkR66D5b"", ""bc1q4qk6ldyzvhr2uyccylysq5wh5yd4mzrcjv72ygz""]","[""1cBXbg9fJpM7vfwpi51w9fKPinU4axH6zB"", ""3ntm3dq1vATzRzutJss6M5fe4djkR66D5b""]","[0.78681213, 0.78681213, 0.78681213]","[1.17514849, 1.17514849]",0.01013941,P2WPKH
90d7d4a2ccff29ef25cd2288228d6825723ac489c63ef509d4e6abd911b8d4b5,"[""1Cpe6bSxRJ6nHV5P825fFFG46BADPCWsPH""]","[""314hVU8sQhyq8G92Qb4miGqyug9Fw7TpPu""]",[0.13672608],[0.48040079],0.0001,P2PKH
fb9cf08c758f1f216061ba5ec905bf5a2a437509269501374f892bfaaa2dd8d3,"[""1PWQCsctHRd6MGpivdvPjWtcWXjfPo68xp""]","[""bc1qxzr8a6fk3ee3x5lwh8r8xpgg962qmuq28t5syxg""]",[0.75118877],[0.70042249],0.0001,P2PKH
79e2cb540872fcd35190f79cb270850ebcaacc93986f56897959fd8c264e6c95,"[""bc1q246x5rsxf2sxnqas2fr6wgzapue4vnk5xkdrsvl""]","[""bc1q74hqn0xwslrjrf4n0dm5credkr0vu437d83u4qh""]",[0.20429101],[0.39020905],0.0001,P2PKH
494149c77f1aa8d7f6645590ba8734781f887a2d9903aca79f7ff9bc91a8f1e5,"[""bc1qdprt7k8u9q42fgndg02r44cytehjn8gjzr5np7u""]","[""3E1AznMPaXj46HqvMxHcCvaGQ75Jwoxspa"", ""1PkuACUfGRYoiKmtWvqP772AWmEgLyjSHV""]",[0.20018239],"[0.09965553, 0.09965553]",0.00087133,P2WSH
e5a78398b2d159c5281c9917b1ee0e9751c92c86edd890f31c1d8e902a0b20e1,"[""bc1qgzdh32kc59w5qxfjr8kc5ynd7wmy9j2fztvv6jq"", ""3JxNp8srPuPyF6pEDtvdtmQ2spwUQqispp"", ""3qjokwD7DGQs4Xh7YUFHn9UNJeu3jo4vfF""]","[""bc1qvt5jsphjfvry3gdn7242gcw8l2wnqk5q0u4dukc"", ""bc1qzu53u6wrlvnv6elrtxqhc4kx65e8l7p0knql5rg""]","[0.65044248, 0.65044248, 0.65044248]","[0.9750706, 0.9750706]",0.00118624,P2SH
b3be5ed7617376a160fe18f475d48b0169b39c278585aac289dc7ed621d56365,"[""1XGy1pgou769CXpGQNQZzEgrerm6NZ41AV""]","[""1mPuJbRZ4x6mdG5EZAQgU2HHr5EGnboC7E"", ""1XGy1pgou769CXpGQNQZzEgrerm6NZ41AV""]",[1.45010005],"[0.72283937, 0.72283937]",0.0044213,P2PKH
69a2dc3457c2b0b4b5ec1a12476fba802036faf6155e0f4129c8bea65ae0221f,"[""1EqD1SX7sAmUvNLt4vHqUGNhJEMBSJogxX""]","[""3HUhZhUVFi2iMXtgvXLwkUnbQwSDN4HtU7""]",[0.10601203],[0.19506141],0.0001,P2PKH
af25c1315c3f83bd569a34fed66dee44d0513b0fc6dbb3933be79492cc734a67,"[""bc1qr23xx37rxt9v2vwz65tzxfnlr3lm97nlk4lk25u"", ""1SBitXS3dXff6hSb3NCFuC121pg4x6qfi3"", ""3TFWT5hkPkrQ17vKkV4YFx9pqA26JYP5mg""]","[""3daiPbJWRn7esYsRtRpQjKKFxgU65SkN84"", ""3gifqdueJSaj6JkB8YyXuqFpUokL7x9yrj""]","[0.53588084, 0.53588084, 0.53588084]","[0.80195609, 0.80195609]",0.00373033,P2SH
385dd0a2ec603dbded0121694aab429a21c3195f727592a889d404140ca69f3d,"[""bc1qlzynqnwm5a9m45fvvzntpvmfylv0fku2aye4ye7""]","[""bc1qzjaqyv08vjppm9lf9mewl8c6342drd72cjngyez""]",[0.28246003],[0.82876078],0.0001,P2PKH
f47cad8a8ea108829938fc251c0363ea41c615aefd0958654f857fab5ea84902,"[""3Ht3cFJQY4H8CtXdooznMYVuWPBKDtn4zX""]","[""bc1qvrs46t5nfrzl5mgkufycueen44h5lgdvpkjxh83"", ""3Qs9zLztz9sB5LzK4TDmaAnn8SRRU1Xjxt"", ""3G5CnaAAUQYxDJG7Agph3qL6FMWgGz2QTk""]",[3.27466494],"[1.09003116, 1.09003116, 1.09003116]",0.00457147,P2TR
74da3f6812134b709af20116659867bc0357e0a55dbf2605d471229a47e7726c,"[""bc1qgncm6ak5c3nc7f9499svd3yjg2kyy2pan40jte2""]","[""3G5CnaAAUQYxDJG7Agph3qL6FMWgGz2QTk""]",[2.03813771],[2.03047386],0.00766385,P2TR
02afac7984dc187658b306813a396ae589b534eac3bfbe9d12a11310cef79587,"[""bc1qcqu73eq6qx7jhs6frkmwdgmlhrtzeh2sg5sck2a""]","[""1A8FofBrxV2r5bsuQNf6wj97jwXqxwFtE8"", ""3MQZi7uubcz3jMTQTqHU8Bmvw5tbNePSWb""]",[3.54384898],"[1.76555474, 1.76555474]",0.01273949,P2WPKH
d6eacc8d018fdea49b55621310d4a5b74dfbf504dd73a2564a8b91f8c9d0b377,"[""1zhro6Gro6B2MVDr9hhDgDzQGBZ8EAPoxN""]","[""bc1qlgjpuxwd8dthrmn25gvgq98mzfvtuye6rv0yxje""]",[0.44462709],[0.44452358],0.00010351,P2WSH
12b3bfef17c7a5a8c30330c9306274ca47e37174a3de3c11ae29c4145aaacc07,"[""3dygry6hxAYMGPy3pZM1MkjoKqGicfFfv3""]","[""1iKKYzzFvi95YgbPAwjENpZgHykfX1PAh6"", ""3HSbsiLRCwcUG2uumqVWxZz3AyibcYihtH""]",[36.93380203],"[0.17626918, 36.75725978]",0.00027307,P2PKH
6d3648d7a18e731ecbc82cbe96976250868faf9d337d608b3ed4433a395d1cda,"[""1YGCHqL2q7i3NxDxXpSobdxnz6hZRtx5ut""]","[""bc1qhvxh03zp0s8ne6ghh7z4zn5n448cvma2kgjcjzn""]",[0.40320508],[0.8998066],0.0001,P2PKH
c80f1fcae22bfa6edc2dc8bcd76af391fdbc7475cc7b6385d0a2a23aafb7c85c,"[""3cq4p7bc4CLqjQ8gYKxD3B4GkANAFa8ndN"", ""39vTP8idyC8h48rTALtcnecAyr6rVzbqHj"", ""1V4YJXqTz34n37ofTgs9av39eUv3h8A3Jo""]","[""1bbE22na1T8y3XXL1UqRJKM5mV3JzVeuqw""]","[1.28483942, 1.28483942, 1.28483942]",[3.84577159],0.00874667,P2TR
999764539ffdbdd6e92e3a8bbbf48ffc49b723e3b5086a3e5a20ea99a1fc3d7e,"[""1FMD6P2VTFZqFjWATsq1KG6vkfvEWeqzYk""]","[""1FCT8c6LupLzto2vuwQo3ZBwB1nrtGxQyy""]",[0.03041244],[0.29399019],0.0001,P2PKH
dfacc766f91292a11f9fe65f2ba1f4d87111fd356132b08b95bb88e901025176,"[""3UZRkpcSR3LTEg9VdXHSuU98uqXJ3537R6"", ""bc1qql572hh7jxp52pz7vv97mzm9cfc5r0def4y46s0"", ""bc1q4kvfyqrqlmx55d5exfw0q9yk70mjxj6pq5klmhn""]","[""bc1q6l0d2r9d04vcpzgrcm6qmwpsn0wpgyfu0q5ekfq"", ""3p5AJkaH8ghwWV53SKF6xqaxzfG3kUevBa"", ""3UZRkpcSR3LTEg9VdXHSuU98uqXJ3537R6""]","[1.19078836, 1.19078836, 1.19078836]","[1.19061252, 1.19061252, 1.19061252]",0.00052753,P2PKH
71a6bc3bc5cb1e0ed4b8e20a19a3ac868b673fa26e7079c744ae79175e415a26,"[""1gTuNet29Y2cUBZd5AkXryMFzham8Dpput""]","[""3hMETsSfKB9cMbhXXZnMWBTAcxDjhtdAu2""]",[0.81742163],[0.25025171],0.0001,P2PKH
0bc006da54f0d809574e8edb1e05b43839f73719daaf0ca757044bf7d50cf238,"[""1BDpjmspWAKW8rt2CqqFTvhGpWd82NbBsb"", ""bc1qj7rrcemuug5j09vn4vvukp0gt2ef6m4l8fhc2hn"", ""3LqGq623rnDDECeWsygU8BoDcwiiGtrTDJ""]","[""3uYxSFnGVEBsfEeBWSKZExzy1rrY3E7W75"", ""bc1qj7rrcemuug5j09vn4vvukp0gt2ef6m4l8fhc2hn""]","[0.78389734, 0.78389734, 0.78389734]","[1.17260084, 1.17260084]",0.00649034,P2WSH
ed542fbcf042610b69e560f0ca0558d0261d537497ae2d4bc931d1a7b2e0a562,"[""1kwruxrz2vhb5xDp5CaA8ZwmGfwpUgwUNZ""]","[""1hBobApse6HauG7715pxhQaB8rQ9uqp2Tt""]",[0.16062534],[0.62308703],0.0001,P2PKH
976a250a2041ea43617042a17b6a15a80b0efa562dd720ebb9193239b7ec017e,"[""3s34dvzkS6dsShu3oJN9XZnA5scEu9TFF1""]","[""bc1qu4lyyemukanwd6v8dq0hkgajpp0tj7zhsmcgssn"", ""1Ukx5doK4LnUWUjRxoH3vkjZ4UA3zodH5W""]",[1.53850166],"[0.76892504, 0.76892504]",0.00065158,P2TR
c20501db3230507f5d302023c7786eb3066243148be78b9bf02f23c4c04014ec,"[""bc1qgncm6ak5c3nc7f9499svd3yjg2kyy2pan40jte2""]","[""3wN1gfPXg7PhyktANCCqQERVmmbkowMfxz"", ""bc1qgncm6ak5c3nc7f9499svd3yjg2kyy2pan40jte2""]",[2.30344711],"[1.14905579, 1.14905579]",0.00533554,P2WSH
93fe53f2e0507caee0f3c6da0da1c379ffc55f4d202b462cd67f2a56363a2440,"[""bc1qnzdaalmuhfxysjmsyef43m9wr48xc4zdk9auc8g"", ""3xffvdVoLDav4LukjenySEGH7LbBwa8KPj"", ""bc1q7peykma8hacmhf6a9qvd0tvzhfak3r2empaf5jw""]","[""11jyLhUHwya9ZuSgju9YJQqS64eaDwH2YS"", ""3RZik8BPZ3pqJZT21GxqUetRVgF7Hz4kaZ"", ""34YryKNgoXbDPYT9wqVTb9fohbJz8zhUqV""]","[0.56134085, 0.56134085, 0.56134085]","[0.558801, 0.558801, 0.558801]",0.00761953,P2SH
26b0e7191e515de880f3668f04d74c9b684294bc3075861a3243035f3da97d20,"[""11jyLhUHwya9ZuSgju9YJQqS64eaDwH2YS""]","[""3mVijTjM9YBtzxXq5p318d49DT4dwuf1XQ"", ""1XGy1pgou769CXpGQNQZzEgrerm6NZ41AV"", ""3RZik8BPZ3pqJZT21GxqUetRVgF7Hz4kaZ""]",[0.24687186],"[0.0818948, 0.0818948, 0.0818948]",0.00118747,P2TR
52ded671b15d785ece0fe46b2d40a1f82c5be27169f75cd35af264f10525e209,"[""bc1qves7vvcaj4ym9kdfcw5ryxngwm3qu8j0dzn83n3""]","[""1mgVaGRTdt6WHwNxK1mjjTfM4XDRDGqLaZ"", ""bc1q4qk6ldyzvhr2uyccylysq5wh5yd4mzrcjv72ygz"", ""bc1qpvc7xwucf9fakuw5zs9ju3v2qwuuuz25k9hzk5z""]",[3.09915495],"[1.02792441, 1.02792441, 1.02792441]",0.01538173,P2TR
c0cb5fda825be340b610e3593628c4fbf832694007e79e081f7c57a4da42f216,"[""1Cpe6bSxRJ6nHV5P825fFFG46BADPCWsPH""]","[""3t5JSMcNQzFkWvfDw12MqMLnEUUo2CNgUb""]",[0.08883526],[0.21368488],0.0001,P2PKH
d4400ba8360c96cbb620b5116b1b90adff96dcfe1f3f43c0d9bc6222e76e51e4,"[""3RZik8BPZ3pqJZT21GxqUetRVgF7Hz4kaZ""]","[""bc1qhtr8znnnl25ew83v9jvcf8zgveyvtz7wcrzd3sr""]",[1.75052668],[1.7470879],0.00343878,P2PKH
f6026f73856d2e79c0d21dbbc3a394fe6142fdc87dccf237025cf5d8a2ff0489,"[""19kREoQQTroM291ow5KyA4mfeu4difXJQg""]","[""bc1q9f96nm70xv35d0kw9je8p8fcjc0sjg3l3ccwxdh"", ""bc1qcflwt6wlc8ejtk59yxxptg32kfgml4r7ealmym8""]",[1.27800641],"[0.63697642, 0.63697642]",0.00405358,P2WSH
cd0ae8edfb4780b9ab8a159610c45d31e4eea3f8f4ef511b143aaa4c43208b2d,"[""3DzW637dnR4PzXyr1igYGe7STxsGWBusJe""]","[""bc1qnnckm4fsshfpu70r0nsllaymjt4c7cqzgppes5s"", ""3DzW637dnR4PzXyr1igYGe7STxsGWBusJe""]",[4.52943513],"[2.25555392, 2.25555392]",0.0183273,P2WPKH
501fe68c5444a272ff93179731bca1e4b7ee4e18a6e3d42f1eac2bfef3df7217,"[""bc1q55alxk9vdgzt7rkdaw4rkxmef0ymnlf4ddyfgna""]","[""bc1qc7q6gjf7pmvqvw8v434pcaac26gcxqhnmeace37""]",[1.68926708],[1.68301074],0.00625634,P2TR
81dd97053cc3d2d041ed5ad5213bb0be5cb70169a803f401a947d0ab656472f3,"[""3QTWVrmXu8Tee4fyHP3hzCiaNJkaYsG2gW""]","[""1zhro6Gro6B2MVDr9hhDgDzQGBZ8EAPoxN""]",[0.44579701],[0.44565348],0.00014353,P2SH
4d522e89e5db656a89fa5a4433cd0a0bd61a05efaa37425f1331dbd4d3d23019,"[""1PWQCsctHRd6MGpivdvPjWtcWXjfPo68xp""]","[""bc1q5edgjawp8mtjmwdmjfdwd7ckzrxtvg24nrdjmms""]",[0.41953314],[0.77682231],0.0001,P2PKH
9977b0e0187dedf07c021238c00fa0914bcb7c42f3028cc23f7c6697fe5ee278,"[""bc1qce8qqd8e6kq3k70pgm40nqful57h6p0y5j9wgrx""]","[""1dzbVhJmEmybJgXxvhjs4zuw8dmiuUnnoD""]",[0.79619833],[0.19249704],0.0001,P2PKH
16621bb8837518edec7bf293fb2d52d168adbaf4543aad2b4cfeb9cc35e7b333,"[""1hSe33qLJxZ8d2sagvPcJFSMhtpwvEfDDH""]","[""bc1qspu5s9q9zvxp44xsrey0w8uywhwdnaemjmc3wkc""]",[0.62521285],[0.23594373],0.0001,P2PKH
d143f440de8722c5b0c217f381c183c652aeb9e2bdd1b49f655a5a7662d72578,"[""1zhro6Gro6B2MVDr9hhDgDzQGBZ8EAPoxN""]","[""3dKJLT4ee1spfFo5wBk12B4xSLewu2KqAj""]",[0.44458796],[0.44452358],6.438e-05,P2WSH
29e81f3d6c43815234505235cbc20adfa5c84a0a10c792480266a2d56cca6cc2,"[""1FMD6P2VTFZqFjWATsq1KG6vkfvEWeqzYk""]","[""3S8WVWWjPRyydECf4et9btzosZ1HqHku5a""]",[0.01755766],[0.25938047],0.0001,P2PKH
1cd745f865cd008804b3169ae83d0113cbe578e65979ed86c580b333c66055a0,"[""1XMxYnW2s3PNkM4Ef7ak8MLeqgyUB8iw3C"", ""1tKJQpU3eHs3fGoSQSxLBhNoG5RRzBJ6LJ""]","[""1DNysWnBHAJse9skEtB2fTGv5S9WW4G6ej"", ""1tKJQpU3eHs3fGoSQSxLBhNoG5RRzBJ6LJ""]","[2.22298118, 2.22298118]","[2.21388815, 2.21388815]",0.01818605,P2WPKH
9b00e07cb3b636ad6877ed3092ebb859cff9a283e5c41f4b653ae90fa1a8ff69,"[""3mVijTjM9YBtzxXq5p318d49DT4dwuf1XQ"", ""1XGy1pgou769CXpGQNQZzEgrerm6NZ41AV""]","[""bc1q9f96nm70xv35d0kw9je8p8fcjc0sjg3l3ccwxdh""]","[2.40916191, 2.40916191]",[4.80620249],0.01212134,P2WSH
552e66718a5979411c3c6cea721bd0bf9f7f4e0ed333506fb6d124e646c78eff,"[""1gPpW4X3LJdP1JoDQSTjaftRB7LzEaghyY""]","[""3jkNDR1kuy7YTLwp7zEq3FcSF6QQQ3DQuy""]",[0.34635506],[0.03194895],0.0001,P2PKH
4f3249ffcd694732715d3c36c1789f063efccbaa1e9881b5453f57de06909230,"[""1EqD1SX7sAmUvNLt4vHqUGNhJEMBSJogxX""]","[""1hHTR8KZy2pSdFYv6k14j3SQ9mz3Ry3mcA""]",[0.47001169],[0.76652586],0.0001,P2PKH
b977654b1ab024990157673d614ebfcdd4136bb0804ece1dcb88c49b9bf38147,"[""3tZBg9ZNL27m3ev2ixgB4aDJ2SUA7B5egk""]","[""1bdqjAvnc7rEUAv34ZtWeSHT4HZVYtntw4""]",[0.4676798],[0.40168091],0.0001,P2PKH
ecf91fb9f6de2eae2a25254be0d1e0a8f41f8bec473975add5a8f252a676fa0f,"[""1DNysWnBHAJse9skEtB2fTGv5S9WW4G6ej""]","[""bc1qshef3jvkp605w2t3agqrm7xj59ct40huvf5y9e2"", ""3ZmkxTTb274dzgEKxW1qF6gp5wUMtGwguV""]",[2.95212483],"[1.47017493, 1.47017493]",0.01177496,P2PKH
6dd054e1259fa1f73128e3fe447e1a57f2e9fe0de47ed29a2ca1ad7c0e70bcd1,"[""bc1qdzdjlm6y5gqjvy4ur0x4cxt584kj85ss77wjyad""]","[""16hzpEpu77sG2MWKXK8H9PLHQTFTxD5TaY""]",[0.65366525],[0.46171382],0.0001,P2PKH
7cb58fb799a39e2c00cb13b938603b872aca3df3fdd32687cc884b23abb41f7a,"[""17HhVsXdJyY8MSeH4sEweQLeKbhqSJ8nAG"", ""3NHr9HxcAYBBiuoA7zaSNCify9TyX82wmw""]","[""bc1q7peykma8hacmhf6a9qvd0tvzhfak3r2empaf5jw"", ""bc1qnzdaalmuhfxysjmsyef43m9wr48xc4zdk9auc8g"", ""17HhVsXdJyY8MSeH4sEweQLeKbhqSJ8nAG""]","[0.31661966, 0.31661966]","[0.21087551, 0.21087551, 0.21087551]",0.00061279,P2WPKH
5f10d1fa883ad663060d5526f93ba35287d079852066945a183da933dbd95353,"[""bc1q034j4jzyzgj8sex4lk3g3w757p7dlg4wtcu8gdw"", ""342du2Za6me8ZSrWn9YAFxxZ3pxdeA4vGF""]","[""166o84nDCQgw5av5zCeo6ro8w3vSjVPRMu"", ""bc1qvt5jsphjfvry3gdn7242gcw8l2wnqk5q0u4dukc""]","[0.56116282, 0.56116282]","[0.56034142, 0.56034142]",0.0016428,P2PKH
d60edfb37584b70ca509fb7c79ecfb65286329684c23b1f4d0873879e7d0bd3c,"[""1eshRCdwKDfQLkFaQ6j9ZbEctYfRMEw5Pn""]","[""bc1q5fx6gmz49dakjzdlq43x8rrv9ejrc8nhpcx8lxa""]",[0.02218832],[0.02212458],6.374e-05,P2WPKH
85c2ff7dabb6f7a94a133425accbba5b47b006798463b45ecce6167646c8dabc,"[""bc1qdzdjlm6y5gqjvy4ur0x4cxt584kj85ss77wjyad""]","[""bc1qnkxxaza852xj2h3n4lwhw7hedqgv6e8wlehzm0f""]",[0.95055957],[0.2050055],0.0001,P2PKH
544f441e59c677d33d5f6d697cd98ab2aa69e679b05339025b5f0085048bf1dd,"[""1TvG2fyHvLN5ZE58118s8iAUegLMowywSw""]","[""bc1q4aju3qe44exp33xlf0wnplsfvlvf3d4q75xd94t""]",[0.73148876],[0.53408374],0.0001,P2PKH
8f69155b854ef82ee43b528dc7556c0ff41944bf95ec1477857eec126f9a5d2e,"[""3rgAgALTxfR2ytAm1MU1sU32gHEWkm6oLV"", ""3zFVN1Mitmrub7gj2yrf9VFjyMkCxexsgu""]","[""bc1qdprt7k8u9q42fgndg02r44cytehjn8gjzr5np7u"", ""31TJ7MiQ1RCXuQu1mFUNNtYGzfS9k1ti7H"", ""3zsBuMLbwHCahq8oZnM71v9gXHZAV4JTDp""]","[1.44670069, 1.44670069]","[0.95964929, 0.95964929, 0.95964929]",0.01445351,P2WSH
bed96f36d38ff0bcf56115a005f945174ce0e660b539689a4cf02485b433e1ac,"[""18etd1TSboeNwgURfYtePNhJjh6VhnTfS2""]","[""3PmYSmJXGwsbdnQe8NAVVg34NwxCi99BC9""]",[0.82952571],[0.39637554],0.0001,P2PKH
490562f37e7e2df65bff278628be934de798a7809e9a5b85f99c45660333d7cf,"[""3Ht3cFJQY4H8CtXdooznMYVuWPBKDtn4zX"", ""3G5CnaAAUQYxDJG7Agph3qL6FMWgGz2QTk""]","[""1mgVaGRTdt6WHwNxK1mjjTfM4XDRDGqLaZ"", ""3ntm3dq1vATzRzutJss6M5fe4djkR66D5b""]","[0.25396204, 0.25396204]","[0.25286338, 0.25286338]",0.00219732,P2PKH
3ec7843705b4c08cab73a40e2811a3061bf565a1b2c5b980a39e1b89009509fc,"[""3E1AznMPaXj46HqvMxHcCvaGQ75Jwoxspa""]","[""3p5AJkaH8ghwWV53SKF6xqaxzfG3kUevBa"", ""bc1q6l0d2r9d04vcpzgrcm6qmwpsn0wpgyfu0q5ekfq""]",[2.85180972],"[1.42374322, 1.42374322]",0.00432329,P2TR
6cc2e6827ab4f7955d3234f799b028c7fcde2dfa7ab4ce91ee925dc988503546,"[""1YGCHqL2q7i3NxDxXpSobdxnz6hZRtx5ut""]","[""31faDh7yPaUG24SYY5V58c4Ghe4bokUfuL""]",[0.64003091],[0.23962468],0.0001,P2PKH
52310061e4b0fe42dd736757a73a563c4942783dc371b5aad53dea5fa19f02ae,"[""1FMD6P2VTFZqFjWATsq1KG6vkfvEWeqzYk""]","[""bc1qxmjfcj3kppx36mxyn6f9kujh8cpja9syuflfvxz""]",[0.44250038],[0.18461565],0.0001,P2PKH
d04cbd19acd92ac8c91bfab6a6218218d12a9f8106e5f7db324fa6ebe44aaf6f,"[""1YGCHqL2q7i3NxDxXpSobdxnz6hZRtx5ut""]","[""bc1qngg7hazdm22g0gw9ysswv6eaz3js20m3ly9n5qp""]",[0.630275],[0.38772022],0.0001,P2PKH
1b905a814c334377b48132152e4b0a3572b9813bf34bc4d218eabe982cb67fc7,"[""3VoBdKGuEetCniXDRkBpL391SAFtdxhPsf""]","[""12rsDG5EgkBTA9st67SZjAxkAPg6kQW7Sv""]",[0.79671884],[0.74455062],0.0001,P2PKH
566b91e17b01c3677aadda3fa80b04f27fadeca93513e1632f10059b3139c0ca,"[""3xHKfzJzWk3ZvqZVdEW8NP1omFDf2aHKcc""]","[""3vnsZkqpocjrNfbtjQZnHyD56kW7rrdKxL""]",[0.05210269],[0.35489698],0.0001,P2PKH
ca50718ff7a2bbbb62a75e2e02bb6ebbff3f33da5092de222ad03fda94de8d74,"[""35zMoh7DzCvoFUrLak3gqFgbkNnWLRysgv""]","[""3m3DK9wkDJHdFWbkiEYg9DSRUquTD8SHMT""]",[0.21972374],[0.340849],0.0001,P2PKH
d1c78041b5760c9b590f9107ef2c900b2df953f582cd4da7883c5f0645d66088,"[""3GW8kwTa1LEkaiwfqEJfpa9Nj7WCnT9RQ6""]","[""1hv5YLjzCi3CYFsruytTiu4RwW2bh83Zoh"", ""bc1q603szws3vnxqjjqasshgmfgr83f57gympllxr55"", ""3GW8kwTa1LEkaiwfqEJfpa9Nj7WCnT9RQ6""]",[2.76307153],"[0.91862114, 0.91862114, 0.91862114]",0.00720811,P2TR
6b6a725d6a54fcb38a35efa739da1dc08f8a9bab1b8d332fca4c6a9f3a53ac39,"[""1po2Prmvb9jFTTNc58U9B1WjVvwyNVebQ3""]","[""18Hqh9hT15FqYjX7HJ3RoT7ub1WF9RcERf"", ""bc1q02njv58jl8nufhcnptfyxpan7h2g5csl5fqm283""]",[0.76949162],"[0.38324686, 0.38324686]",0.0029979,P2TR
e21088a38a8846aea8631f6b9b132952dc9ae48b5381c9a6170af5590aa14c45,"[""39TYP7htyunjievzbqwRV67Z3eYuf8feEg""]","[""1MvmEXba55RaB5CFiiMpzz1U1ZvuZfcnQn""]",[0.46150793],[0.50952309],0.0001,P2PKH
3ae9d132fb52f769b003d1ce3f1780fbb713ce1d34dc6aee4228efba3aa2454f,"[""bc1qax9tms0hydyrf4n3kkl6muk5jv37ttzypxdsvgr""]","[""3sDUf8DYXaceo3WEG7FLWvo5jTjHYu2xaQ""]",[0.31858144],[0.68056243],0.0001,P2PKH
cd0c4fa7311a53cf0932cb5c4bd98903188733b1abf1717b035ed7733b1c316a,"[""1hSe33qLJxZ8d2sagvPcJFSMhtpwvEfDDH""]","[""3MGY4pqajGRQzqFqMeN1qLFV3sVT2aj7n6""]",[0.8909323],[0.81423998],0.0001,P2PKH
1bd65fdbda2057c2c461a77542164ca01e24a00e19f8a3fb66df4a64b6479def,"[""1eshRCdwKDfQLkFaQ6j9ZbEctYfRMEw5Pn""]","[""1UQcerJJmVuKs1HBkuBJ125iJiLwQ7YKHx""]",[0.04660888],[0.04655199],5.689e-05,P2WPKH
6817390cb83e8bc25cabeffcc0215dddbb1ed3b611c773850e88da6dda614e92,"[""3aqk8evHEmqz7PwjFavDcLdiZ4phaRWKWD""]","[""bc1q0dl3vslxfp6kpw4e6wvu4m2q503v9xksf8xjny3""]",[1.39602402],[0.18211428],0.0001,P2PKH
a5c2c103f790a4a1383da990e54740322279878c0e17e585fd39b557edb0b12b,"[""bc1qxxfu3lrxsktjw79tvx8rlrryck3p2rfnflw3fmx""]","[""bc1qlpvshaum8pqj3g5urn5wd9h0wsj4amkwuhvd75t"", ""bc1q4kvfyqrqlmx55d5exfw0q9yk70mjxj6pq5klmhn""]",[3.7773954],"[1.88705321, 1.88705321]",0.00328897,P2TR
6160c5432b8fa777224c3c8b4ec75e5ce5abe072d2cea9164e7d2d9e329304db,"[""bc1qk6hknw20duukn9820j4n36vd0hrtxg4rqgmjl2e""]","[""3c48xeRZrtZmsaZXapdzj5REMV3iPszBMZ""]",[0.08779533],[0.25793526],0.0001,P2PKH
7e2a5b138d924ffd0679fbc5e34e6cf2eb9760f6d720a365d2d256d94b6b3d18,"[""bc1q0584kezl0vsak3etu35zc4t5pl4vc7dqgssjjwv""]","[""bc1q6l0d2r9d04vcpzgrcm6qmwpsn0wpgyfu0q5ekfq"", ""3p5AJkaH8ghwWV53SKF6xqaxzfG3kUevBa""]",[2.0899331],"[1.04091499, 1.04091499]",0.00810312,P2WPKH
eba43458d0a8ae4f1612d8a2f75b836c80a09f2d7e4217d35846b927dd223ca2,"[""1gPpW4X3LJdP1JoDQSTjaftRB7LzEaghyY""]","[""3xEgZ2hygitbmcYFeVDtHVXiFJPhoJzM9j""]",[0.57522454],[0.93208176],0.0001,P2PKH
4fafaebcab2309fc081789838e1c76d0a8a16bdb30dac81771b45d936e54c9e9,"[""1PWQCsctHRd6MGpivdvPjWtcWXjfPo68xp""]","[""bc1qlq8kkqlrne7dm7hgd7wlk3zhglp2p7tzutk20lq""]",[0.80835748],[0.14365291],0.0001,P2PKH
35a2978a7bf50aa15002ed930a00fb6b54c1b4e645af36b695d21b821cad94b2,"[""19tXF72WPvJVBErGcSf8929kEWhCUH6bNG""]","[""1rxMoTuenPwnWGfJuug1u22nqXjKAaRZPc"", ""19tXF72WPvJVBErGcSf8929kEWhCUH6bNG""]",[1.45782373],"[0.72582598, 0.72582598]",0.00617176,P2WPKH
6e9e8ce7db4b4a8fdbc5def7c10cf647550d02095702869be04949684e5ddfc2,"[""1SBitXS3dXff6hSb3NCFuC121pg4x6qfi3"", ""bc1qr23xx37rxt9v2vwz65tzxfnlr3lm97nlk4lk25u"", ""3TFWT5hkPkrQ17vKkV4YFx9pqA26JYP5mg""]","[""3Dn5dXCnMxe96FB9m5xdTZagtezKyKSUdo"", ""1SBitXS3dXff6hSb3NCFuC121pg4x6qfi3""]","[1.39916679, 1.39916679, 1.39916679]","[2.08863171, 2.08863171]",0.02023695,P2WPKH
2979a7676384759b60051526dfdf3e461227b2f3d9d890d3c1b34f76dc490a89,"[""bc1q4n0af7k453qt08gdjfaek73cuhe72sj4vtl3wef""]","[""bc1q6pft3etn26ae7d3lxtl4kmds3etqlhzscpx0t20""]",[0.3278494],[0.16708882],0.0001,P2PKH
1b1160d9d6d0b7ac1fbc2d2a6ba34b6a35208c040a3a07c6776b451875f82cba,"[""1SfsF3SYkn9zEvaampEszXQGZbjBgZ3LeP""]","[""bc1qyst0n9ypyjs5tj3y0nfls4y863ptl5xzx0kwkmj""]",[4.72678689],[4.70897944],0.01780745,P2SH
e40ad8e40c509351ab29ee170de399f7c05514c9011f5144423d2130fea8f01f,"[""1eshRCdwKDfQLkFaQ6j9ZbEctYfRMEw5Pn""]","[""bc1q4nfday3tdj6rxgtmaat6lmzufrtuku53p7hjchf""]",[0.03266104],[0.03262675],3.429e-05,P2WPKH
d6fc6c5945a75dbf6d6d93410935a3a75c71b0ddbe3dafc453943eb5d0011c9a,"[""bc1qucghe6ukk0rpc6gjgjt6q4m2asdy7gvn8n36jpg""]","[""1yom23ng1HmcVyznJ7SfY1w6txzZQ5Rx9S""]",[0.77189501],[0.30761282],0.0001,P2PKH
3f703f89d4e20f3247579d1633341bd74ec5e7a0fa2f6a3b95df584bf196c11a,"[""1Cpe6bSxRJ6nHV5P825fFFG46BADPCWsPH""]","[""3ZoBpUfPJREmYWU253XKg92gjf1iVJw4GV""]",[0.07736965],[0.4337953],0.0001,P2PKH
d3cfd415fcf572f86fcc8ae53a8949a73264175978915b3a1979603a140c3f1f,"[""bc1qhtr8znnnl25ew83v9jvcf8zgveyvtz7wcrzd3sr""]","[""1EV3XXWvHPkx3wtjRHtKMAHVDAwGc7EH6Z"", ""bc1qcqu73eq6qx7jhs6frkmwdgmlhrtzeh2sg5sck2a""]",[0.98221914],"[0.4910359, 0.4910359]",0.00014735,P2SH
17fc0a83551496bd2a0022e9b26a47fb303c3b565a6de5c677c69cf68a56e62c,"[""1hSe33qLJxZ8d2sagvPcJFSMhtpwvEfDDH""]","[""33R4X2KUcav28cX3zUMsRPw3XR6PvgAHSE""]",[0.98707472],[0.14852519],0.0001,P2PKH
27ccfdeb2119f5edd352d5893f50ef0c7580674c08795af5a11581d22e54a041,"[""169DBucqXXYk7T5pvUKNptbmLi2pDr9E88"", ""bc1q4l6thqgjywktpt57pf5zx5cn922megkt3tyyfcd""]","[""1E85q6mqt3Lm8NAqmoASQgESHkTXJoUqNw"", ""1Rm72VSC2fbUu3J168bbCf29kHaMrncW4p""]","[0.14993578, 0.14993578]","[0.14932447, 0.14932447]",0.00122262,P2PKH
f34f0adaba1021898931c4347009a706622e722b1ea983ddac2a0696b9e62a81,"[""bc1qce8qqd8e6kq3k70pgm40nqful57h6p0y5j9wgrx""]","[""17a192jfVF2JmYSPWUpePjTUWRRQ2CzC4Z""]",[0.57327493],[0.9649862],0.0001,P2PKH
d0450e1114aa01822b26ec990f8feb6b6ee33142c137e6b5425eaa4850ad3499,"[""38ZJ5ZdYNsS9SKwiURRQ2ZxRkcJFW8YZJk"", ""38fTmXq5Gz7bpZhs8aWihWZy8te9diwodC""]","[""bc1q2rt4cmh7ntjx48rmtcjeml6n5qa6g9kf2qmjvy5""]","[1.62745192, 1.62745192]",[3.24005918],0.01484466,P2WPKH
b8f093dc1cac2dda7cf8057cc3a8bd35d74b297491dc5324460e29400bf86a13,"[""1eshRCdwKDfQLkFaQ6j9ZbEctYfRMEw5Pn""]","[""3TEmD9ogHBD5ev9P32qcPuhbS6JA98JQYm""]",[0.04550342],[0.04544828],5.514e-05,P2WPKH
62c894fb6e56d80057d18771a9f1ed85b4f63b4bd9a227221b73d9bb7c63e55c,"[""1gTuNet29Y2cUBZd5AkXryMFzham8Dpput""]","[""bc1qfywj8hv4y8zhdw9l02l88fqv9mdxgpguzvxul9m""]",[0.21966267],[0.179614],0.0001,P2PKH
c680fc2e5a34935bdfefafedcbb7c0269302508d61ab2692c79e1479b2fc1d8e,"[""bc1q4xv7a9hh3r0ftp4l8dqejv8ljkkyc8042lcpty3"", ""18q2frKUyYGSyhBbddZXeJMYoSNGJ1prLU""]","[""3MoDehF4JYm7LPZxqCqvUU38ATstTpv4XZ"", ""bc1qnxqp39rgkh8y02felwe267pcz0x666rc8cwhpwc""]","[1.93150889, 1.93150889]","[1.92691604, 1.92691604]",0.0091857,P2PKH
c6fcb33734063cfeb70f1ad08b12b8877f712d2d3734d2e9a5d39c7815f75e68,"[""bc1q246x5rsxf2sxnqas2fr6wgzapue4vnk5xkdrsvl""]","[""3M6X57yX3sM3iBGhBwZtMT3E19C8j9d4Wq""]",[0.02770317],[0.14486615],0.0001,P2PKH
3bbc26cb8ae1db07734800f55691c40abd91a98d81a7f06d08f420d0c8a4eb4a,"[""3QLJo9btWqYKjZDDigv8iyBYdimZawigtX""]","[""3TqYwRDEk7h9jhR47aUbA99F1qRmU9XxUi"", ""3oX29fCkAHFqhJk2p6sjskZEnoHfvPxyKZ""]",[4.17389723],"[2.08232408, 2.08232408]",0.00924907,P2PKH
d3130675e88fe541085ef688f5bc5115cb84a3c7de7d245bbc375af33a842d8e,"[""bc1qcwrs2q4vrtm9gg729ddctvwjl46he3mxeh0qdyu""]","[""3MoDehF4JYm7LPZxqCqvUU38ATstTpv4XZ"", ""3ZmkxTTb274dzgEKxW1qF6gp5wUMtGwguV""]",[0.3149102],"[0.15690616, 0.15690616]",0.00109787,P2WPKH
9444c3c1c299ae872bb2afac51ab8b0ce3eb004ad183283c3938d8bf6de6d88b,"[""1DNysWnBHAJse9skEtB2fTGv5S9WW4G6ej""]","[""bc1q4jacsy27tnvpm9rra0cleh8u9ucdznrmzcn6a2k"", ""1DNysWnBHAJse9skEtB2fTGv5S9WW4G6ej""]",[4.28601547],"[2.13828825, 2.13828825]",0.00943896,P2WPKH
d91ce507416870cb4fe7ca3f73b83d0a752dac4409c10d0f6a8655f782f01522,"[""3SbvYESFG3pWcWPk4EWabgHoxAvJsMXbB7""]","[""1UEim4PiCQvhzxVFvnLPotgTQpvypTPg4M""]",[0.07643282],[0.73741307],0.0001,P2PKH
be0f79743037eff56b9d04bedb12f1f6675f3853bd490b1fc591530f13bb052a,"[""3Qs9zLztz9sB5LzK4TDmaAnn8SRRU1Xjxt"", ""bc1qr6prwrgkx4qdrsnkdusnfe0nc6ltd93ak08qzrj"", ""bc1qvrs46t5nfrzl5mgkufycueen44h5lgdvpkjxh83""]","[""34mGKPSQuGjLpJQaACdwcLc2io6humZeXN"", ""3XxsqsfVdbYJDxumRSFRBxfMQ8tqsbg2GD"", ""3Qs9zLztz9sB5LzK4TDmaAnn8SRRU1Xjxt""]","[0.7529324, 0.7529324, 0.7529324]","[0.75121333, 0.75121333, 0.75121333]",0.0051572,P2TR
819c34b21faa907e9e271d988ac4fda87e686b08894a468dd2bc7f410374cb4b,"[""3NxFGXgQL6un9oG6yDxn8Xsbo6MaHG63Kk""]","[""1XMxYnW2s3PNkM4Ef7ak8MLeqgyUB8iw3C"", ""18Hqh9hT15FqYjX7HJ3RoT7ub1WF9RcERf""]",[2.74513357],"[1.36854644, 1.36854644]",0.0080407,P2TR
27bff8e2f48d8dff9d43b3685ffd0d406c6e9ceab6e9ca50a5efb56a7c8f2a0e,"[""bc1qnnckm4fsshfpu70r0nsllaymjt4c7cqzgppes5s""]","[""1yuBbBZo88CAZr3yWNYRw1JwXnfSahXzMY"", ""3uDoCeNr6nrNygA4MUw7WLS9iF7QJbBkmz""]",[3.24941058],"[1.61787441, 1.61787441]",0.01366175,P2WSH
6b7024d051853f03ba60058975f617a8feb9543eb6ad6f0531b92101e0c93e4c,"[""3G5CnaAAUQYxDJG7Agph3qL6FMWgGz2QTk"", ""166o84nDCQgw5av5zCeo6ro8w3vSjVPRMu"", ""3Ht3cFJQY4H8CtXdooznMYVuWPBKDtn4zX""]","[""3THPXypo9FesZ6rrHmGu9SwDTM24WEzN2v"", ""1LZPFrxb95fvJff8i5ZeL8hwzu6fW2JxLm"", ""3Ht3cFJQY4H8CtXdooznMYVuWPBKDtn4zX""]","[1.28769396, 1.28769396, 1.28769396]","[1.28587093, 1.28587093, 1.28587093]",0.0054691,P2WSH
1062ddb5680ae88ac679ec5894b5feca9c829c0fa9642b3cc042a458a517fe83,"[""3MoDehF4JYm7LPZxqCqvUU38ATstTpv4XZ"", ""1hc7jdzVgwzHcKXzM8ZXdVBciy12d7rozR"", ""bc1q23x4eutlgql56jvnmck2pd08w7xfrecawq0sxah""]","[""bc1q55alxk9vdgzt7rkdaw4rkxmef0ymnlf4ddyfgna""]","[0.61215906, 0.61215906, 0.61215906]",[1.82882004],0.00765714,P2TR
5030eb9b232b4c2c59a6d720ea2b63fbd8d8c35388080f692255d0f8f5c1eeca,"[""1JH4SPXW8JSxfNNDTEtzMeHo268tFUrFyj""]","[""3Pazuu93ynxfxAxxn7Ntzz9F2nTWan7EhB""]",[0.77783719],[0.38685088],0.0001,P2PKH
0f137b5c01b51f6eddffb0ec10e0e414f2648d561fdf1eb7c888ddea12735ad2,"[""1eshRCdwKDfQLkFaQ6j9ZbEctYfRMEw5Pn""]","[""1RhZfVwbCY4KUrtn7sn6gvpzJTsAwZfH7q""]",[0.02412432],[0.02405008],7.424e-05,P2WPKH
78524cf896681984d1f283470a311aedc2d7d067ef79398944701a91d7dcaf3e,"[""bc1qk6hknw20duukn9820j4n36vd0hrtxg4rqgmjl2e""]","[""1eAxKWLCyV3BfHzqVDdCkfAFLrSgRqaLpq""]",[0.73426576],[0.06396946],0.0001,P2PKH
7de3529a02babd3ce54fd06ccbf6076737a9451b9cbcceb9f432e9ed3790ed43,"[""3evMqnPprRBcSPfh6h3tAtYf4juuQm8NkW""]","[""bc1q4jacsy27tnvpm9rra0cleh8u9ucdznrmzcn6a2k"", ""bc1qew6yfrvjp54watyuwq9smxuss9y5jwmye4az607""]",[2.40091782],"[1.19845155, 1.19845155]",0.00401472,P2WPKH
fb93c8bcde0ba86d6b64d49f09ad94e9403197f0ee63b4cddfd62dbcbd50c50e,"[""1xzZzdjY8socfXKCauLoyEKyhSxQ5Z5NVE""]","[""19tXF72WPvJVBErGcSf8929kEWhCUH6bNG"", ""3aqg5RH2cMyuNwJ2NH9b7DKikniwNaf9me""]",[2.11303719],"[1.05315587, 1.05315587]",0.00672545,P2WPKH
e5975222f97c7cddeab2de9a929ede00cde4802c5320c7f16240c0068c0c187a,"[""bc1q246x5rsxf2sxnqas2fr6wgzapue4vnk5xkdrsvl""]","[""1ZY6wySVdgxhQFzC6byNMpkk6bcDvW6qDr""]",[0.3581584],[0.32765242],0.0001,P2PKH
12b9d6014192a0ee8836b974582ee51e60a10d00f33aa5afa22ac32b7e027bf6,"[""1YejkshkmKuWR4NTWqUXpuTNghytBt6PBx""]","[""bc1qme5erkp79dje49vtq46lyardpg2k4cjjl42skr4""]",[2.78108693],[2.77728868],0.00379825,P2WSH
f6ea84bddf65f93cfc50547c72fcffbd49780fa77b50f9f30c4449d4b01fdf4a,"[""bc1q246x5rsxf2sxnqas2fr6wgzapue4vnk5xkdrsvl""]","[""3L4PRYYpMsCkGCJkEwMYRARVSPJK9rpUX1""]",[0.25886735],[0.30838443],0.0001,P2PKH
370cedba3a50f9dcd5f13d3f268a0bdc3c9f9219f144b39c70cf49c30a5e77f5,"[""3obQkuct9r4ubh3LRrG5a6uK9z53umBzAv""]","[""3YYXmb5fpbxqM5gLakhHqPzzSm9p1FyAsy""]",[0.88006857],[0.74003975],0.0001,P2PKH
fd5cabb767d02740ae016efc782542f6cb795dde7dab1ca096fa9f3fe4d9aa4c,"[""3mrd5E6a5Hvo1xgw8VggX81Cq1RXMzfvzw"", ""3NxFGXgQL6un9oG6yDxn8Xsbo6MaHG63Kk"", ""1MjyXbrU81WA8Nj4jyiFchBzoWGRwtpJrw""]","[""3GW8kwTa1LEkaiwfqEJfpa9Nj7WCnT9RQ6""]","[1.51220409, 1.51220409, 1.51220409]",[4.52611417],0.01049809,P2PKH
945fe93e0ff09d3900cfe51c1c59ff090b5997e291e5569860bc543066d36b53,"[""1EV3XXWvHPkx3wtjRHtKMAHVDAwGc7EH6Z"", ""1ap8YnQa9GHK5Rzadmus18GZvk82Shz8sv"", ""bc1qcqu73eq6qx7jhs6frkmwdgmlhrtzeh2sg5sck2a""]","[""1XrgjZ4mhRR8SuyNCS4EbEktoZz1ip58B3"", ""bc1qcqu73eq6qx7jhs6frkmwdgmlhrtzeh2sg5sck2a""]","[0.55695687, 0.55695687, 0.55695687]","[0.83284267, 0.83284267]",0.00518528,P2WPKH
311fc2dee2a23dead16c4ceb1a821f636567e08b66bd2943ecc09948d2e67fd8,"[""1kYv6bPqrnRkJT6yaNRDQHHhWPzjxmiTa2""]","[""16XNTAKKwbtAk35SRcRDWM7gbXJDz4Cwmm""]",[2.0681296],[2.06158282],0.00654678,P2SH
c7b67db4847b3f8b324cf3dd8f7b48d5f279daa180a7b74083a6b7e5662e608b,"[""1BDpjmspWAKW8rt2CqqFTvhGpWd82NbBsb""]","[""1Ufe9ptc1wWUVAkKLHWYNp5Sa6VKyk2Q3Y"", ""1nxdtZeTLppqLmbiNT6f1MdoYN7uVpkQFC"", ""3LqGq623rnDDECeWsygU8BoDcwiiGtrTDJ""]",[0.08171116],"[0.02718361, 0.02718361, 0.02718361]",0.00016033,P2WSH
a62ef413f7e9e5d57ac965619cd42d8c82712627fbf5cb4be36477aff4a1755c,"[""3Zbns1RnjZzFXgAGG9AHJnMwiVcT81PqPs""]","[""bc1qj7rrcemuug5j09vn4vvukp0gt2ef6m4l8fhc2hn"", ""3LqGq623rnDDECeWsygU8BoDcwiiGtrTDJ"", ""3Zbns1RnjZzFXgAGG9AHJnMwiVcT81PqPs""]",[4.95214104],"[1.64884504, 1.64884504, 1.64884504]",0.00560591,P2PKH
f40288acd792f208d22127403e44d44b83c00f41dab16ff4dbb7fe47e2247060,"[""bc1qpsfwp6zmmnsw3euwe520ypru2ks98wws9tfd2ne"", ""3Dn5dXCnMxe96FB9m5xdTZagtezKyKSUdo""]","[""1kYv6bPqrnRkJT6yaNRDQHHhWPzjxmiTa2"", ""bc1qpsfwp6zmmnsw3euwe520ypru2ks98wws9tfd2ne""]","[1.95472625, 1.95472625]","[1.95015084, 1.95015084]",0.00915083,P2WSH
5fb8a2147e2c8bb0a1e0f1b7385066526ab0ece079b7db48079a5e7ec63dbc8d,"[""1rxMoTuenPwnWGfJuug1u22nqXjKAaRZPc""]","[""3nEifYPXVYcKe7X4q8sCV6aqfXhFNc5vDV"", ""1rxMoTuenPwnWGfJuug1u22nqXjKAaRZPc""]",[3.00214111],"[1.49668099, 1.49668099]",0.00877912,P2WSH
8497ff226a8b3d11fa844891a546793425cf30b979591b5dae6f98e4b90fd659,"[""3C2AH5qJQVf6YBtNSGTEG4kf5LYybZqpRY""]","[""bc1q6l0d2r9d04vcpzgrcm6qmwpsn0wpgyfu0q5ekfq"", ""bc1q7vl7pna78jayh8l9uzk5uwg8zgrqvhlu0v3r0m5""]",[3.30892665],"[1.64679472, 1.64679472]",0.01533721,P2WSH
2a727271c6cf51bc12153245ddd0947951ab4ca9cdb7d97fe5831a7d6fd511da,"[""1Co3Ya95Q1RMKTWxLfXQLmtMzAUG1PSXoo""]","[""1zhro6Gro6B2MVDr9hhDgDzQGBZ8EAPoxN""]",[0.44743853],[0.44734485],9.368e-05,P2SH
a63313167db449f59bf2b0cc9751fd0116f4e8e62b274cad8e2c6acb6a9aeb92,"[""15YRb7btrAUP1281dTdozRgtHDoPeeLXpV""]","[""bc1qay9uxnj7y8tq3gw6apn5wyc82muft8cgck6ecgq"", ""1spGsW9MiTVXHiQzxE3QTmyQa8aZVutu83""]",[37.63960504],"[0.17626918, 37.46321205]",0.00012381,P2PKH
a4a8e8498b60c78165685c4b2dbed03abb2a91c9d2b04f16b194f28dbb530e12,"[""1eshRCdwKDfQLkFaQ6j9ZbEctYfRMEw5Pn""]","[""bc1qkgza0cwvd8ymlsxrlu6q7pu4fay6cmxlxm4v7s7""]",[0.03525659],[0.03518422],7.237e-05,P2WPKH
49e3d97f41eff0b8870d2be96b493e3d596e0101f01f4bfaa6ed7a8e1b739677,"[""bc1qd8v37uh5mkjek3r3xnjpjx0ura9qe8kuwenvpmq"", ""17JNJ29nRwJHBj1Y43UJTLNqq89dmf9j6d""]","[""3p5AJkaH8ghwWV53SKF6xqaxzfG3kUevBa""]","[1.64939075, 1.64939075]",[3.2924986],0.00628289,P2WSH
4321b142adbd9a8779bf95291eb4f1a3a4d023db5effcda62336778dc84057f6,"[""1YGCHqL2q7i3NxDxXpSobdxnz6hZRtx5ut""]","[""bc1q2w857pnw0jy4sev6f77u4jk35eeq35qqh964nv2""]",[0.38963036],[0.39102672],0.0001,P2PKH
ca1548d03a41245a151c136d47817be393d9e56738a896c03e21dc673adc54a7,"[""3evMqnPprRBcSPfh6h3tAtYf4juuQm8NkW"", ""3bZ29yzZouaPPx4PULxeJAgBpb2CuPCHXT""]","[""3LqGq623rnDDECeWsygU8BoDcwiiGtrTDJ"", ""3bZ29yzZouaPPx4PULxeJAgBpb2CuPCHXT""]","[1.68266298, 1.68266298]","[1.68132803, 1.68132803]",0.0026699,P2WSH
4c65f29e5074f7062f0cf0bc0370d30a8744e766e7ab8ea6928fcf50f73f2302,"[""3obQkuct9r4ubh3LRrG5a6uK9z53umBzAv""]","[""bc1qtqexuzs00ws5uluxxsfkn0eep8lh4p6fz585mp9""]",[0.02573416],[0.60884268],0.0001,P2PKH
2bc06bef0207ab7e50607955c33e4cfa7d9b78e797688285a6320e061ce69e5c,"[""1Cpe6bSxRJ6nHV5P825fFFG46BADPCWsPH""]","[""bc1q6x65qt8em02gjckruhfacy3xjt7j0ja2cnraz0q""]",[0.02600258],[0.2112947],0.0001,P2PKH
9b6a0602d2323bb4b0bfb366b5ac0aa5e00fe85413409428b49f846d68d20edf,"[""1A8FofBrxV2r5bsuQNf6wj97jwXqxwFtE8""]","[""3JoE2CLsyHeQyYw7yBxG7SjKcWPaFi1vYi"", ""1gEC2FUr5RdChVFf1km7RBxX3FrTofzbxt"", ""1A8FofBrxV2r5bsuQNf6wj97jwXqxwFtE8""]",[2.65681141],"[0.88379589, 0.88379589, 0.88379589]",0.00542375,P2SH
63df7404b24c266173ae70305de57375d7bc9637576facfb6fba7215e2dcd481,"[""bc1q29lwt2l2tcdhnjxcag7wvhlnslff8mq6kg33ayp"", ""bc1qvfp3ys8phvwns8fvyzjpvzscyy305xnh8zc2az4"", ""1UeMktpo4cXjq5DX6EPCfawZZkmaghR7nY""]","[""bc1q55alxk9vdgzt7rkdaw4rkxmef0ymnlf4ddyfgna"", ""bc1q29lwt2l2tcdhnjxcag7wvhlnslff8mq6kg33ayp""]","[0.10807487, 0.10807487, 0.10807487]","[0.16201527, 0.16201527]",0.00019407,P2WSH
199bf4d298e2bac09dc3687b96ffa04f989eabc60d8591066c316f53c2e74823,"[""1V1Mq38snWxZxi9jSvH2wFgPQutvbBSso9""]","[""bc1q55alxk9vdgzt7rkdaw4rkxmef0ymnlf4ddyfgna""]",[0.36605591],[0.36485729],0.00119862,P2WPKH
3b05038513f2b4efd7f144e93575ac91ed39ccf590bf7b32831f25455595342f,"[""bc1qrckxnklxyz9kle7l4k3ff9kk9t8le80tjwlyuzv""]","[""35hYiQcK4ppDxByYynn7kPesdYpDGaokAE"", ""bc1qh2kx0jw92ypk5r6rfs6yaqdy58uvu6r9rr7tnra""]",[0.57868241],"[0.28908911, 0.28908911]",0.0005042,P2WSH
93b39d520b81b6679fb600039df9f1625726fd7fbaff2404eab0803db34f2c40,"[""3obQkuct9r4ubh3LRrG5a6uK9z53umBzAv""]","[""bc1qlf52hqqvqyeqwk2lhf609audflhgyk6j89fd209""]",[0.1760515],[0.04324146],0.0001,P2PKH
b07f5bafb79785e2d9c428c4cd7cef1caf4479a18ca5d6d7e1e222277c966a8f,"[""1FMD6P2VTFZqFjWATsq1KG6vkfvEWeqzYk""]","[""bc1q23f7da5snv230gg2j2ztx72te25ak03wg7z5lvu""]",[0.46498688],[0.21998575],0.0001,P2PKH
e3859a5ab0e7f19e3865f14dd1cb156660faa77a8f76e6691e7d74164826c678,"[""1zhro6Gro6B2MVDr9hhDgDzQGBZ8EAPoxN""]","[""3gLDBQmJSnBaRCB4oxFkdUupHadMdqMq6g""]",[0.44472317],[0.44452358],0.00019959,P2WSH
0a9ad366759dcab7d90600c8599a3e637a5ed127b7e923130fe90c37b82d5583,"[""3xHKfzJzWk3ZvqZVdEW8NP1omFDf2aHKcc""]","[""14fXVtyxFzrwyj59zmX89QkXzp8PediqAQ""]",[0.38464276],[0.34823618],0.0001,P2PKH
05c504e9e5d3dea1eeacc96177e653af3982ec98d5c31a7a967515cfee1f7b14,"[""3LthH1w5iVkheVn6DhJaUXRkLhGF7C7YmB"", ""3f4e1RVSNtT9BXecvmTpbKFwHTkafLVKVM""]","[""bc1qh6tjcqhwe6pdk2hcwe2aexzlg4dqvq5wv4hhf6n"", ""bc1qlpvshaum8pqj3g5urn5wd9h0wsj4amkwuhvd75t""]","[1.08014012, 1.08014012]","[1.07924736, 1.07924736]",0.00178552,P2PKH
861459ad69501ae3fbe2f21328769714fa3be41c8cfc556a9c5a5bbce0e8780b,"[""bc1qh3n88dq24v9wynqvjq5ywpvx2cvc6gzq3lt5c5c"", ""3f4e1RVSNtT9BXecvmTpbKFwHTkafLVKVM""]","[""3DpCLk3df8tTbWx1jZSavnuhBp7fcKtRch"", ""3LthH1w5iVkheVn6DhJaUXRkLhGF7C7YmB""]","[0.13777871, 0.13777871]","[0.13765802, 0.13765802]",0.00024138,P2PKH
6fe152ad6d1682b588897b61505737eacba173595c56df64686f0b401a8f0bfb,"[""bc1qce8qqd8e6kq3k70pgm40nqful57h6p0y5j9wgrx""]","[""3ckDhqAAdoBJ9yWKGVZamdTVN22Ne2Q8fB""]",[0.46419776],[0.93850742],0.0001,P2PKH
2c1ea49f52ced4ac1fdc56b90206f06e38fe5dd911836d7cd11831e41d599958,"[""35zMoh7DzCvoFUrLak3gqFgbkNnWLRysgv""]","[""3SKe5jR26VHZiBHDyceSW2yvKuenQinEL3""]",[0.41416377],[0.37720108],0.0001,P2PKH
5ab68bb7c9194468380c70b4a3170dcb928ccf26f17364dc04f3eb26fc5933b4,"[""1Sdsa8X6V3Y2pHqPMsAHXFXcKcYtawze2R""]","[""3h9ZoxAKnieHMgLUSmV7e5HptCjdjtrdpa""]",[0.66849782],[0.66589805],0.00259977,P2WPKH
24db8896abd30e243fb95eb5b06b025ad6de352d91a43df5d8c0556870e8241a,"[""1zqPiHANQZF1rkXWn3H2dg2kpNQpsr5Whj""]","[""bc1q55alxk9vdgzt7rkdaw4rkxmef0ymnlf4ddyfgna"", ""1zqPiHANQZF1rkXWn3H2dg2kpNQpsr5Whj""]",[3.86754344],"[1.9264932, 1.9264932]",0.01455704,P2PKH
9b1f15d7c48bedf85b373db04328961d501540543b3ed0bf5e86b2f3165b6d93,"[""31Hhf9RsJ8kyFP8AYhto5s7cZLF15gShvA""]","[""1zhro6Gro6B2MVDr9hhDgDzQGBZ8EAPoxN""]",[0.44805517],[0.44788268],0.00017249,P2SH
6fc2930687bba94e1478c45b28a6a0192ee125203b4c78f657808437a7c8bbdd,"[""bc1q70dmce3q760jat4v57z37zwc59pvxku5tz5hyxh""]","[""bc1qnzdaalmuhfxysjmsyef43m9wr48xc4zdk9auc8g"", ""bc1q7peykma8hacmhf6a9qvd0tvzhfak3r2empaf5jw"", ""1H4PzFpB5yCPe7YSc7SG35jn2Ve13P9LP1""]",[1.09609727],"[0.36485568, 0.36485568, 0.36485568]",0.00153022,P2WSH
097bcda0bc9469335bf94347412e9eae94c9bed02d12fa79d0624a436ef5980e,"[""bc1qr23xx37rxt9v2vwz65tzxfnlr3lm97nlk4lk25u"", ""3TFWT5hkPkrQ17vKkV4YFx9pqA26JYP5mg"", ""1SBitXS3dXff6hSb3NCFuC121pg4x6qfi3""]","[""1kYv6bPqrnRkJT6yaNRDQHHhWPzjxmiTa2"", ""bc1qr23xx37rxt9v2vwz65tzxfnlr3lm97nlk4lk25u""]","[0.70040703, 0.70040703, 0.70040703]","[1.04738869, 1.04738869]",0.00644371,P2WSH
8aada823689a7390fbd4fd66651275e872b3ce781da2bd9cf41d30e8a4c8a518,"[""1PWQCsctHRd6MGpivdvPjWtcWXjfPo68xp""]","[""1sQaxqpisA9jBruZnXKho4mmaDq7UzyZSX""]",[0.53175245],[0.25251039],0.0001,P2PKH
656dfe80e87953120c09c2777e2ba2e3a968e874dc40d4c7fa83d0b205823eb7,"[""3RpebJbhUBQKjdynKHnNwCzBm2jwDoq5ro""]","[""1LX7Ca6WoTWT4ToiPpka3L4zw5w2QmmyeR"", ""bc1qjgt84w94auck57t870wltkace6c4nesstar6ux3""]",[0.61977023],"[0.30978074, 0.30978074]",0.00020875,P2SH
5fa0f7044c7202f7ddf333df388f0286b20412a38c6acf8a081c56ecebcca5f3,"[""bc1q0aspsmzzmv7jjpz4j2g42gy5waaqnjr3sytz8fw""]","[""bc1qau9dks3ujhcamrje6gxhkq90rcddfd99y0srjxx"", ""1b1i442LWHVYitaFUQ6fMQs4ee4jo7CY9B""]",[1.44453068],"[0.7189468, 0.7189468]",0.00663707,P2SH
f999451a390d7557c789579fa8410f8a6acd8f87f98226aa126e1d2e62354ab5,"[""bc1qd7u6ahx9lwu0zvw8jpfn64fqrygtvpp3tfvw36n"", ""bc1qrlve27cxsspy20wns2n9lhf263kf6t4ljehkq07""]","[""3AGtFFJaaD5KUVuhp6e3oPnvLtSv7mkrvd"", ""bc1qvfp3ys8phvwns8fvyzjpvzscyy305xnh8zc2az4"", ""bc1qjhj95n6y4p7rq2ykdcamhpyx24s29a2tch5knx8""]","[0.88725858, 0.88725858]","[0.58996097, 0.58996097, 0.58996097]",0.00463424,P2WSH
ace1218c72673765dd0c397ab00ad4adf48b29d2174f4eba28a81935c140528c,"[""1EqD1SX7sAmUvNLt4vHqUGNhJEMBSJogxX""]","[""3eHZSsBXasvo9ix6oxwh9k1wzPMgFjuMLH""]",[0.85898119],[0.65162453],0.0001,P2PKH
43fee3b7c0260d3396eb4816988a0d0da5bf48e29c1052be9fc613f80b500ba2,"[""bc1q246x5rsxf2sxnqas2fr6wgzapue4vnk5xkdrsvl""]","[""bc1qvcp5pqceg4wt53h8dspu64wzm28gp39q849e9ch""]",[0.34571925],[0.04763071],0.0001,P2PKH
8d86d9310684f14a3d22f0606b80ef568bd37aa81a035fdbdc549580c2afc522,"[""38dZCVgEkSXn52x6291mZsLgxjXCDpWMur"", ""1Sdsa8X6V3Y2pHqPMsAHXFXcKcYtawze2R""]","[""bc1q8wepqgr2u9z7l2lukd5ndp2ld3a34frv30pqz65"", ""bc1qew6yfrvjp54watyuwq9smxuss9y5jwmye4az607""]","[0.19935597, 0.19935597]","[0.1983844, 0.1983844]",0.00194314,P2WPKH
51d411f5b6941bf2e149e64971ac1fa7e2676d0330122e6123b28687186e3ad9,"[""1V1Mq38snWxZxi9jSvH2wFgPQutvbBSso9""]","[""bc1qkmjx7hwa3ncdj5styy4fd26zxd65gnvrx86w3d5""]",[2.30967411],[2.29870531],0.0109688,P2SH
1047de89fbf2c1388c923ee487960cbf8fdb4451b3a3eeec2adfdc7e411f9f20,"[""bc1qydwkgru59mmctdnuaxtalxtxj2aasqg55vlkgpj"", ""bc1qhmys6qdyzlfxk32pw9t385ag6mjfnvg34zyhggr"", ""bc1qjc2cjgem409elzey9m2upsw42sr3vv0fssu6776""]","[""bc1qcflwt6wlc8ejtk59yxxptg32kfgml4r7ealmym8"", ""bc1q9f96nm70xv35d0kw9je8p8fcjc0sjg3l3ccwxdh""]","[0.174722, 0.174722, 0.174722]","[0.26097838, 0.26097838]",0.00220923,P2SH
1c0f6b0d3e229a43797e9bf2a419f8fb4b36f741f92f98d04e71c9b7f354df04,"[""bc1q246x5rsxf2sxnqas2fr6wgzapue4vnk5xkdrsvl""]","[""3YcDpn1nLApBkRZeF5Nj4KsNJ7EoUCvYZU""]",[0.44414053],[0.42276135],0.0001,P2PKH
9d554ca1ef9092bf814aa68f7f945b9afe415a2f56e86ba4c171228ab6c7257f,"[""bc1qx458ktyvj96ffhn2ul2utx7av8hyhj9t5pug3pl"", ""bc1qr6prwrgkx4qdrsnkdusnfe0nc6ltd93ak08qzrj""]","[""3iUUDAq23aAd3a4FBxbZ2ifH5TzsAqbopB""]","[1.06972682, 1.06972682]",[2.13445621],0.00499743,P2PKH
ee4a23a21d7569266f08b69143dc19f914e31421816fe1ba97d4f5a10e7c74c5,"[""3vhhQEKHUeJMtUoimKCK3sj1ZaiJCEaFYw""]","[""bc1qcqu73eq6qx7jhs6frkmwdgmlhrtzeh2sg5sck2a"", ""3vhhQEKHUeJMtUoimKCK3sj1ZaiJCEaFYw""]",[2.61727114],"[1.30544854, 1.30544854]",0.00637406,P2WSH
3ca39142bb953b19c7681048b0f03397f4a5694575f2250d10f80d1afc95fddf,"[""3ntm3dq1vATzRzutJss6M5fe4djkR66D5b""]","[""bc1qpsfwp6zmmnsw3euwe520ypru2ks98wws9tfd2ne""]",[1.34174029],[1.3409953],0.00074499,P2SH
b947e1686f442b6cb2654461c587806a54861aa3abf5941820a0b0b9852c8e82,"[""bc1qzu53u6wrlvnv6elrtxqhc4kx65e8l7p0knql5rg"", ""bc1q034j4jzyzgj8sex4lk3g3w757p7dlg4wtcu8gdw""]","[""bc1qu0zuksue4nrc9lleydldl56gaazvv2gwmensddy"", ""1BDpjmspWAKW8rt2CqqFTvhGpWd82NbBsb"", ""bc1q034j4jzyzgj8sex4lk3g3w757p7dlg4wtcu8gdw""]","[2.33382165, 2.33382165]","[1.55120848, 1.55120848, 1.55120848]",0.01401787,P2WSH
7cf83ef9529d541894d5b60216993eb21ab33721cc077daff9dc58c427956b7a,"[""bc1q246x5rsxf2sxnqas2fr6wgzapue4vnk5xkdrsvl""]","[""1BexLx4Ywkd3j3GDSRFRAv2n5zgR4rsant""]",[0.49088243],[0.38686074],0.0001,P2PKH
047e2abdff01acd5b06f1dbcb99583f6b57ae48189c2a6268d32d2d134188564,"[""3xHKfzJzWk3ZvqZVdEW8NP1omFDf2aHKcc""]","[""19nfijfy9u9toouBtEacdKrwKuRFJXmFvd""]",[0.38570452],[0.36752655],0.0001,P2PKH
9de6cb2ded4ee7f820344fbbea61cc6873147d3b30d5ecfcbe90dd8300dc5bb3,"[""169DBucqXXYk7T5pvUKNptbmLi2pDr9E88"", ""bc1q4l6thqgjywktpt57pf5zx5cn922megkt3tyyfcd"", ""1Rm72VSC2fbUu3J168bbCf29kHaMrncW4p""]","[""3ZmkxTTb274dzgEKxW1qF6gp5wUMtGwguV"", ""bc1qshef3jvkp605w2t3agqrm7xj59ct40huvf5y9e2""]","[0.94253261, 0.94253261, 0.94253261]","[1.4111768, 1.4111768]",0.00524423,P2TR
dde940abd27db62b86f5121ec72e0c99f8dfb3398c5a05a082076d8d2165d76c,"[""bc1q4gxe47094p5fd2ecpha9e0ruhj2x42c2rhmv800"", ""11V1B6etRomhCeXQwc3BVxdnM1E7X6MmYD"", ""39vTP8idyC8h48rTALtcnecAyr6rVzbqHj""]","[""1xn5iueTyG3psrMgR7rt19eLtxGjNL7QTq"", ""bc1qme5erkp79dje49vtq46lyardpg2k4cjjl42skr4""]","[0.8429406, 0.8429406, 0.8429406]","[1.26090085, 1.26090085]",0.00702012,P2WPKH
9fe9860608da4df9eb92d72a4793ce5ee29b0ae7a8762ba6449a81e3891b36d1,"[""1EqD1SX7sAmUvNLt4vHqUGNhJEMBSJogxX""]","[""3DDAykuUfNtEy2LE7NorkuZJLNQK21jfy1""]",[0.96761775],[0.24079557],0.0001,P2PKH
82b4b24f1628479aedc1d3447e89eab8d0e8e210ab759974bdbf8850e05f1e8b,"[""bc1q4jacsy27tnvpm9rra0cleh8u9ucdznrmzcn6a2k"", ""1Sdsa8X6V3Y2pHqPMsAHXFXcKcYtawze2R""]","[""bc1q603szws3vnxqjjqasshgmfgr83f57gympllxr55"", ""1hv5YLjzCi3CYFsruytTiu4RwW2bh83Zoh"", ""1Sdsa8X6V3Y2pHqPMsAHXFXcKcYtawze2R""]","[2.42714545, 2.42714545]","[1.61730973, 1.61730973, 1.61730973]",0.0023617,P2TR
1f26a67fde111415a9eab8bba37aed6634005ba25abbf1867e940bb17a0f2019,"[""1M5fNn8K1LTouZPbX6Hctr5tRkKKCoVzR8"", ""1bbE22na1T8y3XXL1UqRJKM5mV3JzVeuqw"", ""3fXEUVHmU6miMqFerh5VDfUPVLpmWKwifr""]","[""bc1qdqxgkeje3txr4072vvrtw94eaj428rtyvnjd03a""]","[0.19102459, 0.19102459, 0.19102459]",[0.57286372],0.00021006,P2TR
0194398e59f75b265e0263e3ff0dfb6b789999c1ff0c69e65d2090db4b4045ac,"[""18etd1TSboeNwgURfYtePNhJjh6VhnTfS2""]","[""3BMrL9duuLmB7Gv1cqEfF8i8ctvavtE7pu""]",[0.64426849],[0.08435379],0.0001,P2PKH
914e9d48bab5916f27a65face65455b2a96909d090bf2bd1f44dc46b72a3fe86,"[""bc1qvvptdgrtc289rxqaxxa8zjpl0pzflc7s2vty42u"", ""3KRhRoLoeFRVXXpPaRahkhE1z1Zxv4Mrsp"", ""3nhHAt2kW1qgsZqvWiRAyXy8DcDBkZqpUK""]","[""3h9ZoxAKnieHMgLUSmV7e5HptCjdjtrdpa"", ""1kah5v7nJ6mSPfUX8PoYx9gvojNxZZ81bY"", ""3KRhRoLoeFRVXXpPaRahkhE1z1Zxv4Mrsp""]","[0.63672769, 0.63672769, 0.63672769]","[0.63360562, 0.63360562, 0.63360562]",0.00936621,P2PKH
2e893b63037a32a6c6d272874bcb1b68bfd3deea6952d06ede00b0f2a05d2003,"[""3vhhQEKHUeJMtUoimKCK3sj1ZaiJCEaFYw""]","[""1H4PzFpB5yCPe7YSc7SG35jn2Ve13P9LP1"", ""3vhhQEKHUeJMtUoimKCK3sj1ZaiJCEaFYw""]",[0.66706807],"[0.3330684, 0.3330684]",0.00093128,P2SH
e1415119a5bab62847e7d4225027c13fd47cfa19196fb3732fafaa3f578c2d95,"[""3TzoCsgdKzrMQR1zr6xe8V9DXoUG86rySs""]","[""1PXYfswKgTyaGnc5gu27BonrkwEpdZBkUT""]",[0.12963189],[0.89794761],0.0001,P2PKH
7e0f1c10e4cfbd1644e878f9093c83f62c66264faa205e316b794c058a76233c,"[""1eshRCdwKDfQLkFaQ6j9ZbEctYfRMEw5Pn""]","[""bc1q3kzpzdnplazvljk4zqm5aups6ddralhznpfrmxs""]",[0.0377035],[0.03765046],5.304e-05,P2WPKH
5c8e59d0850b33875158c4f5ce7e5cabe13278780110abf55803ec122851411e,"[""1EqD1SX7sAmUvNLt4vHqUGNhJEMBSJogxX""]","[""1QFrJ3Uky9mEDtK3pHtVadSzFeDz3w4x6Q""]",[0.7917431],[0.48837955],0.0001,P2PKH
caad10d3a2afb4a9950a6e08144bb272122a00d3b11d0b951f6576a045d85bc9,"[""3RZik8BPZ3pqJZT21GxqUetRVgF7Hz4kaZ""]","[""bc1qpsfwp6zmmnsw3euwe520ypru2ks98wws9tfd2ne"", ""11jyLhUHwya9ZuSgju9YJQqS64eaDwH2YS""]",[0.70803429],"[0.35270276, 0.35270276]",0.00262876,P2WPKH
43942447c03ad1ff8aad49c53dae6271b0c8d6d8c354dde32d6082401cf53b48,"[""1YGCHqL2q7i3NxDxXpSobdxnz6hZRtx5ut""]","[""1f1idMhuGfVgesibPMfcpC3z78Tk4esFmE""]",[0.30881235],[0.48881747],0.0001,P2PKH
ad59fbf246fd001110035339ee638a0dc4753031423156a88532558a75d32727,"[""bc1qxxfu3lrxsktjw79tvx8rlrryck3p2rfnflw3fmx""]","[""bc1q0ldt6dl2awt39df445k7urz6zqarhn35se4mxc3"", ""bc1qxxfu3lrxsktjw79tvx8rlrryck3p2rfnflw3fmx""]",[3.67748033],"[1.83377612, 1.83377612]",0.00992809,P2WPKH
295ab3825d578a096b4bca55b462a9a07db60047201dbd793fb43ffa322c114a,"[""166o84nDCQgw5av5zCeo6ro8w3vSjVPRMu""]","[""1rs86sBAWGtaayXaR5mgt2ggPbxq95qfTx"", ""3G5CnaAAUQYxDJG7Agph3qL6FMWgGz2QTk""]",[3.17686325],"[1.58171826, 1.58171826]",0.01342672,P2PKH
76d0c9adef602a0526fbc626ed5a29655680fb5ca976b596375c27b91f5723dc,"[""1x6N4ke6JZaCQnNsLafjbqaX5Sf511KwbC""]","[""3ksiRUN787jGTyVcNzvfweJYNcbkB935Ch""]",[0.89313819],[0.4315279],0.0001,P2PKH
f55e6f7d9510937c8acefe146abca29ccc51235a5511284af61192b5574d6455,"[""1g8xyAetUekHH4meEjr3vRqw3qnBksH3Jb"", ""3HzYVwrUC7ATFBjnZkBrupW6fB9KFGEkxJ"", ""1LX7Ca6WoTWT4ToiPpka3L4zw5w2QmmyeR""]","[""3GW8kwTa1LEkaiwfqEJfpa9Nj7WCnT9RQ6""]","[0.13129811, 0.13129811, 0.13129811]",[0.3935396],0.00035473,P2WSH
4c8096002a3e9161e4085008296b53a5a96c2f12a36afc435637469a39d5b2ad,"[""3yvLs4uU72BZZ4T2oz4dqUru78UCwwkW3y""]","[""1VAAeyFjYZ7gu8M6ApFRCP2tbNB3K4UiGx""]",[0.80395229],[0.72182507],0.0001,P2PKH
7b61a12e34c4a6a9ab5c8e0c6791eb9cf4d0cc6226d24b7295d38d0de5cd6e3e,"[""3AGtFFJaaD5KUVuhp6e3oPnvLtSv7mkrvd""]","[""166o84nDCQgw5av5zCeo6ro8w3vSjVPRMu"", ""3G5CnaAAUQYxDJG7Agph3qL6FMWgGz2QTk"", ""bc1qvfp3ys8phvwns8fvyzjpvzscyy305xnh8zc2az4""]",[1.39511972],"[0.46323767, 0.46323767, 0.46323767]",0.00540671,P2PKH
c67d72ca2e261a6de8c0a35d62fe97047aa707f265086094e201743e6991b868,"[""3yCdy5rDGJaodxiabGZXRM5pWJfKRFWfYt""]","[""bc1qk9346qrrw8fxqz74675krmy4uj7ukgwa5agduc2"", ""38Hr17Bb9SoGhVorL59w9VzmESdDjMek7A"", ""3yCdy5rDGJaodxiabGZXRM5pWJfKRFWfYt""]",[3.47323844],"[1.15452104, 1.15452104, 1.15452104]",0.00967532,P2PKH
51bc313d38949a15861843a2d6ef0dd32c4395751cf3e978c9bbf48f02dbce11,"[""19trGmbUJ9rCXuz1mqpsjTxQ3doGvWQBoL""]","[""1zhro6Gro6B2MVDr9hhDgDzQGBZ8EAPoxN""]",[0.43941332],[0.4392716],0.00014172,P2SH
40537fe7a91b79cdda5e14e2bd88a09c03a83da6496a39695489bef0debbe442,"[""3G5CnaAAUQYxDJG7Agph3qL6FMWgGz2QTk"", ""3Ht3cFJQY4H8CtXdooznMYVuWPBKDtn4zX"", ""166o84nDCQgw5av5zCeo6ro8w3vSjVPRMu""]","[""bc1qcflwt6wlc8ejtk59yxxptg32kfgml4r7ealmym8"", ""166o84nDCQgw5av5zCeo6ro8w3vSjVPRMu""]","[0.56241293, 0.56241293, 0.56241293]","[0.8434454, 0.8434454]",0.00034797,P2WSH
f9258bf8c6172f3fbcb1f9d3a02b57b376bb8a3155fdce1c05ced3d3bdf6e7dd,"[""1dHkf8Cc6RzJD32tMAqt24Rc7DFLM3sG9h"", ""bc1qnrp7e7clenmr3s9rxthkc0myt6rxlcq60f9gkd5"", ""19kREoQQTroM291ow5KyA4mfeu4difXJQg""]","[""bc1q4cm5g5trz04sqjjghe905djrzae96q33e0sjker"", ""1dHkf8Cc6RzJD32tMAqt24Rc7DFLM3sG9h""]","[1.05099195, 1.05099195, 1.05099195]","[1.57378911, 1.57378911]",0.00539763,P2WPKH
db762ecc22cca8f6964fe56658d9d6632610b671789392a0c9199636146f88a4,"[""bc1qx458ktyvj96ffhn2ul2utx7av8hyhj9t5pug3pl"", ""bc1qvrs46t5nfrzl5mgkufycueen44h5lgdvpkjxh83"", ""3ufWrqsB68GomBgL6MkJnLGJrUsaw5tWsP""]","[""bc1qknl5q6f47yrr3gnkx5g0umzdgqc5gh3dqzuu36j"", ""3ufWrqsB68GomBgL6MkJnLGJrUsaw5tWsP""]","[1.55182627, 1.55182627, 1.55182627]","[2.31916871, 2.31916871]",0.01714139,P2SH
a08860205e5b2bb2825a708eb1d88b6da83c0d59d54791cb7b69d165d374a0e3,"[""bc1q7peykma8hacmhf6a9qvd0tvzhfak3r2empaf5jw"", ""bc1qnzdaalmuhfxysjmsyef43m9wr48xc4zdk9auc8g"", ""3xffvdVoLDav4LukjenySEGH7LbBwa8KPj""]","[""bc1qnzdaalmuhfxysjmsyef43m9wr48xc4zdk9auc8g"", ""34YryKNgoXbDPYT9wqVTb9fohbJz8zhUqV"", ""bc1q7peykma8hacmhf6a9qvd0tvzhfak3r2empaf5jw""]","[0.93019743, 0.93019743, 0.93019743]","[0.92773409, 0.92773409, 0.92773409]",0.00739002,P2TR
71562ad818b6dabfea83d08adea8305cd2d086240a490fff4e909912b053faca,"[""3cvHCZKkRSfN54V29r19oUCfDkAjfTipAj""]","[""3CncGL94xap5s2dSVXgb7JXbTZUXzs26Ft""]",[0.45271534],[0.65874775],0.0001,P2PKH
0a34f85fb4ae9e5c97347758c7e6d793737c115843099db9868ef578111cc0fb,"[""3Ht3cFJQY4H8CtXdooznMYVuWPBKDtn4zX""]","[""3ntm3dq1vATzRzutJss6M5fe4djkR66D5b"", ""1mgVaGRTdt6WHwNxK1mjjTfM4XDRDGqLaZ"", ""3Ht3cFJQY4H8CtXdooznMYVuWPBKDtn4zX""]",[4.4083256],"[1.46271811, 1.46271811, 1.46271811]",0.02017128,P2WPKH
f1f0d82c70debddf778cf7c7dc1f05bd446a143deec61a3b4b712f6c59f4befd,"[""1PWQCsctHRd6MGpivdvPjWtcWXjfPo68xp""]","[""3YQsCr4nFrWB949KH3Yw2c2SoTCxeZupYC""]",[0.89990069],[0.90283072],0.0001,P2PKH
65cdda7a8ee1dd372ff51be3ff5cfffdcbcff01e0efade5455019856773d6c6c,"[""bc1q4n0af7k453qt08gdjfaek73cuhe72sj4vtl3wef""]","[""bc1q48z4pj7sst4lptcxzr699fpk4hk7d0pa4u35s7l""]",[0.07215608],[0.53697283],0.0001,P2PKH
2a9b8c6f165a1a6714c08a1ba0c2697f57db7eb7760aade622903eb123294f91,"[""1fhg5dXFTGvgDKm4poQ4uZiDVte99kYkRa"", ""3DzW637dnR4PzXyr1igYGe7STxsGWBusJe"", ""bc1qxt97aan0rtle88jzh6l3y479sn7ackkv4tuw8zq""]","[""3BvLrKV47UrHMaWQi7Z5JTbEFAU4DhSyZL"", ""3zacWrr4uy1Zy7H2SbdiQSDB9ZqMRHs81e"", ""1fhg5dXFTGvgDKm4poQ4uZiDVte99kYkRa""]","[1.55888415, 1.55888415, 1.55888415]","[1.55450301, 1.55450301, 1.55450301]",0.01314344,P2SH
3295505be42b71e93f3cc61e8ba7904a31178b86495394439ad96818e83ab30e,"[""1rxMoTuenPwnWGfJuug1u22nqXjKAaRZPc""]","[""1hv5YLjzCi3CYFsruytTiu4RwW2bh83Zoh"", ""bc1q603szws3vnxqjjqasshgmfgr83f57gympllxr55"", ""1rxMoTuenPwnWGfJuug1u22nqXjKAaRZPc""]",[3.42609341],"[1.1373637, 1.1373637, 1.1373637]",0.01400231,P2WSH
7a60f97f18a83f1e453ab2a0b22fafc037e11669c1b40fee8162da78433addb7,"[""1FMD6P2VTFZqFjWATsq1KG6vkfvEWeqzYk""]","[""3cBmmXefUSSNKuUMJceieJzSUVLQZxjqGc""]",[0.44982146],[0.24856967],0.0001,P2PKH
b85be8128742eda6d7ffbf94e99ba7dec850f85ed8f2a12bd68894b879f40b67,"[""1gPpW4X3LJdP1JoDQSTjaftRB7LzEaghyY""]","[""3ysRU4SJ97X2GPGkndgja934muKJWn6cCP""]",[0.37137448],[0.25533487],0.0001,P2PKH
2c9f723750a13b2a5e6321d80cc2de4cfacdfdfc02929a0a238bdc3d309d275b,"[""3SbvYESFG3pWcWPk4EWabgHoxAvJsMXbB7""]","[""1rfh3HDY13yoc5p3N85GTqnvamMbL82BcR""]",[0.95790358],[0.80375546],0.0001,P2PKH
8100a90b10ec093e15f6f7656a04a877ffc6a0bc63832a57bff19e63c4fcd115,"[""3xHKfzJzWk3ZvqZVdEW8NP1omFDf2aHKcc""]","[""1MuskKhaBdyDP7jUqEzDZJRuGVivCkZMXr""]",[0.48517696],[0.12936465],0.0001,P2PKH
159c206967a7d3ca19965e1eb1ada607ce42045e2b402abb59e843ff7923b965,"[""3E1AznMPaXj46HqvMxHcCvaGQ75Jwoxspa""]","[""38Hr17Bb9SoGhVorL59w9VzmESdDjMek7A"", ""3E1AznMPaXj46HqvMxHcCvaGQ75Jwoxspa""]",[2.39897311],"[1.19597271, 1.19597271]",0.00702768,P2TR
b5107bafa67a562f8316db567c8034b1539f91dc96d91ded1cef3bf6b4d12dac,"[""3E1AznMPaXj46HqvMxHcCvaGQ75Jwoxspa""]","[""bc1qej9fu3pqupvzvku5kwt2xcezacjzekrf5c07yug"", ""3E1AznMPaXj46HqvMxHcCvaGQ75Jwoxspa""]",[0.29388181],"[0.14643124, 0.14643124]",0.00101933,P2WSH
963cacbf7663599ee2bc1541b357d4af4aa96135c3f925d90728ee46deacb3e6,"[""1YGCHqL2q7i3NxDxXpSobdxnz6hZRtx5ut""]","[""3qm97hiMXCn3pGWZqahK5A1a1DiGSRgVu7""]",[0.47761277],[0.41898056],0.0001,P2PKH
51054371e0905b067751c443a19f2b51c8ffe0e0acd0f8351de7f1e5e3cd985b,"[""1V2ZK48iExa27iW6m9DMY4tYz3gwNDTqCQ""]","[""18fVWTzvNSdTvfJxLLay2LtEd8i57WsxH5""]",[0.52608669],[0.75545069],0.0001,P2PKH
291ccbbdd5d482ca70c58a2fe92f14e103cbfceb0577cbc78614cd9d468a8300,"[""1zhro6Gro6B2MVDr9hhDgDzQGBZ8EAPoxN""]","[""1NFe4vR7UzDQaNHSzGmSKEDagv8dmYLFHs""]",[0.44321233],[0.44305627],0.00015606,P2WSH
33f7372e629995bce92d14c87e635f96e0690e779b2c8c7510a6aa1f448428a4,"[""bc1qk3jhu56n7gkxw8tltu5pg776zx5lp2lex63j68c""]","[""bc1q0ldt6dl2awt39df445k7urz6zqarhn35se4mxc3"", ""3gifqdueJSaj6JkB8YyXuqFpUokL7x9yrj""]",[4.03157565],"[2.01259036, 2.01259036]",0.00639492,P2TR
75bfc5d9ff67047b291f8fceb77738cba378558e72925e2293c3945e76432282,"[""bc1q4qk6ldyzvhr2uyccylysq5wh5yd4mzrcjv72ygz"", ""1mgVaGRTdt6WHwNxK1mjjTfM4XDRDGqLaZ"", ""3ntm3dq1vATzRzutJss6M5fe4djkR66D5b""]","[""3oX29fCkAHFqhJk2p6sjskZEnoHfvPxyKZ""]","[0.2806914, 0.2806914, 0.2806914]",[0.83932022],0.00275398,P2TR
c1efb45e0602cadb5781c4127a04f4d43a8e63264d40fede9f80d44a563ca343,"[""1TvG2fyHvLN5ZE58118s8iAUegLMowywSw""]","[""1NZrDu9SpVdJqQYiiU4gUCfEesyR7MwJjP""]",[0.55137781],[0.98051731],0.0001,P2PKH
48858657a49e53553ac1f16abba67e9073eefd3c7d748dcb52b11df2970e4ac1,"[""1C298fZDhmAck7px72KgxQi5hd6mrb8znM"", ""3LthH1w5iVkheVn6DhJaUXRkLhGF7C7YmB"", ""bc1qh3n88dq24v9wynqvjq5ywpvx2cvc6gzq3lt5c5c""]","[""1yVyHMRuGqvWSAjVxZvdSB4BUAU7tVSzZT"", ""1rs86sBAWGtaayXaR5mgt2ggPbxq95qfTx"", ""3LthH1w5iVkheVn6DhJaUXRkLhGF7C7YmB""]","[0.98383192, 0.98383192, 0.98383192]","[0.98313263, 0.98313263, 0.98313263]",0.00209787,P2SH
53aa88993a42a98eb2bc11d7a1ca5273bfd23b38ba312cd639125c9a7f2153f5,"[""3RZik8BPZ3pqJZT21GxqUetRVgF7Hz4kaZ"", ""bc1q7lv0nsp4vkdvqtfw3xuhdw9huhd6nyfls2ajvq5""]","[""3rgAgALTxfR2ytAm1MU1sU32gHEWkm6oLV"", ""1JQbXVSgexD43G46EciP6jtGCnMHbj6WhU""]","[0.00426857, 0.00426857]","[0.00425685, 0.00425685]",2.343e-05,P2SH
8ebb243832f42f2dbcbbaf580691750f5f011a7bd15d1466b0f93bf9d5879250,"[""1YGCHqL2q7i3NxDxXpSobdxnz6hZRtx5ut""]","[""1M5GSTjxiesqW6jNsksgUdfFRvUdAoKkPT""]",[0.72727575],[0.4011752],0.0001,P2PKH
d3af32c5935ea901641e1c716921a2d5459f9a343e1890f5dcf72f1279cec253,"[""3xHKfzJzWk3ZvqZVdEW8NP1omFDf2aHKcc""]","[""bc1qs20z2kn4kcak900n9trykgv89du7vqy2f3qntnj""]",[0.24995588],[0.38708532],0.0001,P2PKH
675ed560fb8a335b378bfdd5b3948c9041f9cbd7bb6b1c471cbb60467e22d3bf,"[""1zqPiHANQZF1rkXWn3H2dg2kpNQpsr5Whj""]","[""3p5AJkaH8ghwWV53SKF6xqaxzfG3kUevBa"", ""1zqPiHANQZF1rkXWn3H2dg2kpNQpsr5Whj""]",[3.38794955],"[1.69052655, 1.69052655]",0.00689645,P2TR
2449c08418e31d37c6dd305445b244b636fba40f8e137d1783d418b4c1b856cd,"[""bc1qvfp3ys8phvwns8fvyzjpvzscyy305xnh8zc2az4"", ""bc1q29lwt2l2tcdhnjxcag7wvhlnslff8mq6kg33ayp""]","[""1Rm72VSC2fbUu3J168bbCf29kHaMrncW4p"", ""169DBucqXXYk7T5pvUKNptbmLi2pDr9E88"", ""bc1qvfp3ys8phvwns8fvyzjpvzscyy305xnh8zc2az4""]","[2.27714124, 2.27714124]","[1.51518309, 1.51518309, 1.51518309]",0.00873321,P2WSH
405de002591f0cdb75a9263f180c4a96968fdbec2438c15674b52db17df8b2b5,"[""1gVkJmoboYBtSFieqD5dWochGeXGB487TT""]","[""1XrgjZ4mhRR8SuyNCS4EbEktoZz1ip58B3"", ""bc1qvaz225knvuc7hsw9my8ghhxvra0pcslrnzav8hw""]",[1.63674467],"[0.81498288, 0.81498288]",0.00677891,P2WSH
e9b77f4c3ab3a864957aa532c563efbcbdcc321fe26f92d03e78d0c271a0311f,"[""3wAmxmkMidN4PRFUvMh2f9cw9FafA76iPh""]","[""3ugASMbeRFrCPVEaazJyfGZgk3cVuHocMd""]",[4.63513291],[4.61866442],0.01646849,P2WSH
4de67a5a3a8d02ea84e9b015ae26612fdf5f2928e102c6d23a099a8554edbbe0,"[""bc1q246x5rsxf2sxnqas2fr6wgzapue4vnk5xkdrsvl""]","[""1ubmggpkcqL5iu7EM2zAMtp9SguoLhXVXZ""]",[0.34167957],[0.18079518],0.0001,P2PKH
c46f94b28538119751e56478040c9ea6b31a8cbd01ee6e4addb1d35a659e6760,"[""bc1q4l6thqgjywktpt57pf5zx5cn922megkt3tyyfcd"", ""1Rm72VSC2fbUu3J168bbCf29kHaMrncW4p"", ""169DBucqXXYk7T5pvUKNptbmLi2pDr9E88""]","[""bc1qs94anzvyqsa46n9unu3cz4u3q74ddmkd70ctea6"", ""bc1qry08mfudxkejrq5k2ty5gmdtg4cde0t3gftkhm4"", ""169DBucqXXYk7T5pvUKNptbmLi2pDr9E88""]","[1.2019919, 1.2019919, 1.2019919]","[1.19748114, 1.19748114, 1.19748114]",0.01353229,P2TR
a707ae93eab8bd6bedfa0130e3f539d50c6ae19e6b6e146b8680df1f37a2b349,"[""1sQnNTdr5tL2RGwYon5tj4wgt7NcNBZ4iC""]","[""bc1qk9346qrrw8fxqz74675krmy4uj7ukgwa5agduc2"", ""1sQnNTdr5tL2RGwYon5tj4wgt7NcNBZ4iC""]",[0.94066478],"[0.46979855, 0.46979855]",0.00106769,P2WSH
9a7142657291674ba182a8e8ec708b48ff5fee32b3e7bf51834b2ee73f051edd,"[""1EqD1SX7sAmUvNLt4vHqUGNhJEMBSJogxX""]","[""1tNoebgpQpKGjNuTZyfjxV44hBbhMi4RoT""]",[0.60242077],[0.27553557],0.0001,P2PKH
0407cdb441f5d4fc7e692d770bff7a2a3fdf9e3ca2905d1668cc3f4d11abb92c,"[""1PWQCsctHRd6MGpivdvPjWtcWXjfPo68xp""]","[""bc1qszkf2l4ly7e8m5amjtm40n7nv49xjw8hr7ezjz2""]",[0.19177971],[0.89933163],0.0001,P2PKH
171a261951185cd7feec5d26625bbbd6ff92ddb0e388ca25ad1668c5445da6a7,"[""1DNysWnBHAJse9skEtB2fTGv5S9WW4G6ej""]","[""3Zbns1RnjZzFXgAGG9AHJnMwiVcT81PqPs"", ""1DNysWnBHAJse9skEtB2fTGv5S9WW4G6ej""]",[2.66947091],"[1.33137771, 1.33137771]",0.00671549,P2TR
2ef7025a7732e228bed0662357a53b75b9b7ea215e31c145bd587ee2f0401bb6,"[""bc1q4cm5g5trz04sqjjghe905djrzae96q33e0sjker"", ""3uDoCeNr6nrNygA4MUw7WLS9iF7QJbBkmz"", ""1gf339rD8ZbHjRYGeATwgw9CdGdeiZeWAp""]","[""bc1qgncm6ak5c3nc7f9499svd3yjg2kyy2pan40jte2"", ""3uDoCeNr6nrNygA4MUw7WLS9iF7QJbBkmz""]","[0.64044419, 0.64044419, 0.64044419]","[0.95987187, 0.95987187]",0.00158883,P2WPKH
888e57f191fccef460ea6f7e0402f7a93fb3614b902c3d0548b9aa44ff0fa66e,"[""3xHKfzJzWk3ZvqZVdEW8NP1omFDf2aHKcc""]","[""bc1q3r9j03c0njvxzyv23emfyyeg3g3vh8wwfp76map""]",[0.0847248],[0.34272958],0.0001,P2PKH
d7ff3c088c5d0814798a512f340390a8cd092782b3918c85551244d6214a0e38,"[""1ap8YnQa9GHK5Rzadmus18GZvk82Shz8sv"", ""bc1qcqu73eq6qx7jhs6frkmwdgmlhrtzeh2sg5sck2a"", ""1EV3XXWvHPkx3wtjRHtKMAHVDAwGc7EH6Z""]","[""3p5AJkaH8ghwWV53SKF6xqaxzfG3kUevBa"", ""bc1q6l0d2r9d04vcpzgrcm6qmwpsn0wpgyfu0q5ekfq""]","[1.45809021, 1.45809021, 1.45809021]","[2.18632302, 2.18632302]",0.0016246,P2SH
fef6e7e74574865b5c3c46c4ed216514f5a293a6e43c6051e547b7a77a8dcf87,"[""1b1i442LWHVYitaFUQ6fMQs4ee4jo7CY9B"", ""1R3Nwy3MgfMZsykvEAoBQBvnQfjFAhP3UC"", ""bc1q0aspsmzzmv7jjpz4j2g42gy5waaqnjr3sytz8fw""]","[""3BeDCqjoNG4592zs7v89GB5quD6oQVdDRt"", ""1oa8dyBuXS6oWdnqdGZxC6Sdb2iv5Pk8Td"", ""3FvSrY3zqyvrAVDQ4NzGnTRxzZi9JyaYk4""]","[0.05565583, 0.05565583, 0.05565583]","[0.05548422, 0.05548422, 0.05548422]",0.00051485,P2SH
229bfed96c784e9a4d2689b917e8ec123985910f5cdf537a548d23c5fd08f9ac,"[""bc1qhmys6qdyzlfxk32pw9t385ag6mjfnvg34zyhggr"", ""bc1qjc2cjgem409elzey9m2upsw42sr3vv0fssu6776"", ""bc1qydwkgru59mmctdnuaxtalxtxj2aasqg55vlkgpj""]","[""18Hqh9hT15FqYjX7HJ3RoT7ub1WF9RcERf"", ""1XMxYnW2s3PNkM4Ef7ak8MLeqgyUB8iw3C""]","[1.34729416, 1.34729416, 1.34729416]","[2.02027679, 2.02027679]",0.00132891,P2WSH
ebd551ae84361c6091e0fd4353915b96cf5366ed352e69130825fc8b1e82c77b,"[""1Ukx5doK4LnUWUjRxoH3vkjZ4UA3zodH5W"", ""bc1qu4lyyemukanwd6v8dq0hkgajpp0tj7zhsmcgssn""]","[""1b1i442LWHVYitaFUQ6fMQs4ee4jo7CY9B""]","[1.53481724, 1.53481724]",[3.06364912],0.00598537,P2TR
65f768bc131b1cbc6c679d023722d8a393f44d56026a6e2d35cd84a1ccff827a,"[""1zhro6Gro6B2MVDr9hhDgDzQGBZ8EAPoxN""]","[""1FjZ2zQtCj9883zEy8f3Ne6fc35kFJD6EB""]",[0.44460081],[0.44452358],7.723e-05,P2WSH
475927e46ae2619382b3a49d40043556b891729466ba7c9383493b92a1f3aa0a,"[""1hSe33qLJxZ8d2sagvPcJFSMhtpwvEfDDH""]","[""1SbvjKBURhVf8Srt1AhCC9MPZ9wiqDF8gL""]",[0.85821926],[0.61807555],0.0001,P2PKH
768b62960bb1c78e9799ae629c2a510bee6dd402ff0514022f31727d5f9753a2,"[""3NHr9HxcAYBBiuoA7zaSNCify9TyX82wmw""]","[""bc1q603szws3vnxqjjqasshgmfgr83f57gympllxr55"", ""1hv5YLjzCi3CYFsruytTiu4RwW2bh83Zoh"", ""1YejkshkmKuWR4NTWqUXpuTNghytBt6PBx""]",[2.67235339],"[0.8893312, 0.8893312, 0.8893312]",0.0043598,P2WSH
cb4470d01060b544987698fe8f863fe03333e4fafc933ca8b8cae2ac0feb77c2,"[""bc1qvvptdgrtc289rxqaxxa8zjpl0pzflc7s2vty42u"", ""3nhHAt2kW1qgsZqvWiRAyXy8DcDBkZqpUK""]","[""bc1q4cm5g5trz04sqjjghe905djrzae96q33e0sjker"", ""3TqYwRDEk7h9jhR47aUbA99F1qRmU9XxUi""]","[1.23502095, 1.23502095]","[1.23036017, 1.23036017]",0.00932156,P2TR
dfaa074b993caa297fca4c3bb9423286c4edfb649a880fe05e6a281acff5de6a,"[""1mgVaGRTdt6WHwNxK1mjjTfM4XDRDGqLaZ"", ""3ntm3dq1vATzRzutJss6M5fe4djkR66D5b""]","[""bc1qxxfu3lrxsktjw79tvx8rlrryck3p2rfnflw3fmx"", ""bc1q4qk6ldyzvhr2uyccylysq5wh5yd4mzrcjv72ygz""]","[1.01443931, 1.01443931]","[1.00940341, 1.00940341]",0.01007181,P2WSH
6882d11682d866c6f284c886e95a646a73222974b8f99c33468548e55e316692,"[""19rzDd9KxLSGqhBZsdquqqsuu7hBBp8YEb""]","[""35zMoh7DzCvoFUrLak3gqFgbkNnWLRysgv""]",[0.5],[0.49],0.01,P2PKH
9c8627232041c0899949e7da9cb2befe589f2eb9c869cf65e5d5940fa8671dd1,"[""bc1qcflwt6wlc8ejtk59yxxptg32kfgml4r7ealmym8""]","[""3uDoCeNr6nrNygA4MUw7WLS9iF7QJbBkmz""]",[3.99721541],[3.98394261],0.0132728,P2TR
eb84b556d5f034cff5c2d049f8a21061bb383c233a69b909197f71cef74ca0e4,"[""bc1qyst0n9ypyjs5tj3y0nfls4y863ptl5xzx0kwkmj""]","[""1cBXbg9fJpM7vfwpi51w9fKPinU4axH6zB"", ""bc1qyst0n9ypyjs5tj3y0nfls4y863ptl5xzx0kwkmj""]",[2.20126836],"[1.09964995, 1.09964995]",0.00196846,P2WPKH
7cee4272f3bd3c449702aa4517550bdc99934bb01f03c4805e3e23a0e7f34fca,"[""1PkuACUfGRYoiKmtWvqP772AWmEgLyjSHV"", ""3F9WFmszFpChohWBzbdE83zvRc63QJdELU"", ""bc1qdprt7k8u9q42fgndg02r44cytehjn8gjzr5np7u""]","[""3DpCLk3df8tTbWx1jZSavnuhBp7fcKtRch""]","[0.10064347, 0.10064347, 0.10064347]",[0.30071159],0.00121883,P2SH
03e9ab85944c4cecaa8230b0fdd38e9b5d42dae2e9b00539a2b679f279ffd3a7,"[""3bGRGvJhtiMTW7TC7iHjf9jX89guAbDsvU""]","[""1Kg6HEeKwbXHgt4tXBw3H1xbjFB4awZn2G""]",[0.01387039],[0.928594],0.0001,P2PKH
4c997cab59665a69b79bf6ad6520337d1ba34dac8a567056d14b8c41cc7d62ff,"[""bc1q6udaw9mwc6gc08wk82uzyvyxd2wp6vc7quj07fv""]","[""3NxFGXgQL6un9oG6yDxn8Xsbo6MaHG63Kk"", ""bc1q6udaw9mwc6gc08wk82uzyvyxd2wp6vc7quj07fv""]",[1.0085061],"[0.50307408, 0.50307408]",0.00235794,P2TR
b62d225e04bcf8e37938f43f67e6315e2668d04ab12f8afddc5ab6133d340ee0,"[""bc1qucghe6ukk0rpc6gjgjt6q4m2asdy7gvn8n36jpg""]","[""17wC6RyFFpvgp6nAN5p4FFmGj9toU2pygD""]",[0.14669163],[0.1004955],0.0001,P2PKH
515114e39d50756868e60f6ab4d0d6d7d45d18b97093fe617922dc4d8127274e,"[""3xHKfzJzWk3ZvqZVdEW8NP1omFDf2aHKcc""]","[""31AmTE4e3VwFg32XQLQ6KPPH4SxQbsNdaX""]",[0.1430957],[0.13363956],0.0001,P2PKH
edda17f9f754abce92ff02a40f6742d85ba2cb60e14cbded7e5eec2b48af0183,"[""3DpCLk3df8tTbWx1jZSavnuhBp7fcKtRch""]","[""bc1qjhj95n6y4p7rq2ykdcamhpyx24s29a2tch5knx8"", ""bc1qrlve27cxsspy20wns2n9lhf263kf6t4ljehkq07"", ""3DpCLk3df8tTbWx1jZSavnuhBp7fcKtRch""]",[2.54587001],"[0.84777583, 0.84777583, 0.84777583]",0.00254251,P2TR
52784aaeac5ddcb5543117e8120ce37e2d578295402ac80be9d0eb13a444a8b8,"[""bc1qew6yfrvjp54watyuwq9smxuss9y5jwmye4az607""]","[""3Zbns1RnjZzFXgAGG9AHJnMwiVcT81PqPs""]",[0.45883805],[0.45781872],0.00101933,P2SH
d9f64dcad9c0f18466be9c7bd7586992494ceee0dfe49cb53f4bda327c9f9fe4,"[""bc1qce8qqd8e6kq3k70pgm40nqful57h6p0y5j9wgrx""]","[""3e4vCe5JmA9ENe2j9Rrrd3o5c3u537PqbK""]",[0.40583666],[0.37988367],0.0001,P2PKH
0f721b2948eee5f1da73d3625364332064702a4bf3bfe51c846d134826b23975,"[""bc1q7lv0nsp4vkdvqtfw3xuhdw9huhd6nyfls2ajvq5"", ""3RZik8BPZ3pqJZT21GxqUetRVgF7Hz4kaZ"", ""11jyLhUHwya9ZuSgju9YJQqS64eaDwH2YS""]","[""1XMxYnW2s3PNkM4Ef7ak8MLeqgyUB8iw3C"", ""1tKJQpU3eHs3fGoSQSxLBhNoG5RRzBJ6LJ"", ""bc1q7lv0nsp4vkdvqtfw3xuhdw9huhd6nyfls2ajvq5""]","[1.2584456, 1.2584456, 1.2584456]","[1.25582772, 1.25582772, 1.25582772]",0.00785364,P2PKH
a5f21fda078f7ef20219d1fd08659614ee4af5af3a91fa6281199f16ce7b9c2f,"[""3LthH1w5iVkheVn6DhJaUXRkLhGF7C7YmB"", ""1C298fZDhmAck7px72KgxQi5hd6mrb8znM""]","[""1XrgjZ4mhRR8SuyNCS4EbEktoZz1ip58B3""]","[1.61904746, 1.61904746]",[3.22911447],0.00898046,P2PKH
ac4ad701ff6041c72c4538ae86caf31a064d7f8e847a11bb1a5c75ca1b885ba7,"[""bc1qk9wwhand5ep4vsh9qm4wy85t7pywtwzyt2g7q9s"", ""bc1qrckxnklxyz9kle7l4k3ff9kk9t8le80tjwlyuzv""]","[""3Zbns1RnjZzFXgAGG9AHJnMwiVcT81PqPs"", ""bc1qk9wwhand5ep4vsh9qm4wy85t7pywtwzyt2g7q9s""]","[1.96585981, 1.96585981]","[1.95657985, 1.95657985]",0.01855991,P2PKH
904a4ca8cbbb9306ee864a6425f0d979d9df2580e4a277bea61588a064eb225e,"[""1Ukx5doK4LnUWUjRxoH3vkjZ4UA3zodH5W"", ""bc1qu4lyyemukanwd6v8dq0hkgajpp0tj7zhsmcgssn""]","[""3ezxsEiDEbZUpL5rRwRSr29sJjVfMERkmh""]","[0.64447687, 0.64447687]",[1.28362013],0.00533361,P2TR
cedab2e99f1455efc91d0cff61cf1b420f3bdf5a9fb56b487e9cb2c40ce7ceeb,"[""1FMD6P2VTFZqFjWATsq1KG6vkfvEWeqzYk""]","[""bc1qpr2gw8f78zug3ytt72g8g75fv25wn28ytt364j7""]",[0.17856511],[0.37595031],0.0001,P2PKH
d54575d43c7a8fb598760a1a423d3b1778aa5d1df1ad821be9e2e1389b98a22b,"[""1hSe33qLJxZ8d2sagvPcJFSMhtpwvEfDDH""]","[""3DV1bytyxu6tEdJbgYN6FGQzNE9MR8QWPm""]",[0.24562031],[0.78032432],0.0001,P2PKH
0b3c91c845014aa162dee57ccdb9c20146e674d14473eecd941fa6c8e90c2784,"[""3suNgfYeMBYXjD12JgYXpFMGwj7oRmt1C6"", ""bc1q2dyvc0mfkea373y8x5amzhxg4nmxch30m27qa7r""]","[""1XnAYQMtfLJxcUZke7MEevF3tPo7Fi2WmW"", ""bc1qwpuxs7973qz4cmdr3klc57hyw2zpe3j8gv5dq43"", ""3vhhQEKHUeJMtUoimKCK3sj1ZaiJCEaFYw""]","[2.15715279, 2.15715279]","[1.43152636, 1.43152636, 1.43152636]",0.01972651,P2TR
e8f5cedd3cdffa9aa1004c036a32a22b5680bcb595df77d865400c3b49ecc51c,"[""bc1qhsc6zl5w4tuc597dapry92kt7umg53yf3s97y4h""]","[""bc1qk9wwhand5ep4vsh9qm4wy85t7pywtwzyt2g7q9s""]",[1.38141028],[1.37789669],0.00351359,P2WPKH
f0e8d72dd8c090774e7551bf164d3d526d927756355f147197ff31005efb68de,"[""1JH4SPXW8JSxfNNDTEtzMeHo268tFUrFyj""]","[""3QHPSWx7uHh3oveGfuggu9VPfvcCaHRswk""]",[0.38388272],[0.26384558],0.0001,P2PKH
814405146d5d72b19fc671657a39e3adc038aa3c9b26f058e8585e08aefbb0ea,"[""1YGCHqL2q7i3NxDxXpSobdxnz6hZRtx5ut""]","[""1kL71X7ZetpVVyFSbSpjxNqnJmFDJSHayC""]",[0.53156052],[0.90474821],0.0001,P2PKH
77e1b6028dac21e32a4f21efa11431b8ec6e15d9cefd0fdaa195e00778ac3070,"[""bc1q4n0af7k453qt08gdjfaek73cuhe72sj4vtl3wef""]","[""3mSFttojYJhBBmSU9pJrFeCgAVpQSnK6hU""]",[0.82654093],[0.30932919],0.0001,P2PKH
13f3b197e5358f6c8bd5f22b16d4a3d9e1aa56053b93629fda2b8fbe55fb77c6,"[""bc1q2dyvc0mfkea373y8x5amzhxg4nmxch30m27qa7r"", ""3vhhQEKHUeJMtUoimKCK3sj1ZaiJCEaFYw"", ""3suNgfYeMBYXjD12JgYXpFMGwj7oRmt1C6""]","[""3TFWT5hkPkrQ17vKkV4YFx9pqA26JYP5mg"", ""1SBitXS3dXff6hSb3NCFuC121pg4x6qfi3""]","[1.43435595, 1.43435595, 1.43435595]","[2.14287183, 2.14287183]",0.01732417,P2SH
4495ad315e18888845ecd37c4b4346e64f18872d74e2ce0b2dafed21e64aec5e,"[""bc1qwpuxs7973qz4cmdr3klc57hyw2zpe3j8gv5dq43"", ""1XnAYQMtfLJxcUZke7MEevF3tPo7Fi2WmW""]","[""3wAmxmkMidN4PRFUvMh2f9cw9FafA76iPh"", ""1XnAYQMtfLJxcUZke7MEevF3tPo7Fi2WmW""]","[0.06603162, 0.06603162]","[0.06582584, 0.06582584]",0.00041156,P2WPKH
08e1439e7ba174fd47f89b803da53b4f95dc375962838b9cb8451e6f80494336,"[""bc1qye60kpgxsk0pywh4y36eaqkephy2fdne4leul5f""]","[""1RyYxMadsQeEPnsP1xHfukSkDid5hHbMTg""]",[0.1551141],[1.35254738],0.0001,P2PKH
03f60fe37ec3994a793af0f885996035630022fca993b2f71464f6d666a06804,"[""bc1q58fn0rzg30hta8k7cf5sgkspukngxyl8hxt6ylk"", ""bc1qc7q6gjf7pmvqvw8v434pcaac26gcxqhnmeace37"", ""bc1qfl3dhcg7wl8ag4glcfjpggg5cqf46mwqqpt53dj""]","[""1YejkshkmKuWR4NTWqUXpuTNghytBt6PBx"", ""bc1qc7q6gjf7pmvqvw8v434pcaac26gcxqhnmeace37""]","[0.41043438, 0.41043438, 0.41043438]","[0.61274051, 0.61274051]",0.00582213,P2SH
904f25c4730e46ec966f086e284d17f0020142faf45d3f030e2263f3cd6eb544,"[""12317KgSACuNuzwsGn7w5LcpGA8T8rktyQ""]","[""bc1qrckxnklxyz9kle7l4k3ff9kk9t8le80tjwlyuzv"", ""3fXEUVHmU6miMqFerh5VDfUPVLpmWKwifr""]",[4.52977877],"[2.25777879, 2.25777879]",0.0142212,P2WSH
b3e0bf54f4a00596b42fe0856fc28711c68acac70d3810c19d16375c54ae3abc,"[""3vTZb4f168bJXPy2SykQJkmZahfWcdHVR4""]","[""333TCYeSjWC1FqMDvLHgsscUWcBsZpFfPz""]",[0.25324745],[0.94874091],0.0001,P2PKH
52c12baff3a11a7c139700d104e2f260c8b31318c3e831b18b539636dc6f4e4c,"[""1dYXL5AfhPauKxGbiXJYtzqzT39FfqAcZu""]","[""1nkAkvDSPSHnvkY8whnB9TN2F1zVZqS5kQ""]",[1.36509236],[0.53235638],0.0001,P2PKH
43866b95c6ac184fdf77c5b09b7a994a6521344eb490cef0de24bfc5dc3b993c,"[""bc1qrlqjutsw7erta9rxvscpaxw4z45ujhql0vrr86n""]","[""bc1q0umyra2vpemx4hu4uyt57mssrcg8jv8kuqq8jnl""]",[1.71434112],[1.89101454],0.0001,P2PKH
f6d102022a0650a41b231533ff18bb78d2d2d3b9951a94a56b0ca4c42db7f00b,"[""3yvLs4uU72BZZ4T2oz4dqUru78UCwwkW3y""]","[""bc1qdsvx497e6w4q53z8lsjarcm62devwuj2gvq0jew""]",[0.31335939],[0.08435041],0.0001,P2PKH
11f3ac5dd694b0c90517bb4e92a730ec6126a5bb2c302c3956da97d1e9b96d1f,"[""bc1q0ldt6dl2awt39df445k7urz6zqarhn35se4mxc3""]","[""bc1q603szws3vnxqjjqasshgmfgr83f57gympllxr55"", ""1hv5YLjzCi3CYFsruytTiu4RwW2bh83Zoh"", ""bc1q0ldt6dl2awt39df445k7urz6zqarhn35se4mxc3""]",[2.99447318],"[0.99774729, 0.99774729, 0.99774729]",0.00123132,P2WPKH
e4707b3213a933609bdd607325d9260b9401c50f539b4999238597d91e806b5e,"[""3KRhRoLoeFRVXXpPaRahkhE1z1Zxv4Mrsp"", ""3nhHAt2kW1qgsZqvWiRAyXy8DcDBkZqpUK""]","[""1cxgtXE5qWxRNN7vFYm7JJDjZDJwep3TcV"", ""3F9WFmszFpChohWBzbdE83zvRc63QJdELU"", ""3KRhRoLoeFRVXXpPaRahkhE1z1Zxv4Mrsp""]","[0.63982755, 0.63982755]","[0.42551918, 0.42551918, 0.42551918]",0.00309757,P2WSH
5b57c3a4c4a072259a5d1604c6fdcd3d3d8977a5ae34ea7bed25656fa9c1c8a9,"[""13e6ydGkaaNNbu5FyDQpMnt1tSEWH9Abpf"", ""3h9ZoxAKnieHMgLUSmV7e5HptCjdjtrdpa""]","[""1VKZeMtj2NjF3hZYVZYKUsbrAXTpYTnWjt""]","[1.34131881, 1.34131881]",[2.67536026],0.00727737,P2WSH
236460b4d478f6ff57849850c7b1aed845ec7af1d2bb0879ed8f9fff1f83c870,"[""1PWQCsctHRd6MGpivdvPjWtcWXjfPo68xp""]","[""bc1q4l04me006rpemwayt7qztfnp6nn3w2tlxgaa3th""]",[0.73856686],[0.68904614],0.0001,P2PKH
5f730aa4108df1693ee83db79421ccbe3a37b4d3a80b1ada3c4a9f2cfa66bb2a,"[""1FMD6P2VTFZqFjWATsq1KG6vkfvEWeqzYk""]","[""3Xf63zjMYfKTkiEoKt7Zyb6QcuG9Rgwvo2""]",[0.48613249],[0.45968184],0.0001,P2PKH
8011b27f51e31527ced8cdfb5bf115f768557dad6e127cbe168a9db5341ae47f,"[""3vTZb4f168bJXPy2SykQJkmZahfWcdHVR4""]","[""bc1qnx3aqfx43kckvsepsrkjap7ffwatc0wxe7y6248""]",[0.83156854],[0.38100026],0.0001,P2PKH
08a66ccc5a933d94ee714fc1a42aad178b9362a6d239b17e58a618e503f95c73,"[""bc1q4q2vda5v4p58fdzfj4dyjhzh82fmvy2jvawx4dn""]","[""1UiJiwnFx6gjavjpoiaF5FaC7mQuPaBQRV""]",[0.49323485],[0.57227647],0.0001,P2PKH
24fd3164019a56a3fa628ad366f29b89b798f9912ca5b41758b54de802d38d49,"[""16XNTAKKwbtAk35SRcRDWM7gbXJDz4Cwmm"", ""bc1qpsfwp6zmmnsw3euwe520ypru2ks98wws9tfd2ne""]","[""bc1qr23xx37rxt9v2vwz65tzxfnlr3lm97nlk4lk25u""]","[2.47398067, 2.47398067]",[4.92720402],0.02075731,P2PKH
3bf4d9e8adcf04a595e920c1856d4dcddc583722616833555151c90285aa33db,"[""1V1Mq38snWxZxi9jSvH2wFgPQutvbBSso9""]","[""3uYxSFnGVEBsfEeBWSKZExzy1rrY3E7W75"", ""1V1Mq38snWxZxi9jSvH2wFgPQutvbBSso9""]",[0.39792473],"[0.19823089, 0.19823089]",0.00146295,P2WSH
18792e116c8f0d4d68d4ddf325af7cc418697210fa748a102c0dea8596c1ba8a,"[""bc1qx458ktyvj96ffhn2ul2utx7av8hyhj9t5pug3pl""]","[""3ZmkxTTb274dzgEKxW1qF6gp5wUMtGwguV"", ""1EFGEqqMn75xV1rxrNKutaGBmWQk8XRw2M"", ""3Qs9zLztz9sB5LzK4TDmaAnn8SRRU1Xjxt""]",[0.59810442],"[0.19917128, 0.19917128, 0.19917128]",0.00059058,P2WPKH
cbf37ed5e96c40e3d64612409e3d464d5258ab33fadbb3f6f95155a6ef80af30,"[""3bZ29yzZouaPPx4PULxeJAgBpb2CuPCHXT"", ""3XArQA7YU4xs8CSiUcwbWgG194QoXusTaj""]","[""1XMxYnW2s3PNkM4Ef7ak8MLeqgyUB8iw3C"", ""18Hqh9hT15FqYjX7HJ3RoT7ub1WF9RcERf""]","[2.40715046, 2.40715046]","[2.40326453, 2.40326453]",0.00777185,P2PKH
730794d469d06e403c15db76f8cd9a9ce5f4803906d9d78a4b20e9a5aa58ca3b,"[""1C298fZDhmAck7px72KgxQi5hd6mrb8znM"", ""3f4e1RVSNtT9BXecvmTpbKFwHTkafLVKVM""]","[""18Hqh9hT15FqYjX7HJ3RoT7ub1WF9RcERf""]","[1.20220931, 1.20220931]",[2.39468954],0.00972907,P2WSH
9b4822f46d98e330e9023ac9ec56a353b7715aacfc85a454fbb2ab39d3e81df1,"[""1GuQddsAJNHLaUg64k1az6X1bzmwULRNtz""]","[""3wAmxmkMidN4PRFUvMh2f9cw9FafA76iPh"", ""1GuQddsAJNHLaUg64k1az6X1bzmwULRNtz""]",[2.43354539],"[1.21540772, 1.21540772]",0.00272995,P2SH
7065f19c72e133e289974ff4bb287b38454361d66f947c7db20e524be0ee92dd,"[""3qjokwD7DGQs4Xh7YUFHn9UNJeu3jo4vfF"", ""3JxNp8srPuPyF6pEDtvdtmQ2spwUQqispp""]","[""3aqg5RH2cMyuNwJ2NH9b7DKikniwNaf9me"", ""1xzZzdjY8socfXKCauLoyEKyhSxQ5Z5NVE""]","[2.24635499, 2.24635499]","[2.24280564, 2.24280564]",0.00709869,P2WPKH
2784cfd3286d10d7eac50493c87c3125a3b899527c1c802dfedb44759bef1bf7,"[""19tXF72WPvJVBErGcSf8929kEWhCUH6bNG""]","[""3E1AznMPaXj46HqvMxHcCvaGQ75Jwoxspa"", ""19tXF72WPvJVBErGcSf8929kEWhCUH6bNG""]",[1.10588668],"[0.55188326, 0.55188326]",0.00212017,P2WPKH
fb76e5352a2416e0c526893b3f87120dff72b9f11dc6f43d4381d2bd97a13d80,"[""12317KgSACuNuzwsGn7w5LcpGA8T8rktyQ""]","[""bc1qme5erkp79dje49vtq46lyardpg2k4cjjl42skr4"", ""1nxdtZeTLppqLmbiNT6f1MdoYN7uVpkQFC"", ""3fXEUVHmU6miMqFerh5VDfUPVLpmWKwifr""]",[2.37135234],"[0.78729335, 0.78729335, 0.78729335]",0.0094723,P2SH
700512f42b9def179bdb8e0b9426d888d0d738c060acb73544d81b581f16ceef,"[""bc1qgncm6ak5c3nc7f9499svd3yjg2kyy2pan40jte2""]","[""3evMqnPprRBcSPfh6h3tAtYf4juuQm8NkW"", ""3bZ29yzZouaPPx4PULxeJAgBpb2CuPCHXT""]",[2.60152241],"[1.29644194, 1.29644194]",0.00863854,P2TR
e6327553be1620ee9b04be934b7d235702da393a06155c1cc48d28e76b28b1d0,"[""1YGCHqL2q7i3NxDxXpSobdxnz6hZRtx5ut""]","[""bc1q8f9dmh0lx87acc2xuxkn0a64qveshrvq0055smy""]",[0.7314039],[0.52848344],0.0001,P2PKH
c5a3d9b4df7422aceefbbf38e69f9ef459f14b578f5ba6fd05b92c81179ccfdb,"[""1cBXbg9fJpM7vfwpi51w9fKPinU4axH6zB""]","[""bc1qr23xx37rxt9v2vwz65tzxfnlr3lm97nlk4lk25u""]",[0.65904035],[0.6574308],0.00160955,P2WPKH
2eb4b4fc0c29fae3d8f2343bd8a5d25f168c844db2853c3d535685587fcbba57,"[""bc1q6udaw9mwc6gc08wk82uzyvyxd2wp6vc7quj07fv""]","[""1fZA4XiBq92KyxJkpdj9B82zcccbE25n8r"", ""bc1qt58lse5uu6q3gyu4zv7n588yla23xy3emfksyll""]",[0.16431503],"[0.08183068, 0.08183068]",0.00065368,P2WPKH
9d7e245e4cb7c59f9ed04e0963043cd80f5e71654c92d7aab1f358d9ef7381fd,"[""bc1qce8qqd8e6kq3k70pgm40nqful57h6p0y5j9wgrx""]","[""bc1qsqlze2358hxz6lr02lgngh8603whp5ndys6awga""]",[0.32775995],[0.11219742],0.0001,P2PKH
b2c630cb476aa81932d0c8022c8ad258de7106c909d3d5d766dc40ed6c3a9ebd,"[""3JxNp8srPuPyF6pEDtvdtmQ2spwUQqispp""]","[""1fhg5dXFTGvgDKm4poQ4uZiDVte99kYkRa""]",[3.20965829],[3.20139131],0.00826698,P2PKH
90bf04745cc9fc280bc68c3ec02c8fe46d67724165c4426961d765b28d209227,"[""bc1qqyt3d5vkmdt4ava2z9psy9yf5asuygjpte52t2e""]","[""bc1qcxm6h20edvh83m22c7akjzttvwx7j5hc7ccvqrc""]",[0.09609072],[0.64074655],0.0001,P2PKH
6ce7b73819ef4c5971c01210f3ba8829a2e9880ea95975f22b855fac92617afb,"[""3VoBdKGuEetCniXDRkBpL391SAFtdxhPsf""]","[""bc1q7ggugq8ac4nz7n2e8fp33k8r8qvhgdzy6a00l8l""]",[0.55552401],[0.01233492],0.0001,P2PKH
3bba866e3b485f48f1f92047168ffdd96a65c6861187e8a48bff718a88cd259f,"[""35zMoh7DzCvoFUrLak3gqFgbkNnWLRysgv""]","[""bc1q00e7mn4576kytxheum7e0w3fgy70wzntfzcc5xn""]",[0.03851253],[0.02583593],0.0001,P2PKH
37e4809673e65f68a139abd88cb9d41a7e099711d6e51cd958137966235264bf,"[""1M5fNn8K1LTouZPbX6Hctr5tRkKKCoVzR8"", ""1bbE22na1T8y3XXL1UqRJKM5mV3JzVeuqw""]","[""3wAmxmkMidN4PRFUvMh2f9cw9FafA76iPh"", ""1bbE22na1T8y3XXL1UqRJKM5mV3JzVeuqw""]","[2.01371598, 2.01371598]","[2.01210759, 2.01210759]",0.00321678,P2PKH
dbd33c8b77c8a787174df067958fc3e92961fbad04a9aec4c1c0901b8852cf54,"[""bc1q9f96nm70xv35d0kw9je8p8fcjc0sjg3l3ccwxdh"", ""bc1qcflwt6wlc8ejtk59yxxptg32kfgml4r7ealmym8""]","[""1rxMoTuenPwnWGfJuug1u22nqXjKAaRZPc"", ""bc1q9f96nm70xv35d0kw9je8p8fcjc0sjg3l3ccwxdh""]","[0.83839363, 0.83839363]","[0.83724493, 0.83724493]",0.00229741,P2TR
9cbba332e8966fe90e115c63ddcf6a60fae7bbecde84abb0ebb07e9aa82d6e17,"[""bc1qce8qqd8e6kq3k70pgm40nqful57h6p0y5j9wgrx""]","[""3qemR9SgMryHtfG5QANaMiyxYVMeZvZj4i""]",[0.70579513],[0.8934434],0.0001,P2PKH
5b78da27d91db480c4102f85ed220795c1b3dfc4bfc3ad5c876500d9e31c1f32,"[""bc1qdsx6wk5kmqcuymgt70aqmf66su0emkyzcflghgf""]","[""1JawxUYFUoBG5BL3GoduRsqcWeTzXwLHWt""]",[1.54113422],[1.93630471],0.0001,P2PKH
f8efd585e889af660f045c264dde5b5fad65c9c5f072f10dcf67967ae52163d7,"[""1xzZzdjY8socfXKCauLoyEKyhSxQ5Z5NVE""]","[""bc1qvrs46t5nfrzl5mgkufycueen44h5lgdvpkjxh83"", ""bc1qr6prwrgkx4qdrsnkdusnfe0nc6ltd93ak08qzrj"", ""1xzZzdjY8socfXKCauLoyEKyhSxQ5Z5NVE""]",[3.6145229],"[1.19916216, 1.19916216, 1.19916216]",0.01703641,P2TR
e35bb3bafba24c0d1d19a4efda39efdab38bc57d40a344ee5f615fc8d6b20de6,"[""bc1q0hlsfrx89q3gl3kym0mj0w9p706vz5pyjflrcne"", ""1mPuJbRZ4x6mdG5EZAQgU2HHr5EGnboC7E""]","[""bc1q8e7rseen4pv5e60nzgtnhav5f7pc90qmasxeskn"", ""bc1qry08mfudxkejrq5k2ty5gmdtg4cde0t3gftkhm4""]","[1.12430581, 1.12430581]","[1.11969916, 1.11969916]",0.0092133,P2WSH
69371ca785982f268ca1db3ffea6a7069ed38d678d70cd201d4a68462ba450b1,"[""3tp6CXBm5zQ2uH3yhv9ck4njfrsjZD7CpV""]","[""3JkfhJ1di9XEq2wzRw6wZc8wwpYyperQ81"", ""3fFwTQ6Xay9mvemr1FwV7AE5CfKQ1VVe5z""]",[37.2868901],"[0.17626918, 37.11036271]",0.00025821,P2PKH
ee7f3515a36e9fc9043a9cbe9bd476557e88ef0ac9edc638152ab68de143bf01,"[""bc1qhtr8znnnl25ew83v9jvcf8zgveyvtz7wcrzd3sr""]","[""1mPuJbRZ4x6mdG5EZAQgU2HHr5EGnboC7E"", ""bc1q0hlsfrx89q3gl3kym0mj0w9p706vz5pyjflrcne""]",[2.06265261],"[1.02932334, 1.02932334]",0.00400593,P2WPKH
6fddf7c90ca39b4c7cc8e27cc12d33326ccbfd11dce643a5eb8128d8f2fc2c57,"[""1PWQCsctHRd6MGpivdvPjWtcWXjfPo68xp""]","[""bc1qncgf739uzze8wy74g0k69jh2jkg6lajfujf2c3u""]",[0.31116478],[0.97343792],0.0001,P2PKH
c5390496a15cef36972860e08e79d73cad59233702c1cc5649b8e1939cf22140,"[""1fZA4XiBq92KyxJkpdj9B82zcccbE25n8r"", ""bc1qlk4vusgpxkgw7z44atrfuvlsku0nzx73kpaf0hq"", ""3MKb2JzczS93pCNkr74xvsp1h7T2DYCXGV""]","[""bc1q03hhadzyqsrxmru05symdqrlhug2uj9f4e7tn0x"", ""3NZeLoy6AsVF9cUiZEmFKL9KZQ1hkoYKeK""]","[0.33072436, 0.33072436, 0.33072436]","[0.49552896, 0.49552896]",0.00111515,P2SH
9be4c8b99fa1ab155988541cbcf76cc9a51fb424ee38398b3e94c840ad161354,"[""1A8FofBrxV2r5bsuQNf6wj97jwXqxwFtE8""]","[""3DzW637dnR4PzXyr1igYGe7STxsGWBusJe"", ""1fhg5dXFTGvgDKm4poQ4uZiDVte99kYkRa""]",[3.83547595],"[1.91736316, 1.91736316]",0.00074964,P2SH
0b0442564ee22baccbc19d902a978e0b68f9a8b32b41aafd5f75671608a4125f,"[""3JoE2CLsyHeQyYw7yBxG7SjKcWPaFi1vYi"", ""bc1qhxd7an4rus42k3x4vh9jv6fxen2w4se7h4f4nz7""]","[""1gf339rD8ZbHjRYGeATwgw9CdGdeiZeWAp"", ""bc1q4cm5g5trz04sqjjghe905djrzae96q33e0sjker""]","[2.15147873, 2.15147873]","[2.14431334, 2.14431334]",0.01433079,P2TR
ce7515e989dca1fdc85122062ffaa71c481c997604a46e4c73e287197eef327e,"[""1DNysWnBHAJse9skEtB2fTGv5S9WW4G6ej""]","[""3aqg5RH2cMyuNwJ2NH9b7DKikniwNaf9me"", ""1DNysWnBHAJse9skEtB2fTGv5S9WW4G6ej""]",[3.59172715],"[1.78723316, 1.78723316]",0.01726083,P2WSH
af66fcf65cc687819b0fa08d8e3ba8db9e61e9f19d24e38ca850627089ce9f64,"[""1PLtozEgxvCL4d2S2owqFUxqpXE5bS6S8y"", ""bc1qzu53u6wrlvnv6elrtxqhc4kx65e8l7p0knql5rg""]","[""bc1q9f96nm70xv35d0kw9je8p8fcjc0sjg3l3ccwxdh"", ""bc1qvt5jsphjfvry3gdn7242gcw8l2wnqk5q0u4dukc""]","[2.4076177, 2.4076177]","[2.40279424, 2.40279424]",0.00964691,P2WPKH
7d4e56ac6f717d6f2522a91859e9407eddd3a35899b87ba526b76dbb25953870,"[""bc1qqyt3d5vkmdt4ava2z9psy9yf5asuygjpte52t2e""]","[""1hV3w8f2rDdDw641ucPUySwCSJFDtMVT6d""]",[0.01248526],[0.41157555],0.0001,P2PKH
2f7e13a399decb4e95ef517e64954e51e36c8129d2f06c886ba0d0a94ed0ddcb,"[""3xHKfzJzWk3ZvqZVdEW8NP1omFDf2aHKcc""]","[""315VxreKubopwS6w57hR43cA6H5yMrRHEf""]",[0.26430159],[0.33516003],0.0001,P2PKH
a077be0c34764afe8d09ce98bccc6b7768b9a114f56c3cec313ee01962b5f7e0,"[""bc1qme5erkp79dje49vtq46lyardpg2k4cjjl42skr4"", ""1nxdtZeTLppqLmbiNT6f1MdoYN7uVpkQFC""]","[""bc1q0hlsfrx89q3gl3kym0mj0w9p706vz5pyjflrcne"", ""bc1qme5erkp79dje49vtq46lyardpg2k4cjjl42skr4""]","[1.05350257, 1.05350257]","[1.04888629, 1.04888629]",0.00923258,P2PKH
efff3903f8deb54867e66b3bc612d4b97995e3f830b7deeef11be02c5da8b43c,"[""bc1qlpvshaum8pqj3g5urn5wd9h0wsj4amkwuhvd75t"", ""bc1q4kvfyqrqlmx55d5exfw0q9yk70mjxj6pq5klmhn"", ""bc1qh6tjcqhwe6pdk2hcwe2aexzlg4dqvq5wv4hhf6n""]","[""1VKZeMtj2NjF3hZYVZYKUsbrAXTpYTnWjt"", ""bc1q4kvfyqrqlmx55d5exfw0q9yk70mjxj6pq5klmhn""]","[1.27367407, 1.27367407, 1.27367407]","[1.90804618, 1.90804618]",0.00492985,P2WPKH
4645807d6c292e30d129b87db03bbdb439e1383f33eef28c1d8193b6550b98eb,"[""1gPpW4X3LJdP1JoDQSTjaftRB7LzEaghyY""]","[""3T94FdU4TK1tMkqgSVR1T55Bh6PsboyNoa""]",[0.23733987],[0.69929912],0.0001,P2PKH
54ebbdb00cdc182dab812c637237785f10daa8790ef41fafe1544aaa33e8db6c,"[""1Ufe9ptc1wWUVAkKLHWYNp5Sa6VKyk2Q3Y"", ""1nxdtZeTLppqLmbiNT6f1MdoYN7uVpkQFC""]","[""19tXF72WPvJVBErGcSf8929kEWhCUH6bNG"", ""1Ufe9ptc1wWUVAkKLHWYNp5Sa6VKyk2Q3Y""]","[0.22734837, 0.22734837]","[0.22646405, 0.22646405]",0.00176864,P2WPKH
a0998ef1ef7c083f95f08fbe6ec88f854736ee4ae5b4b42ccd8bd56f868f4230,"[""bc1q03hhadzyqsrxmru05symdqrlhug2uj9f4e7tn0x""]","[""38Hr17Bb9SoGhVorL59w9VzmESdDjMek7A"", ""bc1q03hhadzyqsrxmru05symdqrlhug2uj9f4e7tn0x""]",[3.04367378],"[1.52053206, 1.52053206]",0.00260967,P2TR
82d55747233823732e1eb8d31f6045ddcfc4b4c970d36203f3b270fad309c5a5,"[""1Cpe6bSxRJ6nHV5P825fFFG46BADPCWsPH""]","[""1CwFnDbEH2Qi2rwZyig1ceCStK9J8LUq2P""]",[0.47070083],[0.13436612],0.0001,P2PKH
46d8fd43e30b59308307f4544cc28163ae703eaea958b55b6898e0b5e5661008,"[""1EqD1SX7sAmUvNLt4vHqUGNhJEMBSJogxX""]","[""33uxyqUPFbb9jkj2E2QF6Zfqb3K2ykGfrf""]",[0.40112192],[0.1249586],0.0001,P2PKH
577c5a963c07bbcb938c22bf7f9524b96d9c248a576a718d19651fe1959e5c08,"[""bc1q246x5rsxf2sxnqas2fr6wgzapue4vnk5xkdrsvl""]","[""15TngBfNJEbzjDvG2FKYZbuvDYnE2YVbeQ""]",[0.12123646],[0.42304025],0.0001,P2PKH
2d1db4252da707645306f57634a883b101e628e185b007b4cc7a366f67f01c8d,"[""bc1q4q2vda5v4p58fdzfj4dyjhzh82fmvy2jvawx4dn""]","[""3iDCruiMbqaf3QfQtYz6CeGzXjaz6yfyoM""]",[0.16248004],[0.2687744],0.0001,P2PKH
78bdcf3f3213e8996d17fd4b5b669f2778e3a5e8c289462850d29d157cd1931c,"[""35zMoh7DzCvoFUrLak3gqFgbkNnWLRysgv""]","[""1gdWpP5un2CPcBaz3xFPPawRBAMEPZ64pn""]",[0.10401855],[0.34163557],0.0001,P2PKH
8a0fff005b4604f8343bcd2efa942ad62bbeb5b9f219b79d5b89369811bddf49,"[""1PWQCsctHRd6MGpivdvPjWtcWXjfPo68xp""]","[""bc1q4r4pjeek5cjml3z49cepxrq3pt6pzv5khv8puan""]",[0.89649848],[0.6604733],0.0001,P2PKH
d75499f70487fd59be9eebb9447867f23e597644b1d87397e2eb6626e0baaec0,"[""1hSe33qLJxZ8d2sagvPcJFSMhtpwvEfDDH""]","[""1LnfBoUdzwVWKediqc4AE7LBbpBafBmF7b""]",[0.86814197],[0.32393932],0.0001,P2PKH
362739153b19fa855af27c977b3802ff43c88496ca1642ec5868bfd0bf6fa05f,"[""bc1q4wqy2k4kkhgrp28al77nhpgnfvt73jgsauy2syr"", ""1rs86sBAWGtaayXaR5mgt2ggPbxq95qfTx""]","[""1tKJQpU3eHs3fGoSQSxLBhNoG5RRzBJ6LJ"", ""1rs86sBAWGtaayXaR5mgt2ggPbxq95qfTx""]","[0.02450139, 0.02450139]","[0.02444734, 0.02444734]",0.00010809,P2PKH
d444e8407f521baec86fb726432431becddc0ded4903162a341fb09c919b7166,"[""166o84nDCQgw5av5zCeo6ro8w3vSjVPRMu"", ""3Ht3cFJQY4H8CtXdooznMYVuWPBKDtn4zX"", ""3G5CnaAAUQYxDJG7Agph3qL6FMWgGz2QTk""]","[""3gifqdueJSaj6JkB8YyXuqFpUokL7x9yrj"", ""bc1qk3jhu56n7gkxw8tltu5pg776zx5lp2lex63j68c""]","[1.14561117, 1.14561117, 1.14561117]","[1.71029966, 1.71029966]",0.0162342,P2TR
bec782eea9b1aff2ad016ac9908be7bdec13484b6c17b18014f777cd3acad139,"[""1PWQCsctHRd6MGpivdvPjWtcWXjfPo68xp""]","[""bc1qkz4wjz7t7elq7kkllxx605p6mruf996ln9m74gl""]",[0.4743356],[0.28784448],0.0001,P2PKH
57e8b2c8eacde84617564b2d5841ead3e418f8fe7b662d50842cdb00929cc23e,"[""bc1qh6tjcqhwe6pdk2hcwe2aexzlg4dqvq5wv4hhf6n"", ""bc1qql572hh7jxp52pz7vv97mzm9cfc5r0def4y46s0"", ""3UZRkpcSR3LTEg9VdXHSuU98uqXJ3537R6""]","[""1xn5iueTyG3psrMgR7rt19eLtxGjNL7QTq"", ""1nxdtZeTLppqLmbiNT6f1MdoYN7uVpkQFC""]","[1.23494713, 1.23494713, 1.23494713]","[1.84770012, 1.84770012]",0.00944114,P2TR
e3c33f4184a7dd3b3fc8f8c0d105e0d727f48df2a97680382c1b10e6a901e6cd,"[""1V1Mq38snWxZxi9jSvH2wFgPQutvbBSso9""]","[""bc1q55alxk9vdgzt7rkdaw4rkxmef0ymnlf4ddyfgna"", ""1V1Mq38snWxZxi9jSvH2wFgPQutvbBSso9""]",[4.46188803],"[2.22293312, 2.22293312]",0.0160218,P2PKH
96d9e08c4b2c4aa511fb7109b1af23c7f9d29a4fe0bebaca72da7359160d5c27,"[""12317KgSACuNuzwsGn7w5LcpGA8T8rktyQ"", ""1bbE22na1T8y3XXL1UqRJKM5mV3JzVeuqw""]","[""bc1qhtr8znnnl25ew83v9jvcf8zgveyvtz7wcrzd3sr"", ""1M5fNn8K1LTouZPbX6Hctr5tRkKKCoVzR8""]","[1.77266677, 1.77266677]","[1.77056938, 1.77056938]",0.00419478,P2TR
b0dd72dc41550d524c292b545e1d057f45048ea2f687574df517f1e70b749418,"[""1idTezbXNCj8zDo3bccugXDDh2AbNagxon""]","[""3C7KwjuDPTTiV12QQzmQ1yNiAzr7yne8av""]",[0.86013021],[0.50841085],0.0001,P2PKH
8409df2c944ac0c517508d1d9b6045ec5f89690e3a63c1723fb7bd602c75cd35,"[""bc1q246x5rsxf2sxnqas2fr6wgzapue4vnk5xkdrsvl""]","[""31W8MaDGULTZrDHWDV6BHQapPyivzPHqp2""]",[0.11175753],[0.47178151],0.0001,P2PKH
e3db11a65a7a402cc9fdaa269bff1e818590270c539f442f4cff7ec9cebe56da,"[""bc1qfl3dhcg7wl8ag4glcfjpggg5cqf46mwqqpt53dj"", ""bc1q58fn0rzg30hta8k7cf5sgkspukngxyl8hxt6ylk""]","[""3Zbns1RnjZzFXgAGG9AHJnMwiVcT81PqPs"", ""bc1qfl3dhcg7wl8ag4glcfjpggg5cqf46mwqqpt53dj""]","[0.14427981, 0.14427981]","[0.14366236, 0.14366236]",0.0012349,P2SH
ab4429e15c4cc695ddaf0581db4bb9eec123b0680245b86ab23952bc9309fdab,"[""bc1qc7q6gjf7pmvqvw8v434pcaac26gcxqhnmeace37"", ""bc1qfl3dhcg7wl8ag4glcfjpggg5cqf46mwqqpt53dj""]","[""3THPXypo9FesZ6rrHmGu9SwDTM24WEzN2v"", ""bc1qc7q6gjf7pmvqvw8v434pcaac26gcxqhnmeace37""]","[0.30698495, 0.30698495]","[0.30598506, 0.30598506]",0.00199978,P2TR
444cf2ee369fdcb4970390c85be52f8415fa492860c71f2f723c092cfca649c6,"[""1EFGEqqMn75xV1rxrNKutaGBmWQk8XRw2M""]","[""3aqg5RH2cMyuNwJ2NH9b7DKikniwNaf9me""]",[2.94193299],[2.94009881],0.00183418,P2WSH
d668bbe2122738746829834a97227a01e3bc8674b0a218360212c31a6f5bbbd7,"[""bc1ql9cv2mnkz6tffyepey5cuwqh3fp6tm9aehflqkj""]","[""3Eeo2FBipuMqAUKZiHpcF8uE9J1ZbxnCJx""]",[1.95704887],[0.59777363],0.0001,P2PKH
2ba9b9324f154cb195502fbd6c3b811c2589a8bec3b9ef397e131fc9ae9db77d,"[""bc1q70dmce3q760jat4v57z37zwc59pvxku5tz5hyxh""]","[""3eLyytvEuhZGvgHYfBr1D9ppvJZZrgYPjn"", ""bc1q70dmce3q760jat4v57z37zwc59pvxku5tz5hyxh""]",[4.13193255],"[2.05768538, 2.05768538]",0.0165618,P2TR
47ab02f99585ad17741fca45db2ff53f31d8edb00094aa6411d364d0fde95ee1,"[""bc1qax9tms0hydyrf4n3kkl6muk5jv37ttzypxdsvgr""]","[""bc1q0aq47g54ghfyptmefvz5rr22hjyhcl4y87dmkyz""]",[0.38399513],[0.78329273],0.0001,P2PKH
1d0eb6eebd820df61c3364b472d102df31e51d842c987ad5c6b338e498332184,"[""1wfN4ML6Thjt9bsHhpNcfUQBzxp1M3oKSc""]","[""bc1qau9dks3ujhcamrje6gxhkq90rcddfd99y0srjxx""]",[4.4431321],[4.42137078],0.02176132,P2WPKH
edbe63a33e783bce5c411207d690723fb8ae84967ae2d54d599e42b260554d7b,"[""bc1q603szws3vnxqjjqasshgmfgr83f57gympllxr55"", ""1hv5YLjzCi3CYFsruytTiu4RwW2bh83Zoh""]","[""bc1qjstqrd7r7yfwx00wk2ferm549l899378v95dqnx"", ""bc1q0584kezl0vsak3etu35zc4t5pl4vc7dqgssjjwv"", ""1hv5YLjzCi3CYFsruytTiu4RwW2bh83Zoh""]","[0.03435883, 0.03435883]","[0.02280593, 0.02280593, 0.02280593]",0.00029985,P2WPKH
3c479bfb8fb2f9d976a8a87016a37bd268a3839ea392567f178aeff9b6d9e61d,"[""1GuQddsAJNHLaUg64k1az6X1bzmwULRNtz""]","[""19tXF72WPvJVBErGcSf8929kEWhCUH6bNG""]",[0.96353058],[0.95955184],0.00397874,P2SH
f595234802898cc418304af38cbd34ca858991236e4fa0d5b8a0c15d0db95a9a,"[""3cvHCZKkRSfN54V29r19oUCfDkAjfTipAj""]","[""1FbJj3vp2DDys61tDphqK3j9MEXdSCHPHR""]",[0.69474037],[0.99782637],0.0001,P2PKH
ecf9c12ba583758e9333134367e8f788721686e2bb9c1fc3e084abbb27551333,"[""1Cpe6bSxRJ6nHV5P825fFFG46BADPCWsPH""]","[""bc1qa8zfjle0wc5kw9cf5xumnw0nmtrucm8s4p9apeg""]",[0.27163107],[0.01919378],0.0001,P2PKH
5c37266426e5aa32752411fe5e74af59ff0cf7bd696b14745aaf1825e56511f3,"[""1GuQddsAJNHLaUg64k1az6X1bzmwULRNtz""]","[""1VKZeMtj2NjF3hZYVZYKUsbrAXTpYTnWjt""]",[1.47342171],[1.47149621],0.0019255,P2SH
6c3292a09fceaa2a27acc18af1fae11622c790b04763ca73db2f36bdcb9c4f37,"[""35hYiQcK4ppDxByYynn7kPesdYpDGaokAE"", ""bc1qdy00w69j79ffu64xydw5vhycqrvrq6aycg7neqe"", ""bc1qh2kx0jw92ypk5r6rfs6yaqdy58uvu6r9rr7tnra""]","[""3gifqdueJSaj6JkB8YyXuqFpUokL7x9yrj""]","[0.88202524, 0.88202524, 0.88202524]",[2.64575067],0.00032504,P2WSH
0a804c627631d289a73a1df8a70128763b98ba8979201a6cd7f8d01fde002382,"[""bc1q70dmce3q760jat4v57z37zwc59pvxku5tz5hyxh""]","[""bc1q4wqy2k4kkhgrp28al77nhpgnfvt73jgsauy2syr"", ""1rs86sBAWGtaayXaR5mgt2ggPbxq95qfTx""]",[1.27920729],"[0.63943856, 0.63943856]",0.00033017,P2TR
bbf1a4cb7c84e35cf519699ce349b6712aeb6b18e3ff764b1e9ed29cb3df4689,"[""bc1q6l0d2r9d04vcpzgrcm6qmwpsn0wpgyfu0q5ekfq""]","[""bc1qjc2cjgem409elzey9m2upsw42sr3vv0fssu6776""]",[4.64239905],[4.62696299],0.01543606,P2SH
1362422e241c3059893d449b3321d6edcb1936c2708303cb6cad5b180e2dbe34,"[""bc1q6l0d2r9d04vcpzgrcm6qmwpsn0wpgyfu0q5ekfq"", ""3p5AJkaH8ghwWV53SKF6xqaxzfG3kUevBa""]","[""38fTmXq5Gz7bpZhs8aWihWZy8te9diwodC"", ""38ZJ5ZdYNsS9SKwiURRQ2ZxRkcJFW8YZJk"", ""bc1q6l0d2r9d04vcpzgrcm6qmwpsn0wpgyfu0q5ekfq""]","[1.13071493, 1.13071493]","[0.75320977, 0.75320977, 0.75320977]",0.00180056,P2WSH
e6d363186ba8d9ea8358bf2801c79cd682f6f4f27e0496d3de94db3141cb7406,"[""38Hr17Bb9SoGhVorL59w9VzmESdDjMek7A"", ""3UUwvEgPGXSHoPKXx6XMqceGGoFaTgFfmX""]","[""bc1q58fn0rzg30hta8k7cf5sgkspukngxyl8hxt6ylk"", ""bc1qfl3dhcg7wl8ag4glcfjpggg5cqf46mwqqpt53dj"", ""bc1qk9346qrrw8fxqz74675krmy4uj7ukgwa5agduc2""]","[0.55451949, 0.55451949]","[0.36838448, 0.36838448, 0.36838448]",0.00388555,P2WPKH
47b462478c6081a3840e0928b3f2efbcaf0ec7b2345967cb4c5cac2f4e49b6a9,"[""bc1qdzdjlm6y5gqjvy4ur0x4cxt584kj85ss77wjyad""]","[""3SsutioqjFNWRXHYV4AWtdFjcWBDFa5ACD""]",[0.87082373],[0.83615297],0.0001,P2PKH
1eb7d373bddcca345de6d39f60059076020292ceb37ea433a5918a1ef9150e78,"[""3QvsU66CNWB9WCuymY5DdXYdhVbLdcoXhg""]","[""1FMD6P2VTFZqFjWATsq1KG6vkfvEWeqzYk""]",[0.5],[0.49],0.01,P2PKH
39752c05a2ed6f0d489d6969077449962da67a987e2d5ae2d28db1c8cc9d9f6a,"[""bc1q8wepqgr2u9z7l2lukd5ndp2ld3a34frv30pqz65""]","[""1XnAYQMtfLJxcUZke7MEevF3tPo7Fi2WmW"", ""3C2AH5qJQVf6YBtNSGTEG4kf5LYybZqpRY""]",[4.22849631],"[2.11015949, 2.11015949]",0.00817733,P2WSH
643a52a3be01efb614ac83d600c598ce26e9ffb697a6930b82a4e4e3ca7d9d33,"[""3aqg5RH2cMyuNwJ2NH9b7DKikniwNaf9me"", ""1xzZzdjY8socfXKCauLoyEKyhSxQ5Z5NVE""]","[""bc1qu0zuksue4nrc9lleydldl56gaazvv2gwmensddy"", ""bc1qj7rrcemuug5j09vn4vvukp0gt2ef6m4l8fhc2hn"", ""3aqg5RH2cMyuNwJ2NH9b7DKikniwNaf9me""]","[0.74061038, 0.74061038]","[0.49362115, 0.49362115, 0.49362115]",0.00035731,P2WSH
cc49f92c4a63f72395bbcf0deb67f2ad7c96c7e52216ede56b34402de99a4c44,"[""35zMoh7DzCvoFUrLak3gqFgbkNnWLRysgv""]","[""bc1qhgxe4388xt7hvugpdee983vny2qg26jtlm5aeln""]",[0.44077759],[0.46136999],0.0001,P2PKH
39cd46258277cf980df78f271721683f0887f19dd3933ef3e38db5df29db0384,"[""bc1q246x5rsxf2sxnqas2fr6wgzapue4vnk5xkdrsvl""]","[""15fvLMkDT2m8BrRCSPz96KUximkmF6k2F7""]",[0.48809635],[0.33095133],0.0001,P2PKH
58e9656d67ddeb5c5fc184990a40ca1b09ca5d45f8c446fbee706648c8b3ffcd,"[""3Qs9zLztz9sB5LzK4TDmaAnn8SRRU1Xjxt"", ""bc1qvrs46t5nfrzl5mgkufycueen44h5lgdvpkjxh83""]","[""bc1q0ldt6dl2awt39df445k7urz6zqarhn35se4mxc3"", ""bc1qr6prwrgkx4qdrsnkdusnfe0nc6ltd93ak08qzrj""]","[1.04463778, 1.04463778]","[1.04366795, 1.04366795]",0.00193967,P2WPKH
f9ebbefa8fa3b5ad4363ba5f8a55a4a3c68652c803359ca701f21625cd8d3dd5,"[""1zqPiHANQZF1rkXWn3H2dg2kpNQpsr5Whj"", ""34mGKPSQuGjLpJQaACdwcLc2io6humZeXN"", ""1woKqfs3d18NwgG9pjHCsxrk14ZDBRGPad""]","[""bc1qhxd7an4rus42k3x4vh9jv6fxen2w4se7h4f4nz7"", ""3JoE2CLsyHeQyYw7yBxG7SjKcWPaFi1vYi""]","[0.03361866, 0.03361866, 0.03361866]","[0.05023901, 0.05023901]",0.00037797,P2PKH
b4937ba63f733ff88f08fcc83fc0823180b14c773ec61b64cb7c0557e56662e7,"[""3aqg5RH2cMyuNwJ2NH9b7DKikniwNaf9me"", ""1xzZzdjY8socfXKCauLoyEKyhSxQ5Z5NVE""]","[""bc1qt58lse5uu6q3gyu4zv7n588yla23xy3emfksyll"", ""3MKb2JzczS93pCNkr74xvsp1h7T2DYCXGV""]","[2.17382746, 2.17382746]","[2.16368893, 2.16368893]",0.02027707,P2TR
27a54f2fcf06967ce39b591fc6985a05a08419265fed86a6590c3207e6c952fd,"[""bc1q0hlsfrx89q3gl3kym0mj0w9p706vz5pyjflrcne""]","[""3AGtFFJaaD5KUVuhp6e3oPnvLtSv7mkrvd""]",[0.91851551],[0.9142973],0.00421821,P2WSH
2968cdf6b349b112f955626bceef6a2c897e734ed5e793d86a7c4b2a1fbce55f,"[""bc1q03hhadzyqsrxmru05symdqrlhug2uj9f4e7tn0x""]","[""1cBXbg9fJpM7vfwpi51w9fKPinU4axH6zB""]",[2.76496306],[2.76191641],0.00304665,P2WSH
2e94104dd22be4e39f508654d8c4550337f1364743b0b0bd998af1fa904f8b35,"[""1SfsF3SYkn9zEvaampEszXQGZbjBgZ3LeP"", ""3vhhQEKHUeJMtUoimKCK3sj1ZaiJCEaFYw"", ""bc1q2dyvc0mfkea373y8x5amzhxg4nmxch30m27qa7r""]","[""3ntm3dq1vATzRzutJss6M5fe4djkR66D5b"", ""3suNgfYeMBYXjD12JgYXpFMGwj7oRmt1C6""]","[1.42225784, 1.42225784, 1.42225784]","[2.12675406, 2.12675406]",0.0132654,P2TR
6c170820c0fcc064fb49da1a74911f69c7f4cf0bbf6e04fd898133f96834a991,"[""1yVyHMRuGqvWSAjVxZvdSB4BUAU7tVSzZT"", ""1rs86sBAWGtaayXaR5mgt2ggPbxq95qfTx"", ""bc1q4wqy2k4kkhgrp28al77nhpgnfvt73jgsauy2syr""]","[""3wAmxmkMidN4PRFUvMh2f9cw9FafA76iPh""]","[1.5204729, 1.5204729, 1.5204729]",[4.54635337],0.01506534,P2TR
4511871aa5ce073d25b11c74294971ace42b2448c4502f668b40c3aa0fa11dca,"[""1tKJQpU3eHs3fGoSQSxLBhNoG5RRzBJ6LJ""]","[""1A8FofBrxV2r5bsuQNf6wj97jwXqxwFtE8"", ""1XMxYnW2s3PNkM4Ef7ak8MLeqgyUB8iw3C""]",[4.67259182],"[2.32845361, 2.32845361]",0.01568459,P2SH
bb64d3cd1dddf7feeb449af91f4ee2972d2d27007dbfb9f4fd491a6c1318b641,"[""1YGCHqL2q7i3NxDxXpSobdxnz6hZRtx5ut""]","[""1neSinkeBww9Kbw8GMmUmTFSLA7oXL6wHJ""]",[0.99575269],[0.30454686],0.0001,P2PKH
ca653cfb082f9c1adb9f2b7b68a8872681ed47ab0d6302aae7e0e80e9e71466c,"[""1EqD1SX7sAmUvNLt4vHqUGNhJEMBSJogxX""]","[""1ApBxu5nBWrg9qsY7pRRL3L4jz8kbEbEFx""]",[0.77536139],[0.42883727],0.0001,P2PKH
02137a0a7897cb20d38516cd046a7860f6ad8ee106f362265aa21473e1f6cd41,"[""bc1q7vl7pna78jayh8l9uzk5uwg8zgrqvhlu0v3r0m5"", ""3C2AH5qJQVf6YBtNSGTEG4kf5LYybZqpRY"", ""bc1q8wepqgr2u9z7l2lukd5ndp2ld3a34frv30pqz65""]","[""3QLJo9btWqYKjZDDigv8iyBYdimZawigtX""]","[1.13135229, 1.13135229, 1.13135229]",[3.38274848],0.01130839,P2PKH
430f03949112c78371a818d23ed8dd61ac6d3fac016346ca4872a3108bcbd19d,"[""bc1q70dmce3q760jat4v57z37zwc59pvxku5tz5hyxh"", ""1H4PzFpB5yCPe7YSc7SG35jn2Ve13P9LP1""]","[""38ZJ5ZdYNsS9SKwiURRQ2ZxRkcJFW8YZJk"", ""38fTmXq5Gz7bpZhs8aWihWZy8te9diwodC"", ""1H4PzFpB5yCPe7YSc7SG35jn2Ve13P9LP1""]","[0.79951302, 0.79951302]","[0.53052609, 0.53052609, 0.53052609]",0.00744777,P2TR
d1d51a652f483414d214165f46d1a979a75ba2e411ebe16eabd3cb0f7939719c,"[""1nxdtZeTLppqLmbiNT6f1MdoYN7uVpkQFC"", ""1xn5iueTyG3psrMgR7rt19eLtxGjNL7QTq""]","[""bc1q4cm5g5trz04sqjjghe905djrzae96q33e0sjker"", ""3uDoCeNr6nrNygA4MUw7WLS9iF7QJbBkmz""]","[1.25078724, 1.25078724]","[1.24998089, 1.24998089]",0.00161269,P2TR
efd01f85571cf32595fdb3d62e7e35286987d0674acdb7be0fa0d1033a0e250b,"[""1EqD1SX7sAmUvNLt4vHqUGNhJEMBSJogxX""]","[""bc1qffjcrqvc2ltkd37axhdvswy6388vgnusc8xnl8t""]",[0.76644747],[0.89422485],0.0001,P2PKH
100ecfe51b795c7f39edd5c23ee5842137c0ee175a28148ade0c4f37603338b8,"[""3hi7zZeKGk9chMXoALTKQ183Ex3PUry6Mf""]","[""3xHKfzJzWk3ZvqZVdEW8NP1omFDf2aHKcc""]",[0.5],[0.49],0.01,P2PKH
31c9d2807cb50863bd72b38cc0bd2c50fcc44a92a9f0249c1b0b2b6f3343a50d,"[""1sQnNTdr5tL2RGwYon5tj4wgt7NcNBZ4iC"", ""1Katb9a1y3Um2XUopTEZ1jx8Je6UJhrk2T""]","[""3wN1gfPXg7PhyktANCCqQERVmmbkowMfxz"", ""1sQnNTdr5tL2RGwYon5tj4wgt7NcNBZ4iC""]","[2.32468896, 2.32468896]","[2.32349836, 2.32349836]",0.00238119,P2TR
049a14a2d1c21e5b8eec741613384391c17cf800af6ac864a98b98f1a22a8c13,"[""1eshRCdwKDfQLkFaQ6j9ZbEctYfRMEw5Pn""]","[""bc1qleyqetexhzv5wecfvwf8qhn7t4krzw0lk2t45cz""]",[0.00334241],[0.00327213],7.028e-05,P2WPKH
8926eb67a898ef1bc06c8d2d2c8a784c2daa938dcac9639b3e0d905494ac8ac5,"[""3G5CnaAAUQYxDJG7Agph3qL6FMWgGz2QTk"", ""3Ht3cFJQY4H8CtXdooznMYVuWPBKDtn4zX""]","[""bc1q70dmce3q760jat4v57z37zwc59pvxku5tz5hyxh"", ""1H4PzFpB5yCPe7YSc7SG35jn2Ve13P9LP1""]","[1.26423369, 1.26423369]","[1.262712, 1.262712]",0.0030434,P2SH
8e671a9488fdf4aa7817d959f3d2e9a3004b2ca4ca9eb301a133c76a29ae582e,"[""1kYv6bPqrnRkJT6yaNRDQHHhWPzjxmiTa2""]","[""bc1qjgt84w94auck57t870wltkace6c4nesstar6ux3"", ""1kYv6bPqrnRkJT6yaNRDQHHhWPzjxmiTa2""]",[3.89460451],"[1.93886638, 1.93886638]",0.01687175,P2PKH
eeb3cbfa72f87038bf7f7f39e443e236c895ae816cae47f1d935ecf2d9e21fb7,"[""bc1q246x5rsxf2sxnqas2fr6wgzapue4vnk5xkdrsvl""]","[""bc1qkmpqhfethn3v96px9lnxpw8hamjget548azy3tt""]",[0.34152618],[0.34767255],0.0001,P2PKH
82723e0a1f87d4624c84ab9139cb72292f1ec7d5f86fcd8d164124bfc0a61284,"[""bc1q246x5rsxf2sxnqas2fr6wgzapue4vnk5xkdrsvl""]","[""bc1qul0yqekh4qvpfhe2j32xyuv5hukx8umavk6xqap""]",[0.02848097],[0.03568347],0.0001,P2PKH
75436ad22fdd106e489f3baf51b7c29a9cbc3a9b38de991228090146176e7c6c,"[""1EqD1SX7sAmUvNLt4vHqUGNhJEMBSJogxX""]","[""138uQQVMUzSztahg6RjKQoJzTac2JWdViT""]",[0.22194406],[0.87814822],0.0001,P2PKH
5e6ae09fb0b35cfb69f17e64fccc27bba8a0ddbfec38c24fa7f9b93550825449,"[""bc1qyst0n9ypyjs5tj3y0nfls4y863ptl5xzx0kwkmj""]","[""11V1B6etRomhCeXQwc3BVxdnM1E7X6MmYD""]",[0.20810274],[0.20728978],0.00081296,P2SH
8056759c2bbf72fe1e40f5d7a3af014b8728f608413c5c2bc07df2ae51cb11eb,"[""3HSbsiLRCwcUG2uumqVWxZz3AyibcYihtH""]","[""1LGL3AQB7bQJTgz9KbU1UGiJjx4Xtmvt5k"", ""3P5cLFGsVPQsBKmN1E1k5Y1Npu1uW3v4EP""]",[36.75725978],"[0.17626918, 36.58084596]",0.00014464,P2PKH
ec3d93554e3493dc3b34bcc8bb0394234a70a9396ee1c65974abcded417b9f9a,"[""3L1kBPhWqo5r32vsaaiR72Kocqv6qFbXPJ""]","[""3NZeLoy6AsVF9cUiZEmFKL9KZQ1hkoYKeK""]",[2.76763983],[2.76235984],0.00527999,P2SH
2ba0292257986cd6fef309d628d07c9d984059f916b8ec3629938cd8a5c10e3e,"[""bc1qce8qqd8e6kq3k70pgm40nqful57h6p0y5j9wgrx""]","[""1tPHCJyMh5JjKyyHxZ72YK7Jhnv7SYUQEy""]",[0.78368924],[0.21585498],0.0001,P2PKH
49e586aab1ad24694a93819e3dd766dd6ce563a79b8b098ed40ad1a141782377,"[""bc1qce8qqd8e6kq3k70pgm40nqful57h6p0y5j9wgrx""]","[""bc1qx3q3mugal3p67u3xde3awhyprzlkddhf25u048q""]",[0.54882994],[0.60020408],0.0001,P2PKH
52aa5166f5f22c59d6be07533ecdd790d7bb7b1576db0000359bc4a49011803a,"[""3DzW637dnR4PzXyr1igYGe7STxsGWBusJe""]","[""bc1qcflwt6wlc8ejtk59yxxptg32kfgml4r7ealmym8"", ""bc1q9f96nm70xv35d0kw9je8p8fcjc0sjg3l3ccwxdh"", ""1fhg5dXFTGvgDKm4poQ4uZiDVte99kYkRa""]",[0.54322271],"[0.18078433, 0.18078433, 0.18078433]",0.00086973,P2WSH
7dd958ce56d25741787be838e77ee252a9412d58208c25c4303b84dbedb61171,"[""bc1q2apmz7cgxjnqu35f8evwk9dw2ym2ltvcsr8rwyp"", ""bc1qk9wwhand5ep4vsh9qm4wy85t7pywtwzyt2g7q9s""]","[""1Rm72VSC2fbUu3J168bbCf29kHaMrncW4p""]","[0.70433393, 0.70433393]",[1.40384477],0.00482308,P2WSH
df32e16925ce332c0892d339aeed0a2a10699f45a15d4fb1cdf5c804b488348d,"[""bc1q2dyvc0mfkea373y8x5amzhxg4nmxch30m27qa7r"", ""1SfsF3SYkn9zEvaampEszXQGZbjBgZ3LeP"", ""3suNgfYeMBYXjD12JgYXpFMGwj7oRmt1C6""]","[""1BDpjmspWAKW8rt2CqqFTvhGpWd82NbBsb"", ""1SfsF3SYkn9zEvaampEszXQGZbjBgZ3LeP""]","[1.26794484, 1.26794484, 1.26794484]","[1.89765499, 1.89765499]",0.00852452,P2SH
3d0c7876fb48f224df76427b155fbdec7ab56826dffbba260cac4e3beadcce1e,"[""1nxdtZeTLppqLmbiNT6f1MdoYN7uVpkQFC""]","[""3UUwvEgPGXSHoPKXx6XMqceGGoFaTgFfmX"", ""38Hr17Bb9SoGhVorL59w9VzmESdDjMek7A"", ""bc1qme5erkp79dje49vtq46lyardpg2k4cjjl42skr4""]",[1.09022265],"[0.3624292, 0.3624292, 0.3624292]",0.00293506,P2TR
bbc937273f7ada88a9e14425f0cf3ce7ffd2806865a0923858c4dcc23e498aa5,"[""12317KgSACuNuzwsGn7w5LcpGA8T8rktyQ"", ""3fXEUVHmU6miMqFerh5VDfUPVLpmWKwifr""]","[""16XNTAKKwbtAk35SRcRDWM7gbXJDz4Cwmm"", ""3L1kBPhWqo5r32vsaaiR72Kocqv6qFbXPJ"", ""12317KgSACuNuzwsGn7w5LcpGA8T8rktyQ""]","[2.40799243, 2.40799243]","[1.60368837, 1.60368837, 1.60368837]",0.00491973,P2WSH
f9a1d2b159726be964f3987cf47708d8ff17a3eca454519146d752270b4a9659,"[""1eshRCdwKDfQLkFaQ6j9ZbEctYfRMEw5Pn""]","[""1t6HswF5LmnWuvGUQTjdYBegvDPkVueygE""]",[0.02888306],[0.02879894],8.412e-05,P2WPKH
7b7802b9d1090c7981076b9af428248dd955879f099195372b806ee5ee6fb24b,"[""1spGsW9MiTVXHiQzxE3QTmyQa8aZVutu83""]","[""3QyxaQBLcbtbpbjnjFKZUyZTVcNn18FBXs"", ""3tp6CXBm5zQ2uH3yhv9ck4njfrsjZD7CpV""]",[37.46321205],"[0.17626918, 37.2868901]",5.277e-05,P2PKH
9f4142bc183bc8fa2b81ee55f8ef71487593c168aabcf8010c96827cc317704c,"[""bc1qcflwt6wlc8ejtk59yxxptg32kfgml4r7ealmym8"", ""bc1q9f96nm70xv35d0kw9je8p8fcjc0sjg3l3ccwxdh""]","[""1cBXbg9fJpM7vfwpi51w9fKPinU4axH6zB""]","[0.16412622, 0.16412622]",[0.32782359],0.00042886,P2SH
2fb542265a47644161129c7e2fe41e0c24096fe68ef71272144e5d6667d5a81d,"[""1xn5iueTyG3psrMgR7rt19eLtxGjNL7QTq"", ""1nxdtZeTLppqLmbiNT6f1MdoYN7uVpkQFC"", ""1Ufe9ptc1wWUVAkKLHWYNp5Sa6VKyk2Q3Y""]","[""bc1q6l0d2r9d04vcpzgrcm6qmwpsn0wpgyfu0q5ekfq"", ""3p5AJkaH8ghwWV53SKF6xqaxzfG3kUevBa"", ""bc1qme5erkp79dje49vtq46lyardpg2k4cjjl42skr4""]","[0.36765586, 0.36765586, 0.36765586]","[0.36653159, 0.36653159, 0.36653159]",0.00337281,P2WPKH
9a3d3f7b214142a47ebd7d3b4e0c0182a100753d885cb0cd83fe3a7fc4e443f9,"[""1C298fZDhmAck7px72KgxQi5hd6mrb8znM"", ""3LthH1w5iVkheVn6DhJaUXRkLhGF7C7YmB"", ""bc1qh3n88dq24v9wynqvjq5ywpvx2cvc6gzq3lt5c5c""]","[""bc1qvaml8vmd20avle5y7y72rmraqymlzegnvz24375""]","[1.58329338, 1.58329338, 1.58329338]",[4.72719156],0.02268858,P2SH
0d3dd356e14fa418eec88ace46c3702e3605911dbdc9db38ed5beb2ae3a8223b,"[""1hSe33qLJxZ8d2sagvPcJFSMhtpwvEfDDH""]","[""bc1qm0ec9l2wanaankvhmrl27zghrfeftfdxaawa06k""]",[0.18316733],[0.90221971],0.0001,P2PKH
f3df5092a4639aa00e3ff3991757a59682c98cabbddc79d5283c98266881906a,"[""1kwruxrz2vhb5xDp5CaA8ZwmGfwpUgwUNZ""]","[""bc1qslpjcrxygcz9a950vvpnd4zhagx4dtey27ezuku""]",[0.556406],[0.44485235],0.0001,P2PKH
1353b2536c961c79a42a41f54a108fa105f9de848eead054ebc3a2d0d20f408d,"[""1PLtozEgxvCL4d2S2owqFUxqpXE5bS6S8y"", ""bc1q034j4jzyzgj8sex4lk3g3w757p7dlg4wtcu8gdw""]","[""3t4CpLku4VoZcqoM5RjvtU8i7VEMUnsEw2"", ""1XrgjZ4mhRR8SuyNCS4EbEktoZz1ip58B3""]","[0.63171297, 0.63171297]","[0.62865806, 0.62865806]",0.00610982,P2TR
0c782a14df983fea539ce8db5f9e99702cc4c220b0ec507042ef8f86d8f6000e,"[""3cRATn3D1DEdEjxLjCBzN527HCam32CBti"", ""bc1qyst0n9ypyjs5tj3y0nfls4y863ptl5xzx0kwkmj""]","[""19tXF72WPvJVBErGcSf8929kEWhCUH6bNG""]","[1.83124036, 1.83124036]",[3.64587803],0.0166027,P2TR
b0415d05b2a7296cf86cac75a3ad37f9efd4c37db54f18d66cccde3ceeee1fdd,"[""1woKqfs3d18NwgG9pjHCsxrk14ZDBRGPad"", ""3XxsqsfVdbYJDxumRSFRBxfMQ8tqsbg2GD"", ""34mGKPSQuGjLpJQaACdwcLc2io6humZeXN""]","[""bc1qql572hh7jxp52pz7vv97mzm9cfc5r0def4y46s0"", ""bc1q4kvfyqrqlmx55d5exfw0q9yk70mjxj6pq5klmhn"", ""1woKqfs3d18NwgG9pjHCsxrk14ZDBRGPad""]","[0.67129801, 0.67129801, 0.67129801]","[0.66814482, 0.66814482, 0.66814482]",0.00945957,P2SH
03d20fb64b2e73559411be1c6dabb8e1be9c6cfbd0680ebd885f9e4079810c38,"[""bc1q55alxk9vdgzt7rkdaw4rkxmef0ymnlf4ddyfgna""]","[""3uYxSFnGVEBsfEeBWSKZExzy1rrY3E7W75""]",[3.00510866],[2.99770247],0.00740619,P2WSH
60a9e62049fa45b9bfe1612292bf8b29b6385ebf6134784f2ecfe73d1d69c89a,"[""bc1qpvc7xwucf9fakuw5zs9ju3v2qwuuuz25k9hzk5z"", ""139e3rfqJv3RBfchbnBTaw6JNN4RYH8hGX""]","[""bc1qcwrs2q4vrtm9gg729ddctvwjl46he3mxeh0qdyu""]","[0.74425899, 0.74425899]",[1.48199553],0.00652245,P2WPKH
2c96c7b8d2dfe54f7412bdf465549f9192bbbc9fbabed8597da0b3e34c8f28e4,"[""bc1q6l0d2r9d04vcpzgrcm6qmwpsn0wpgyfu0q5ekfq""]","[""bc1qgncm6ak5c3nc7f9499svd3yjg2kyy2pan40jte2""]",[0.70818505],[0.70683014],0.00135491,P2TR
572c9e078eb2e76003ef71dd6c057972f4a08d91546980c3a58555a6f944bdc1,"[""bc1q03hhadzyqsrxmru05symdqrlhug2uj9f4e7tn0x""]","[""3E1AznMPaXj46HqvMxHcCvaGQ75Jwoxspa""]",[4.32864697],[4.3159569],0.01269007,P2WPKH
d1d34a884f09b3825f3eb19dee4e58af48ce2856267830ca4db9555bddc51f40,"[""39TYP7htyunjievzbqwRV67Z3eYuf8feEg""]","[""3uMcpZjHAuaLCrB3K4JaDg7kv6bVLgyoRQ""]",[0.3619269],[0.60935216],0.0001,P2PKH
e217be64f2586b58d29f8e394524100523082e5ea4001bd240133d797161fd7c,"[""3xHKfzJzWk3ZvqZVdEW8NP1omFDf2aHKcc""]","[""3xa9Kcr42vP435xpfk5K55aCFFmdW96E3j""]",[0.26087696],[0.3310228],0.0001,P2PKH
459b343b90e3adb0d0c101cd5c681f1e3330ab8e6b92aab07e5e873572232f75,"[""3cRATn3D1DEdEjxLjCBzN527HCam32CBti"", ""bc1qyst0n9ypyjs5tj3y0nfls4y863ptl5xzx0kwkmj""]","[""bc1q84zaj0jw3697zr6cv04z6uu5qyy3vjx42jaf7dl"", ""3cRATn3D1DEdEjxLjCBzN527HCam32CBti""]","[1.59972702, 1.59972702]","[1.59778461, 1.59778461]",0.00388481,P2WSH
b1bd81050e10e72e09060f79e93beb4f033e73debe4f511774c23b73b9dfc86c,"[""1DNysWnBHAJse9skEtB2fTGv5S9WW4G6ej""]","[""bc1qves7vvcaj4ym9kdfcw5ryxngwm3qu8j0dzn83n3"", ""1DNysWnBHAJse9skEtB2fTGv5S9WW4G6ej""]",[4.88751432],"[2.43958887, 2.43958887]",0.00833658,P2WPKH
1afd928b774b0f82dc077fd89e5d60feccb40664f7a094669a5c8861efab9aad,"[""bc1q4cm5g5trz04sqjjghe905djrzae96q33e0sjker"", ""1gf339rD8ZbHjRYGeATwgw9CdGdeiZeWAp""]","[""bc1qgncm6ak5c3nc7f9499svd3yjg2kyy2pan40jte2""]","[2.13048573, 2.13048573]",[4.24349291],0.01747854,P2TR
7f7ae0b618cc87230385614805b0a2f92315f8276bd860202a0f654287b601cc,"[""1Rm72VSC2fbUu3J168bbCf29kHaMrncW4p"", ""bc1q4l6thqgjywktpt57pf5zx5cn922megkt3tyyfcd"", ""169DBucqXXYk7T5pvUKNptbmLi2pDr9E88""]","[""bc1qjc2cjgem409elzey9m2upsw42sr3vv0fssu6776"", ""169DBucqXXYk7T5pvUKNptbmLi2pDr9E88""]","[1.44265413, 1.44265413, 1.44265413]","[2.1575769, 2.1575769]",0.01280857,P2WSH
e6c1cda28966b8d202bbb539d4ccc4c403810e1999aa8d3e08b1c3f8394b66b2,"[""3G5CnaAAUQYxDJG7Agph3qL6FMWgGz2QTk"", ""166o84nDCQgw5av5zCeo6ro8w3vSjVPRMu"", ""3Ht3cFJQY4H8CtXdooznMYVuWPBKDtn4zX""]","[""3zacWrr4uy1Zy7H2SbdiQSDB9ZqMRHs81e"", ""3Ht3cFJQY4H8CtXdooznMYVuWPBKDtn4zX""]","[1.18953565, 1.18953565, 1.18953565]","[1.77978256, 1.77978256]",0.00904183,P2PKH
bd78f6ceffa6337bf2f626cd720ca386d80b21af1b16dc81958a5a0890a63af7,"[""1sQnNTdr5tL2RGwYon5tj4wgt7NcNBZ4iC""]","[""3KRhRoLoeFRVXXpPaRahkhE1z1Zxv4Mrsp"", ""bc1qvvptdgrtc289rxqaxxa8zjpl0pzflc7s2vty42u""]",[2.23718697],"[1.11674236, 1.11674236]",0.00370225,P2PKH
6a2fb3e3d44eeab20118f58bbdeb3a30c9e25ff93c3867e352911b3c2a1abcf3,"[""39TYP7htyunjievzbqwRV67Z3eYuf8feEg""]","[""19GRhqnUx3itpBdY954nXdjkMrgkrK9p5A""]",[0.75171244],[0.94851089],0.0001,P2PKH
33401d1f5be34c0ad6ef5951dba221d8b35fae95623f62f2675f35e08c1fec0b,"[""3bGRGvJhtiMTW7TC7iHjf9jX89guAbDsvU""]","[""bc1q382k7ym050tgvww0823rwradru8xchygwpyzp5x""]",[0.26213652],[0.85546798],0.0001,P2PKH
5ee20e8be8921e32fcd1df48becd4a9342aac29668a0eeb1dce0159f632b0769,"[""bc1qce8qqd8e6kq3k70pgm40nqful57h6p0y5j9wgrx""]","[""bc1q00nem8ns02k5nn6xjrstgme38stluy9ehqdarnj""]",[0.24935224],[0.93566658],0.0001,P2PKH
91db64b98e1696b4c1788e6a35fddabc962e5c59809cfe108d1be501ffcb7203,"[""1Cpe6bSxRJ6nHV5P825fFFG46BADPCWsPH""]","[""bc1qegt7usq8wcfy2q3lds73q98jyruapunk2vdxjjy""]",[0.40744389],[0.28727154],0.0001,P2PKH
67eb2df766a2ce3291282985aa56618aea9d586dd08ab6b599111f9ac7d5f7eb,"[""bc1q0ldt6dl2awt39df445k7urz6zqarhn35se4mxc3""]","[""bc1q23x4eutlgql56jvnmck2pd08w7xfrecawq0sxah"", ""1hc7jdzVgwzHcKXzM8ZXdVBciy12d7rozR""]",[0.27551012],"[0.13753864, 0.13753864]",0.00043283,P2SH
916600417727656c4d4318f0be31e59d84ae7707cfb8581628096f63822ddee3,"[""bc1qgncm6ak5c3nc7f9499svd3yjg2kyy2pan40jte2""]","[""bc1qc7q6gjf7pmvqvw8v434pcaac26gcxqhnmeace37"", ""bc1qfl3dhcg7wl8ag4glcfjpggg5cqf46mwqqpt53dj"", ""bc1qgncm6ak5c3nc7f9499svd3yjg2kyy2pan40jte2""]",[1.26012071],"[0.41978647, 0.41978647, 0.41978647]",0.00076129,P2SH
12c72c7b66dbf56286c67786692d65ee8ac7826bdc3c4d6453fa41fbc6829025,"[""bc1q0ldt6dl2awt39df445k7urz6zqarhn35se4mxc3""]","[""1xzZzdjY8socfXKCauLoyEKyhSxQ5Z5NVE"", ""3aqg5RH2cMyuNwJ2NH9b7DKikniwNaf9me"", ""bc1q0ldt6dl2awt39df445k7urz6zqarhn35se4mxc3""]",[4.21295828],"[1.40180265, 1.40180265, 1.40180265]",0.00755033,P2SH
31735c7c33eb6ad748644821e3331bde34d87b1ecc4f9ff456e9bb59f752443b,"[""1M5fNn8K1LTouZPbX6Hctr5tRkKKCoVzR8""]","[""bc1q0584kezl0vsak3etu35zc4t5pl4vc7dqgssjjwv""]",[0.5742163],[0.57234994],0.00186636,P2TR
16a2973c055a212eff77deccae96ec70c605f7d34a49a56211ac6cd36b40788a,"[""bc1q8cc726hd4tcw8ugeetayz9263fwj5z02990canj""]","[""1kbr1JfHpKTdp3gm9ZigzPRzPAjaKz5CxJ""]",[0.65118904],[0.56853327],0.0001,P2PKH
08b672cd2e629e7887f1c21b8bc4d6c8d541b7f5b1ad64347a0bd07f68eb5340,"[""1eshRCdwKDfQLkFaQ6j9ZbEctYfRMEw5Pn""]","[""1Uf5reGq1pWxRB3hSos1epQbfzo689UAW7""]",[0.01894186],[0.01885637],8.549e-05,P2WPKH
244a4f516ac190974d4295fe12d4b7f8b7fb17e8946cb49f7411b868fce78c9d,"[""bc1qyst0n9ypyjs5tj3y0nfls4y863ptl5xzx0kwkmj"", ""3cRATn3D1DEdEjxLjCBzN527HCam32CBti""]","[""bc1qdprt7k8u9q42fgndg02r44cytehjn8gjzr5np7u"", ""bc1qyst0n9ypyjs5tj3y0nfls4y863ptl5xzx0kwkmj""]","[2.23965616, 2.23965616]","[2.23420154, 2.23420154]",0.01090923,P2SH
a8008a7612b4cc4c5999b0eb97bc41f9a38b244dae943b772e55ae5ecc447130,"[""3ezxsEiDEbZUpL5rRwRSr29sJjVfMERkmh""]","[""1VKZeMtj2NjF3hZYVZYKUsbrAXTpYTnWjt"", ""3ezxsEiDEbZUpL5rRwRSr29sJjVfMERkmh""]",[3.12998269],"[1.56398004, 1.56398004]",0.00202261,P2SH
c6364ce0e2ea7d07588e1d685a0243d32770356dad62b4302585d8ea1e9ae045,"[""1EqD1SX7sAmUvNLt4vHqUGNhJEMBSJogxX""]","[""bc1q0hw2hxmwwgjnjd3ntel20wnra4cg2xu3mjashfr""]",[0.70698551],[0.96973845],0.0001,P2PKH
8a29aba322b0eb51bf7e0c57cece1f8518f467207c0b53a4a9a48484788c4bbb,"[""bc1q246x5rsxf2sxnqas2fr6wgzapue4vnk5xkdrsvl""]","[""1kjVpA6YQunSgSVmMZgVSHrjq5s4G3oB8e""]",[0.37377662],[0.2651641],0.0001,P2PKH
c4363e34485e46ef5a8168391777333f7b3f6aeb6adaaa174b60f26fde7f38f1,"[""3GW8kwTa1LEkaiwfqEJfpa9Nj7WCnT9RQ6""]","[""bc1q4xv7a9hh3r0ftp4l8dqejv8ljkkyc8042lcpty3"", ""bc1qvaz225knvuc7hsw9my8ghhxvra0pcslrnzav8hw""]",[2.45600391],"[1.22245005, 1.22245005]",0.0111038,P2WPKH
37175f0e74d37d76f51f1e91db77a498deb7a9ab45e7f49f2fae6601b885f54b,"[""bc1q246x5rsxf2sxnqas2fr6wgzapue4vnk5xkdrsvl""]","[""1UmSUc4iH2HGtXieFtNv53eAyV7eKQg7gU""]",[0.07198846],[0.45259249],0.0001,P2PKH
150cd5b735c9af9d4af45b354d42ba60884d708ea6a2d548f08199d63a8e2951,"[""1ap8YnQa9GHK5Rzadmus18GZvk82Shz8sv"", ""bc1qcqu73eq6qx7jhs6frkmwdgmlhrtzeh2sg5sck2a"", ""3MQZi7uubcz3jMTQTqHU8Bmvw5tbNePSWb""]","[""3S3BfntARKPmZVZYUZA4GbNgmH4b8Noamd""]","[1.48867483, 1.48867483, 1.48867483]",[4.44436662],0.02165787,P2PKH
93b9d39addd3482716e65fe3e5f4ceed1de42610bbf3f6ee3a2a4aa69d8bcee6,"[""3ezxsEiDEbZUpL5rRwRSr29sJjVfMERkmh""]","[""1rxMoTuenPwnWGfJuug1u22nqXjKAaRZPc"", ""3ezxsEiDEbZUpL5rRwRSr29sJjVfMERkmh""]",[1.35978874],"[0.67763328, 0.67763328]",0.00452217,P2WPKH
dc668b86a1ecf5f5687235407fb9a64906b518f754ce59a2a45425cde2cf90c3,"[""1PWQCsctHRd6MGpivdvPjWtcWXjfPo68xp""]","[""bc1qnrkjfupzrywnrdttl5qx86hpt7l45gx7fx4htmh""]",[0.99771927],[0.89795337],0.0001,P2PKH
3eb725b3d17834d81cc85ae3952e803fa49ebd0ff8551a9d3fe9b065a90b788b,"[""1TvG2fyHvLN5ZE58118s8iAUegLMowywSw""]","[""3GRDBHNeyfrXwmLkjLUVKz4zNnqVZPhZuQ""]",[0.79117846],[0.02248098],0.0001,P2PKH
846da6d5d265075601e8fec9d96dbe6c60d0e75eb2d1d5e37081c4b0a8c7a82c,"[""1YGCHqL2q7i3NxDxXpSobdxnz6hZRtx5ut""]","[""bc1qa8j6crlh9z00qukj6ssp34sldasrwxv2da0tajw""]",[0.31916234],[0.92261225],0.0001,P2PKH
40a625cfbe5439ee557e9d1bc4114d081f823571e6af0f9606611bab205421a9,"[""bc1qme5erkp79dje49vtq46lyardpg2k4cjjl42skr4"", ""1nxdtZeTLppqLmbiNT6f1MdoYN7uVpkQFC"", ""1Ufe9ptc1wWUVAkKLHWYNp5Sa6VKyk2Q3Y""]","[""bc1qves7vvcaj4ym9kdfcw5ryxngwm3qu8j0dzn83n3""]","[1.04724821, 1.04724821, 1.04724821]",[3.14129139],0.00045323,P2WSH
be27e249e67053382e79e87b3090de11a27aaca100bd8394a484ffa55e72f516,"[""1hSe33qLJxZ8d2sagvPcJFSMhtpwvEfDDH""]","[""323K2tgzvK1wABy4Z5PHmQwENHuxC1Uh8o""]",[0.36559291],[0.51859945],0.0001,P2PKH
ef559d20acf8f6c76efadc4ca68325f94abaf10e8f43e248afcbef46eb10d836,"[""38ZJ5ZdYNsS9SKwiURRQ2ZxRkcJFW8YZJk"", ""38fTmXq5Gz7bpZhs8aWihWZy8te9diwodC""]","[""bc1qk9wwhand5ep4vsh9qm4wy85t7pywtwzyt2g7q9s"", ""38fTmXq5Gz7bpZhs8aWihWZy8te9diwodC""]","[0.87798553, 0.87798553]","[0.87723445, 0.87723445]",0.00150216,P2WSH
45c8085171fa0a6e5bee1756536f1ce84d3818165dc4bd0b430666fc9c7977d1,"[""1PWQCsctHRd6MGpivdvPjWtcWXjfPo68xp""]","[""1gNZ7ZbJ7wSqrnFdgUoryfspq63xEph8TU""]",[0.24594524],[0.37656026],0.0001,P2PKH
bf4f2177bc254f0d5e7b27fc5439ccee1e77f0fb5e0f6806cf9a5bcacc18653b,"[""35zMoh7DzCvoFUrLak3gqFgbkNnWLRysgv""]","[""1LygEKhVkksJz5QkXHFkrsfCWDi5mr9YNL""]",[0.48375063],[0.30909105],0.0001,P2PKH
741d0720e68b8dba7812bf674775784e2de40cfd4f15770359dae398906a51a7,"[""3wN1gfPXg7PhyktANCCqQERVmmbkowMfxz""]","[""bc1qxt97aan0rtle88jzh6l3y479sn7ackkv4tuw8zq"", ""3wN1gfPXg7PhyktANCCqQERVmmbkowMfxz""]",[0.92637262],"[0.4620569, 0.4620569]",0.00225882,P2WPKH
b3b818131efcbf2c03bcb51721fe1852d2591830fab703ae414238f3e6b4e2ce,"[""bc1qjl40r3cvht05kzd70p3mvpfs68869m5egdfjzpk""]","[""1Cpe6bSxRJ6nHV5P825fFFG46BADPCWsPH""]",[0.5],[0.49],0.01,P2PKH
b486fa1eb32ca70fdffb3cbf8a844d6f84e926a682bc8f5674f2a7e6c80256c4,"[""1YGCHqL2q7i3NxDxXpSobdxnz6hZRtx5ut""]","[""3s2kfaGDND6tehd2Dxj8XqkyrdtRVkUe84""]",[0.93404587],[0.17152575],0.0001,P2PKH
fd5a13ada6ab5d6421dd61069c15cac0d0614bb73717c4f611b3925c1425c50b,"[""3G5CnaAAUQYxDJG7Agph3qL6FMWgGz2QTk"", ""3Ht3cFJQY4H8CtXdooznMYVuWPBKDtn4zX"", ""166o84nDCQgw5av5zCeo6ro8w3vSjVPRMu""]","[""3G5CnaAAUQYxDJG7Agph3qL6FMWgGz2QTk"", ""3G5CnaAAUQYxDJG7Agph3qL6FMWgGz2QTk""]","[0.51033934, 0.51033934, 0.51033934]","[0.76308692, 0.76308692]",0.00484419,P2WPKH
95b91f354220efea4665b4e3eb9227e00ae3623b327fcb094868a62a4bdee889,"[""38fTmXq5Gz7bpZhs8aWihWZy8te9diwodC"", ""38ZJ5ZdYNsS9SKwiURRQ2ZxRkcJFW8YZJk""]","[""1xzZzdjY8socfXKCauLoyEKyhSxQ5Z5NVE""]","[1.99683079, 1.99683079]",[3.97520894],0.01845264,P2PKH
9201191196c5c3d8cad1d29af38cd57be8b32462095db89888a9aea64cac52e4,"[""bc1qucghe6ukk0rpc6gjgjt6q4m2asdy7gvn8n36jpg""]","[""1yWU1FKnhfDkT8qfmZcVtbp4DmGxW6TdsW""]",[0.59399053],[0.15130485],0.0001,P2PKH
7fc9b272c4eeb80f56e53d49ef7f7673f2b4709ce6f1806e63e55bfdf3c43b08,"[""bc1qk9346qrrw8fxqz74675krmy4uj7ukgwa5agduc2"", ""38Hr17Bb9SoGhVorL59w9VzmESdDjMek7A""]","[""bc1qcflwt6wlc8ejtk59yxxptg32kfgml4r7ealmym8"", ""bc1q9f96nm70xv35d0kw9je8p8fcjc0sjg3l3ccwxdh"", ""3UUwvEgPGXSHoPKXx6XMqceGGoFaTgFfmX""]","[1.11978773, 1.11978773]","[0.74429857, 0.74429857, 0.74429857]",0.00667976,P2SH
0c21bc658df8c2b196000270d5b6c2d7d71a801c4a21b5b9b7da064948d2c3a7,"[""1zhro6Gro6B2MVDr9hhDgDzQGBZ8EAPoxN""]","[""3Hj8prYHdECwpRrMw2jaiBZBNTbNRS59KP""]",[0.44460966],[0.44452358],8.608e-05,P2WSH
b9d0305efbe75413cea469dade927ba3e403db8317bc118fa40559a38a3560de,"[""1rs86sBAWGtaayXaR5mgt2ggPbxq95qfTx"", ""1yVyHMRuGqvWSAjVxZvdSB4BUAU7tVSzZT""]","[""bc1qfl3dhcg7wl8ag4glcfjpggg5cqf46mwqqpt53dj"", ""1yVyHMRuGqvWSAjVxZvdSB4BUAU7tVSzZT""]","[2.11498514, 2.11498514]","[2.10456785, 2.10456785]",0.0208346,P2SH
e9a954bf875edd887ba3cfd57a19df26eaeaf64b411d145904f58353e50e3363,"[""13e6ydGkaaNNbu5FyDQpMnt1tSEWH9Abpf"", ""3h9ZoxAKnieHMgLUSmV7e5HptCjdjtrdpa"", ""1kah5v7nJ6mSPfUX8PoYx9gvojNxZZ81bY""]","[""17HhVsXdJyY8MSeH4sEweQLeKbhqSJ8nAG"", ""1kah5v7nJ6mSPfUX8PoYx9gvojNxZZ81bY""]","[0.09918836, 0.09918836, 0.09918836]","[0.14806505, 0.14806505]",0.00143498,P2TR
97de3b08c146af447676f904489c558f755e6690d970b26680ce2ef4e5945697,"[""3Zbns1RnjZzFXgAGG9AHJnMwiVcT81PqPs""]","[""3wN1gfPXg7PhyktANCCqQERVmmbkowMfxz"", ""3Zbns1RnjZzFXgAGG9AHJnMwiVcT81PqPs""]",[3.80316239],"[1.90129069, 1.90129069]",0.000581,P2PKH
90744b096506e6fd061eff92b07c4ef16ac8b9696aaee283471d702fd2dcbccb,"[""bc1qnc2g6qxfprh403wn7rfsdgas9qsh625mkegj958""]","[""1zhro6Gro6B2MVDr9hhDgDzQGBZ8EAPoxN""]",[0.44861163],[0.44849723],0.0001144,P2SH
09e86bc80283e209ba0d0ff091e37cc7c7aceb6476e6a3e14c65f8a251f73baf,"[""1x6N4ke6JZaCQnNsLafjbqaX5Sf511KwbC""]","[""bc1q2qjgcjagrezfmcjgxgjr7rsz35dunr7cmjtl2se""]",[0.88886156],[0.08678826],0.0001,P2PKH
a53e6084673cecd9fb90be7111a66ed86c91a3d3f3244ae55717cb57f1d5d446,"[""3fXEUVHmU6miMqFerh5VDfUPVLpmWKwifr""]","[""1Ukx5doK4LnUWUjRxoH3vkjZ4UA3zodH5W""]",[2.01039171],[2.00865463],0.00173708,P2TR
8254bdbfa18e0707293ad390e1e4c3cbcf9b5719e64d9432db3904d0a6492eb6,"[""1FMD6P2VTFZqFjWATsq1KG6vkfvEWeqzYk""]","[""3d7CADjneSJTFozSiFyfVopFHZiazXDwNm""]",[0.02816901],[0.23612495],0.0001,P2PKH
4eb82db952b626bd91c4886646b8cc4383cf8f47e83bd266a499fe4c2b2a2667,"[""1TvG2fyHvLN5ZE58118s8iAUegLMowywSw""]","[""bc1qzyklk5wya7vs2wp5uaa20paxcxqju4xl2hd7auf""]",[0.37597936],[0.419056],0.0001,P2PKH
c2fe513681b647b239737a6d4966f376e10392a803bdb3c5afed91585e755b42,"[""bc1qew6yfrvjp54watyuwq9smxuss9y5jwmye4az607"", ""38dZCVgEkSXn52x6291mZsLgxjXCDpWMur"", ""1Sdsa8X6V3Y2pHqPMsAHXFXcKcYtawze2R""]","[""1zqPiHANQZF1rkXWn3H2dg2kpNQpsr5Whj"", ""34mGKPSQuGjLpJQaACdwcLc2io6humZeXN""]","[0.47117508, 0.47117508, 0.47117508]","[0.70622277, 0.70622277]",0.00107969,P2SH
2100cf308fbf10d302d542b19931f6cbe16e38cbafc57508e097c299d8f1fcee,"[""1YGCHqL2q7i3NxDxXpSobdxnz6hZRtx5ut""]","[""bc1qm2xzf5wzqazu5mqez4jp6lvkdc6gymazraf8vse""]",[0.80437095],[0.76181162],0.0001,P2PKH
84ec933c01a518d23ca80fadc63bfb169eeff4ba7fc45c26b199fdbe1a630c75,"[""1cBXbg9fJpM7vfwpi51w9fKPinU4axH6zB""]","[""bc1qvfp3ys8phvwns8fvyzjpvzscyy305xnh8zc2az4""]",[4.23386884],[4.21706579],0.01680305,P2SH
ff3f7070be7fe2cd81a344788e9f6163d5dc71fc76f2e833d15731405c4189a4,"[""1PWQCsctHRd6MGpivdvPjWtcWXjfPo68xp""]","[""3VRHzbPwRLrgoLB3P5RU4d94f24DrJj2Dm""]",[0.36968655],[0.26006497],0.0001,P2PKH
fb83db431678b597db696eaa912844895d36c496c6b64bb236e994eea4ea06c0,"[""bc1q246x5rsxf2sxnqas2fr6wgzapue4vnk5xkdrsvl""]","[""3VESg7kWR9RaQ8QqvSD2ND6YrUHzA9gvmH""]",[0.19658257],[0.04373529],0.0001,P2PKH
9870c62665932aa4396e53dd6dad056794f66ad2d1f7900679f1ebc08280e948,"[""bc1q4qk6ldyzvhr2uyccylysq5wh5yd4mzrcjv72ygz"", ""1mgVaGRTdt6WHwNxK1mjjTfM4XDRDGqLaZ"", ""3ntm3dq1vATzRzutJss6M5fe4djkR66D5b""]","[""bc1q7peykma8hacmhf6a9qvd0tvzhfak3r2empaf5jw""]","[1.12449582, 1.12449582, 1.12449582]",[3.36880602],0.00468144,P2SH
e5425b78490a80d535962d234216b97ef528128a2229591ebe3ac438aa80703a,"[""bc1q0hlsfrx89q3gl3kym0mj0w9p706vz5pyjflrcne"", ""1mPuJbRZ4x6mdG5EZAQgU2HHr5EGnboC7E""]","[""3Kr48vSJd4gZJP6kEbf1PotcLwnTLC6b4n"", ""1mPuJbRZ4x6mdG5EZAQgU2HHr5EGnboC7E""]","[1.42841587, 1.42841587]","[1.42319088, 1.42319088]",0.01044997,P2TR
1f387756ba0907dbd2954e2554f30f31a4bc72e001528cf148875eb30037d3f6,"[""3wfFGdx3HZchvE6Zd8YPdXHqHLyAAoN8c4""]","[""3qJRSJs9Rv1Co4W2NC1Sgd6V6RMS48F5FK"", ""3Z4NGkDgKwvaKTajkwdXSkJiaRP8EtiVdZ""]",[36.40430501],"[0.17626918, 36.22796019]",7.564e-05,P2PKH
bb27a28448c6eafaf7990b2ad49d6adf78bb56c5d8b9f8f312f8a1c2b9f477df,"[""3P5cLFGsVPQsBKmN1E1k5Y1Npu1uW3v4EP""]","[""1eRqdb1D37AoE2N2GACwkZhNrapy3dX3sT"", ""3wfFGdx3HZchvE6Zd8YPdXHqHLyAAoN8c4""]",[36.58084596],"[0.17626918, 36.40430501]",0.00027177,P2PKH
56df2713ac9c7dfb7b7c52f0497d427681857a34646728560f028a69ddb87447,"[""3bGRGvJhtiMTW7TC7iHjf9jX89guAbDsvU""]","[""1fCqiaikSFTX9wP38ca7pj8rwJUhACogY8""]",[0.52995859],[0.3682687],0.0001,P2PKH
5cc046175c952ecfb65bd9cad99e0910cf4756434fda09fedfdd21ff74b9f1a9,"[""3bGRGvJhtiMTW7TC7iHjf9jX89guAbDsvU""]","[""bc1ql529fwxk6zymm8akrlt8ktwa7ezhd4lpav54npk""]",[0.83581863],[0.19769386],0.0001,P2PKH
d9bbdadfd8b2a200dcf715e7da0f90ee97b53968513b5272f9f01911807ace87,"[""1hSe33qLJxZ8d2sagvPcJFSMhtpwvEfDDH""]","[""bc1q5nww88ccrdu976gagzdpgctdft4hyudnhtz4ju6""]",[0.93882408],[0.83602105],0.0001,P2PKH
d11d48b4061212126717a7868ec5a63cb9bcd893fbc322cfaa4a2ac345caee23,"[""3aqg5RH2cMyuNwJ2NH9b7DKikniwNaf9me"", ""1xzZzdjY8socfXKCauLoyEKyhSxQ5Z5NVE""]","[""1woKqfs3d18NwgG9pjHCsxrk14ZDBRGPad"", ""1xzZzdjY8socfXKCauLoyEKyhSxQ5Z5NVE""]","[2.10876984, 2.10876984]","[2.10231164, 2.10231164]",0.01291641,P2WPKH
f24e9d074d32ccc001887cce0178f85a95f7f2d3618d92c4a3f187196fa23f1a,"[""bc1qme5erkp79dje49vtq46lyardpg2k4cjjl42skr4""]","[""bc1qh6tjcqhwe6pdk2hcwe2aexzlg4dqvq5wv4hhf6n"", ""1nxdtZeTLppqLmbiNT6f1MdoYN7uVpkQFC""]",[1.89424447],"[0.94461952, 0.94461952]",0.00500543,P2WPKH
e9d181d605aa7aa6f13c400434552d661555c4a11681145c1888511afe044020,"[""1LZPFrxb95fvJff8i5ZeL8hwzu6fW2JxLm"", ""3THPXypo9FesZ6rrHmGu9SwDTM24WEzN2v"", ""1E85q6mqt3Lm8NAqmoASQgESHkTXJoUqNw""]","[""bc1qves7vvcaj4ym9kdfcw5ryxngwm3qu8j0dzn83n3"", ""1E85q6mqt3Lm8NAqmoASQgESHkTXJoUqNw""]","[0.88330424, 0.88330424, 0.88330424]","[1.32259733, 1.32259733]",0.00471805,P2PKH
3327346ddc6cfba60d1e2c8b730093d193fa018f46728611ebec70076853060e,"[""bc1qwpuxs7973qz4cmdr3klc57hyw2zpe3j8gv5dq43"", ""1XnAYQMtfLJxcUZke7MEevF3tPo7Fi2WmW""]","[""1dHkf8Cc6RzJD32tMAqt24Rc7DFLM3sG9h"", ""19kREoQQTroM291ow5KyA4mfeu4difXJQg""]","[0.5390812, 0.5390812]","[0.53797719, 0.53797719]",0.00220801,P2WSH
60b4223bb65791c68bca79614dba05ab9d55aa8e2adc6fd16d70c56d1646624e,"[""bc1qce8qqd8e6kq3k70pgm40nqful57h6p0y5j9wgrx""]","[""bc1qqh6rqk605pglzdn6xc0kyc3ujws6xjytmnvpddp""]",[0.17285827],[0.37150254],0.0001,P2PKH
7de3eb3d40597dadab6ac7c851224547ffcd505614ff892229b01b2a0c2d60c0,"[""1gEC2FUr5RdChVFf1km7RBxX3FrTofzbxt""]","[""1mgVaGRTdt6WHwNxK1mjjTfM4XDRDGqLaZ"", ""bc1q4qk6ldyzvhr2uyccylysq5wh5yd4mzrcjv72ygz"", ""bc1q6udaw9mwc6gc08wk82uzyvyxd2wp6vc7quj07fv""]",[1.10564646],"[0.36768215, 0.36768215, 0.36768215]",0.00260002,P2SH
879fb19a376b49217b9e149fd1ea25300663c3b8e984b050da206a7c92ec2c5c,"[""bc1qnrp7e7clenmr3s9rxthkc0myt6rxlcq60f9gkd5"", ""19kREoQQTroM291ow5KyA4mfeu4difXJQg""]","[""bc1q4qk6ldyzvhr2uyccylysq5wh5yd4mzrcjv72ygz""]","[1.37589433, 1.37589433]",[2.74273176],0.00905691,P2WPKH
368dda515998538554530b6bc7405f1ff92c1020c9452512e1ce3482ecad98c1,"[""1hSe33qLJxZ8d2sagvPcJFSMhtpwvEfDDH""]","[""3mBxiqqFzKHPSGk9Eqett855vG4XxbMdL9""]",[0.3511699],[0.72050016],0.0001,P2PKH
b76ec02e7964226f13de91df20bc7bd375a31579741aec02c3c1805635d3df14,"[""342du2Za6me8ZSrWn9YAFxxZ3pxdeA4vGF""]","[""1zqPiHANQZF1rkXWn3H2dg2kpNQpsr5Whj""]",[4.53678776],[4.52768015],0.00910761,P2PKH
2c58cda12bdccc9a7e544890cd4fe3a59d6c9b05f75ffce2239283c429ec4bd7,"[""bc1q0ldt6dl2awt39df445k7urz6zqarhn35se4mxc3""]","[""1y6fGpv4zDroMqrBbohv2hwZZBztVJV6ED"", ""3C2AH5qJQVf6YBtNSGTEG4kf5LYybZqpRY"", ""bc1q0ldt6dl2awt39df445k7urz6zqarhn35se4mxc3""]",[3.01864866],"[1.00440461, 1.00440461, 1.00440461]",0.00543482,P2PKH
91f886d09973fef0c5201bf406d3169aed4d1a1c836afbe6aacc802da891f5b3,"[""1YGCHqL2q7i3NxDxXpSobdxnz6hZRtx5ut""]","[""3WMYWb1cNcBfboxSAEY5BLu8CjhzxdUZkx""]",[0.24489928],[0.96571015],0.0001,P2PKH
01f3e04c952fd604e2b21b4e0425588a2cf548a7f9064cae70aa6e88d7c7916c,"[""1YGCHqL2q7i3NxDxXpSobdxnz6hZRtx5ut""]","[""1YeFz3x7HKdF8RdseRbGxVEyNakwac6kVi""]",[0.44998026],[0.42835482],0.0001,P2PKH
05454bf8f74a484b5f19622e5e3045cc52a7a448095d23a7697be08f02f96865,"[""3suNgfYeMBYXjD12JgYXpFMGwj7oRmt1C6"", ""1SfsF3SYkn9zEvaampEszXQGZbjBgZ3LeP""]","[""3cq4p7bc4CLqjQ8gYKxD3B4GkANAFa8ndN"", ""1SfsF3SYkn9zEvaampEszXQGZbjBgZ3LeP""]","[0.83360063, 0.83360063]","[0.83197578, 0.83197578]",0.0032497,P2PKH
61e3973f4cdfec40e7476ee44caeb2279d4d2fe9bd9475fec7483a3d99dfbe45,"[""3oX29fCkAHFqhJk2p6sjskZEnoHfvPxyKZ""]","[""1VKZeMtj2NjF3hZYVZYKUsbrAXTpYTnWjt"", ""3oX29fCkAHFqhJk2p6sjskZEnoHfvPxyKZ""]",[3.8623572],"[1.92654334, 1.92654334]",0.00927053,P2TR
40414ae3c50bde75bae6c5cd0927f54a082430b7274e74dbc2c6beb6b95fa69e,"[""3qHW6yC1QqDyv66pvo6Y9ntppZRYqwvET9""]","[""1zhro6Gro6B2MVDr9hhDgDzQGBZ8EAPoxN""]",[0.44539198],[0.44532412],6.786e-05,P2SH
9e4ffb1cd70901ea9a1632f8d150de8b981d84953afc6b52377ec3af831c6657,"[""3vTZb4f168bJXPy2SykQJkmZahfWcdHVR4""]","[""bc1q3j2hxx95wudm6yncrtxapy74vxqnuat7tllqnje""]",[0.28242672],[0.79690165],0.0001,P2PKH
150f7aee47e17e19145322a46317ed7449bccb8bee61df3fef838c053044a5ff,"[""bc1q246x5rsxf2sxnqas2fr6wgzapue4vnk5xkdrsvl""]","[""bc1q4z708vqhjf00pqygkc7awdgtee4629wszrccnef""]",[0.13717544],[0.18805063],0.0001,P2PKH
800decdb346a0de7d55b0dcf13ab666c55b1496bddd184fb4a776235bee20b85,"[""3DpCLk3df8tTbWx1jZSavnuhBp7fcKtRch""]","[""38ZJ5ZdYNsS9SKwiURRQ2ZxRkcJFW8YZJk""]",[3.77215221],[3.76637712],0.00577509,P2SH
fc2705daf136229a4ee7b5311d6f44abb186bb8b65cdf626f078946632ff7bad,"[""1idTezbXNCj8zDo3bccugXDDh2AbNagxon""]","[""bc1q6xa3nrckvr50fuzegq6qvgfyenatwgxzemrrm86""]",[0.88829237],[0.78763609],0.0001,P2PKH
54490c1047be0157e9c3bb6e6d3cdf1f68807cf1cbb6dac28ea3de7943081f56,"[""1xgQ9bgBwnbdL6sY9ZnXPfmW8oeVvPmy37""]","[""1zhro6Gro6B2MVDr9hhDgDzQGBZ8EAPoxN""]",[0.4434031],[0.44333331],6.979e-05,P2SH
cc5f2545e0bcfb802d2668f8b93358748a4049e7217d44b82cd8384169982eb3,"[""3wN1gfPXg7PhyktANCCqQERVmmbkowMfxz""]","[""bc1qwulplpek3yrvjm8m4tw36r9r7vdvz2nxhrw37yx"", ""3wN1gfPXg7PhyktANCCqQERVmmbkowMfxz""]",[4.85221566],"[2.4251998, 2.4251998]",0.00181607,P2TR
bfe9e02167f60c0c564fa857ac879846d77956dcd78f396fb01cc87cb60ce833,"[""1zhro6Gro6B2MVDr9hhDgDzQGBZ8EAPoxN""]","[""32UDHPUFB8kaYevVjvcRSLxu5fQZewt6nJ""]",[0.4446146],[0.44452358],9.102e-05,P2WSH
3bd7bcdc7e23253e54e72cc98ecc423e617357e2363ba86c5cd334efe91ae700,"[""3aqg5RH2cMyuNwJ2NH9b7DKikniwNaf9me"", ""1xzZzdjY8socfXKCauLoyEKyhSxQ5Z5NVE""]","[""3UZRkpcSR3LTEg9VdXHSuU98uqXJ3537R6""]","[1.05195532, 1.05195532]",[2.09725176],0.00665887,P2WPKH
e776cd49e8c3de2a8dc49a0e313fa0a9a6a333b569d9568217b6c84e24e9a20c,"[""1YGCHqL2q7i3NxDxXpSobdxnz6hZRtx5ut""]","[""1n99nicDExYSc7jCobQVAXJjGHM2guFkv8""]",[0.59556523],[0.41808053],0.0001,P2PKH
ad2ff9f97b4e1a94ef6b050d644b1a49f3fa82160d7fff12edfb479d7be6659c,"[""12317KgSACuNuzwsGn7w5LcpGA8T8rktyQ"", ""3fXEUVHmU6miMqFerh5VDfUPVLpmWKwifr""]","[""3G5CnaAAUQYxDJG7Agph3qL6FMWgGz2QTk""]","[0.70547144, 0.70547144]",[1.41010725],0.00083563,P2WPKH
c31591dd50e278e443365e4a63471475e6531893ebd2f3d1aa25a461c0417999,"[""3XxsqsfVdbYJDxumRSFRBxfMQ8tqsbg2GD"", ""1zqPiHANQZF1rkXWn3H2dg2kpNQpsr5Whj"", ""34mGKPSQuGjLpJQaACdwcLc2io6humZeXN""]","[""1SfsF3SYkn9zEvaampEszXQGZbjBgZ3LeP"", ""3suNgfYeMBYXjD12JgYXpFMGwj7oRmt1C6""]","[0.35040495, 0.35040495, 0.35040495]","[0.52530471, 0.52530471]",0.00060541,P2PKH
eef0ff3283c9818ecb6847ff93d80713f3e97c7125f364199368000f3415ed2d,"[""1cBXbg9fJpM7vfwpi51w9fKPinU4axH6zB""]","[""bc1q6l0d2r9d04vcpzgrcm6qmwpsn0wpgyfu0q5ekfq"", ""3p5AJkaH8ghwWV53SKF6xqaxzfG3kUevBa"", ""1cBXbg9fJpM7vfwpi51w9fKPinU4axH6zB""]",[2.72396667],"[0.90602133, 0.90602133, 0.90602133]",0.00590267,P2WSH
8bb8b718003857ee88276b2162fe64f42f58e30ccbb52d9939ab60d0b124c4d1,"[""1JH4SPXW8JSxfNNDTEtzMeHo268tFUrFyj""]","[""3cx5PpSeyH6SEaYtDU5Aas7jMfX9tyzS1S""]",[0.29979817],[0.48764813],0.0001,P2PKH
4724e8c5ea8fefcdefc626e2df42388b8a94f358a194ce87367a9aeb86860abc,"[""bc1qh2kx0jw92ypk5r6rfs6yaqdy58uvu6r9rr7tnra"", ""bc1qdy00w69j79ffu64xydw5vhycqrvrq6aycg7neqe"", ""35hYiQcK4ppDxByYynn7kPesdYpDGaokAE""]","[""1kYv6bPqrnRkJT6yaNRDQHHhWPzjxmiTa2"", ""bc1qdy00w69j79ffu64xydw5vhycqrvrq6aycg7neqe""]","[0.96560621, 0.96560621, 0.96560621]","[1.44374513, 1.44374513]",0.00932836,P2TR
46e4ef7913c3ac4818b63502e1760cfdc855dd008c411cab29b2832c8cdec72f,"[""bc1q55alxk9vdgzt7rkdaw4rkxmef0ymnlf4ddyfgna""]","[""3ugASMbeRFrCPVEaazJyfGZgk3cVuHocMd"", ""1Eq7we9wHhRUUT9Cbk85mrLnG1jqafsSVL"", ""bc1q55alxk9vdgzt7rkdaw4rkxmef0ymnlf4ddyfgna""]",[3.74187325],"[1.24396209, 1.24396209, 1.24396209]",0.00998699,P2SH
7ddee00044cff61db5a6c62a7b40ca43654466c2cb674d006568eb4a503fa541,"[""bc1qqyt3d5vkmdt4ava2z9psy9yf5asuygjpte52t2e""]","[""bc1qd02vwnzgnjh2lu507kpt7drm2lyj96d2lcu4jsf""]",[0.85092192],[0.7817847],0.0001,P2PKH
f97eebc315dc3c7ab7e2c86c390a42e4d47b92957096ecf4ad9867f0766c01f2,"[""1Cpe6bSxRJ6nHV5P825fFFG46BADPCWsPH""]","[""3NbbvxiQD8QY2mSSTbUkCZp9DUBkmSf5wm""]",[0.49429443],[0.07036933],0.0001,P2PKH
5960b12afd856cfb29d315df136350c936399deba6138d8f9ec07ae9227e9a97,"[""3DpCLk3df8tTbWx1jZSavnuhBp7fcKtRch""]","[""bc1qnnckm4fsshfpu70r0nsllaymjt4c7cqzgppes5s"", ""3DpCLk3df8tTbWx1jZSavnuhBp7fcKtRch""]",[0.87947001],"[0.43968648, 0.43968648]",9.705e-05,P2PKH
0e17a848ba3fb09dd062904b46f0fbb107f53ab64703804b869512c4584d7c1f,"[""11V1B6etRomhCeXQwc3BVxdnM1E7X6MmYD""]","[""bc1qjgt84w94auck57t870wltkace6c4nesstar6ux3"", ""1g8xyAetUekHH4meEjr3vRqw3qnBksH3Jb"", ""bc1q4gxe47094p5fd2ecpha9e0ruhj2x42c2rhmv800""]",[4.01830661],"[1.33656902, 1.33656902, 1.33656902]",0.00859955,P2PKH
ef690431e1fe789adda5c33304dddb0a797fc17e7f372fa86d1f051151e07f03,"[""3ntm3dq1vATzRzutJss6M5fe4djkR66D5b""]","[""3mrd5E6a5Hvo1xgw8VggX81Cq1RXMzfvzw"", ""1MjyXbrU81WA8Nj4jyiFchBzoWGRwtpJrw"", ""bc1q4qk6ldyzvhr2uyccylysq5wh5yd4mzrcjv72ygz""]",[3.00611628],"[1.00128112, 1.00128112, 1.00128112]",0.00227291,P2PKH
0baab67dcf399d6de1cd5e12d5adfbbfda9f642170501d05162268efcce09537,"[""bc1qk9wwhand5ep4vsh9qm4wy85t7pywtwzyt2g7q9s"", ""bc1q2apmz7cgxjnqu35f8evwk9dw2ym2ltvcsr8rwyp""]","[""bc1q02ne29empykyrstzk4j22lhd502k3unt46vhf9q""]","[1.15114257, 1.15114257]",[2.29215906],0.01012608,P2SH
10761b401d1e0137937899123398606ba0057cfde718848fc4a2d8ef9149f942,"[""19tXF72WPvJVBErGcSf8929kEWhCUH6bNG""]","[""bc1q7lv0nsp4vkdvqtfw3xuhdw9huhd6nyfls2ajvq5"", ""3RZik8BPZ3pqJZT21GxqUetRVgF7Hz4kaZ"", ""19tXF72WPvJVBErGcSf8929kEWhCUH6bNG""]",[3.59586642],"[1.195258, 1.195258, 1.195258]",0.01009243,P2WSH
