txid,input_addresses,output_addresses,input_amounts,output_amounts,fee,script_type
8d6f403ee3a1a48d41277a09b31739b4c2790f5bdbfcc277ef92d041f993a81a,"[""1Wyi1hoW6gFWXMQdyNXZDLfqwLS5yOr7dV"", ""1pV4fLHpaUaGGxmXzgAKqHJL9ymIIlID9J""]","[""1GWIGcHHR9kjQN1o5SH7Amd8yyGADtSseR""]","[0.0687898, 0.0687898]",[0.13742104],0.00015856,P2WSH
b783ce531c1998d6a91103815c921c0f457317ececa0ee13228c1fe27bcb8af2,"[""1ExtEpU21D6USsKZpaGv27mMh6gYTlxda9KBx""]","[""1d3U5RJu735Md7DLl31X8EEBdu40ujDaql""]",[0.02128241],[0.02123414],4.827e-05,P2WPKH
15a6e1bdae2e4cbfdc40ae6491524bf779af002cb0fd1cf721dc9f571008ef8b,"[""175r9HASVq7C9o4rQr9VsJcrqpOVatOZ0B"", ""1Ks7d0xbxBnxOHObV64UuZqUnbSM1W5UYI""]","[""1o5OsXqt3srWxnBk0YHtEfiuvgR1Kaphlf"", ""175r9HASVq7C9o4rQr9VsJcrqpOVatOZ0B""]","[0.06442425, 0.06442425]","[0.06420253, 0.06420253]",0.00044343,P2TR
5efa88b9879870a4b4abf521b63b89dba5cb165ba0fe9692da621ed485dbdefb,"[""1OBHQ3v48ivNU0J8XZyZ29HGJpI6TQWEuZ"", ""1p6AwyRsymAKDMcEbtbR1xHgQMv8EbcE4D"", ""1x6GYnvzUgNCZ3laXFgie6ozZHfYbbhlWe""]","[""1TWxYA4hkrbRau0M6FYlyiWxxsBg5a1roW""]","[1.0789077, 1.0789077, 1.0789077]",[3.22623785],0.01048526,P2SH
20e2b1328099b45d6efc06329601ddd32b8eb572003d978faaa995544b5c927f,"[""1SER69nCHPuJ26iHQtaLSwh8MGTTpLVllO""]","[""1MBn3ihTvAXpNpLSr6b02mLlyOWXoxoNe3""]",[4.32665801],[4.30586991],0.0207881,P2PKH
0e2bbb601ecf11517180725a22fe82b441569e1d651572a69fdbd916a0a84ce0,"[""1jMIpGpjiB2lzke2MJW21TrDAkb7LeVqWH""]","[""1RfIcd9voHYLnHx6FK3Xr7tdfFkUkdIMHM"", ""1rQ75CU9I8B11fKKAkc7oP2X2iwGeCCbKa""]",[1.93613536],"[0.96710989, 0.96710989]",0.00191558,P2PKH
a82fc0a88a9a2826b3133b10d04d5a54895dc8ef760dfdf4edc642cbeedc73a0,"[""1aceXH36b1TVWVPEJHIW15ySkOaAupDg5T"", ""1kYHpb4XXfdjjYHD5Nb0XAYWykMDKR8UZ5"", ""1WICtw3clJbPxvUatCifGVKDIIVhYWNpHA""]","[""1Psqd71uiyF8fr9ompgDgiCXPklakfEYHl"", ""1Mq5AJvZWQBU1oYphFH9zuJBTERHNy5hDd""]","[0.38022139, 0.38022139, 0.38022139]","[0.57022955, 0.57022955]",0.00020508,P2PKH
1c483c42af18b8389d5096e800af5567abfd69d1d013e0c41a1a00833a1f28df,"[""1rutoDz5PPTsR3Owyvd0XyYC7W1BYURO7U""]","[""1YiJDKJ1zip7VzT7XFiDXYf3SepcvILnlD"", ""1ni0DlkIuSWafG6YlQSoiAy55XxDdvIR6f"", ""1rutoDz5PPTsR3Owyvd0XyYC7W1BYURO7U""]",[1.24241356],"[0.41408757, 0.41408757, 0.41408757]",0.00015085,P2WPKH
8caf47a7e4841dcfb657d609e4a863892378dbb677435f00e7edfe408b05ffb5,"[""13MMBvYOW2fHyS2GHnFtvNb3HqZsAFT0qF"", ""1hU6BJavoUKS6P0osPYJixTgGlWCjAzfAi"", ""16BVSGeuyVAyc5jJ88X28z2R2StvZ3LjzN""]","[""1ib91g5hiqle04mgXzEMnA3NBjs4ON0hvv"", ""1hU6BJavoUKS6P0osPYJixTgGlWCjAzfAi""]","[0.13476271, 0.13476271, 0.13476271]","[0.20131472, 0.20131472]",0.00165868,P2PKH
fabffef19510ffcd5904d77f9ea644bcf5490399d2ebb145c193127d650a65a2,"[""1jOtySWDeJ7rf9lxtAQzXuXOpzEHHYxKAJ"", ""1x2Zgkgg7wMh553LlGLQjPsYvg4P5YSea5""]","[""1YpUkNne44TIqEonS6ihse8KT9VfS7Pidx"", ""1B2zZOHT7ZDNEZzMZ6lqxNo2BWDjF5ltc7"", ""1w3fll1lETObklyLeep48gGTYLxbZVNcpf""]","[1.46138637, 1.46138637]","[0.97254502, 0.97254502, 0.97254502]",0.00513767,P2WPKH
4b60a70ae64b9fc81bfb0aa1f0f83a1760989d3f1a494679a3a2327be2266606,"[""1kgSC2RqbIdQnyxcACka3O72SSmqP7lQY9""]","[""1FmtL64wj0wxrv82fTB9XrX8A3iKfmD19e"", ""19eUKJ1MDRhFJ0kdt2ikqA4wrG6FVlfUH2"", ""1egabdaraBT7gwO8TxrOschiC584hN7X25""]",[4.20875285],"[1.40010805, 1.40010805, 1.40010805]",0.0084287,P2WSH
43d9c1fba0c30c239f72184a6326d68fc321c455e3440fec2d54517506ea46f8,"[""1iY7FEQz0EfbVsrHkCUVIhhWZwZcSH9gZU"", ""1s9BvYB9WoYKvSNkimmdvrHuRrq19Qf7W4"", ""1LLKv0MYRsMfihslQFzixlNQO9IEitBdwa""]","[""1VLqJooQwQDFLSx0EilbVaqzU9Ue591EuC"", ""1LLKv0MYRsMfihslQFzixlNQO9IEitBdwa""]","[0.71123662, 0.71123662, 0.71123662]","[1.06251879, 1.06251879]",0.00867229,P2WPKH
742325e5cc0d7e9798d2779c929f6001e924038bf16484722967ca740e51ea36,"[""17OxQXOW1OrOwhfEPFbJJqUXlENAJgd4Xl"", ""1CkiRsinUTaTJQ9j6A05f8ld8OK8MzcoEQ""]","[""1OeC9VQPVpWrdy9qYle8myOgHAMgBqceTW"", ""1CkiRsinUTaTJQ9j6A05f8ld8OK8MzcoEQ""]","[2.19709704, 2.19709704]","[2.19569832, 2.19569832]",0.00279744,P2WPKH
464365026141be02bb34aef1353a8fde7184b406c2348855cde7237dbad63b3d,"[""1ZqZfbd0WnnnmOF17QDikXnL6SRr30CnsG"", ""14zEGxdXeRzWGJk2mdcdwmwCy5QpEB7DIv""]","[""14VGMf94mmMvjWkSLlT1WvS7v3OnokNVBR"", ""1wIf5rjw8r3A4Xq0OQdENkOYbGX2YnBCJy""]","[0.45762676, 0.45762676]","[0.45570482, 0.45570482]",0.00384388,P2WSH
9aeae62a11c988f17ee73fa310030ef5c524194efeb8d19e51b892fc73436812,"[""1XZe0XPispjAxBLKH51zc8RYK4gpPkLINO""]","[""1RIjgxJ0n2PvDHYglg7yAydvLnThCH6jnJ"", ""1XZe0XPispjAxBLKH51zc8RYK4gpPkLINO""]",[1.71929227],"[0.85693754, 0.85693754]",0.00541719,P2TR
ccb8c6ead3f5a0b203e7ac08d57b8d76ab8420a6ec1a28f4afd5fc7420090c8f,"[""1GXkHYTldmi0asfxafpqjSCbkDGfCW3DtU""]","[""1wIdRYw11oRytxxHPDlx50j9PieaSEB9fN"", ""1avcmNIlgs0GxK9EE09nBNB6NjawFTkwm7""]",[2.90473962],"[1.44671835, 1.44671835]",0.01130293,P2PKH
4c4433ad1217a8b56e621fd4a48c8331f9d1cf27e8db4051d092d726db9e35d1,"[""12ZA7Eo0cwLCDkOxIjTvkyCvsYUEHwAL2u""]","[""1y6P0PdcvSqXWAvc3Nkr3QIuxg5K1ONlN2"", ""1wF5JBFBakYqcDDf00xfKfOfj3PKXLA4jT"", ""12ZA7Eo0cwLCDkOxIjTvkyCvsYUEHwAL2u""]",[4.74751554],"[1.58230904, 1.58230904, 1.58230904]",0.00058841,P2WPKH
b25cd929af08a0a499e87e4ffee55faf27a64fbb441fc7f4d31beb04a2a47841,"[""1t5K0kA29RTX2pIX4FAnxdaGtqFoYIfJJE""]","[""1gmlRSTqrodJ0jwAsPLmbksf0tyEOfHl2w"", ""1tQhT66y97cL57nJ6iUo8k2fRN2Bqpepga""]",[2.24162049],"[1.11691605, 1.11691605]",0.00778839,P2WSH
282b3a9c690a6f81ae1d1ebf4e840ff426d0d9aa6b4828bc66ef0b9f8578b71e,"[""1kMsVlAePMbPvmSnH0cJ0n1dNkj6keUF4g"", ""1qCEtk4JbeyHiLbwSjKht15zcKtPKopPYO""]","[""1fhdboEVaq7PWcnXxG7qEULuQvtowyL82X"", ""1kMsVlAePMbPvmSnH0cJ0n1dNkj6keUF4g""]","[1.86643484, 1.86643484]","[1.85988215, 1.85988215]",0.01310539,P2PKH
d85f7d3a666c6e447568f8759691e32e7ad4d8f69eb01aa6570f7e48ee50a172,"[""1lichKFOwKHjDLs8GOioYIdv8NmelDQCQ0"", ""1VK0sjpNrhFKETWXMky2UxGlSGD7DKNXOm"", ""1Jusug24E5NQCnDVYYxyZaawIiBN4w8mrn""]","[""1MQakFVrMCqt7gRZVH3iEC3b8X79WU0YWV"", ""1VK0sjpNrhFKETWXMky2UxGlSGD7DKNXOm""]","[0.53588814, 0.53588814, 0.53588814]","[0.80020247, 0.80020247]",0.00725949,P2TR
e93c7e3851a2ff7b6bbf2c250b3af0f1b374f751037f3fa08f11bd06494e3902,"[""1K7n6bp7HrMyjf16Aadz28z8y72coyjJXw"", ""1dKWWsc7ymsVSJvsLkl0xAZf8pWP5T6ItP""]","[""1OElbZt5VUX9gkY7Dappd8ZVsW3liOavnK""]","[2.31647058, 2.31647058]",[4.63087493],0.00206623,P2WPKH
fd677fcf7d9223ca6973b478c02ea3ecd00af4aa211349e88fe2da9bea8066a8,"[""1EblLusMVOGECsEFHYHbV92hB0BckOW2kA""]","[""1zlcXU2mJUZP2YwdMJ2pFtnluESSCyU5DK"", ""1EblLusMVOGECsEFHYHbV92hB0BckOW2kA""]",[1.65125727],"[0.82429056, 0.82429056]",0.00267615,P2TR
5b085768c76c77dd01acda0e3f278269dd2558c76a320e4bc9f09ff286a8eb7c,"[""1X87eCr0uIamIsMCKEVm3Vpazov026aO0T"", ""1gGoEd9Sf53GRx8ffiYeJA7oqtXRTtqemW""]","[""1Wyi1hoW6gFWXMQdyNXZDLfqwLS5yOr7dV""]","[1.16947252, 1.16947252]",[2.33089246],0.00805258,P2WSH
961660f1232559677dfcf34dc20fe3e28c6984521ef84a7ae3b8b08a64dd1fba,"[""1gXKkmSABKqtgxmv3YB37pzL26GyhYAlpn"", ""1xitaQSnJtoernnIS6YPJOQAYmdEcrhCLK"", ""1hJyV4ZjtfbaVjMH8JbT8NWlOnm0TYxqdf""]","[""12SYRHfF5OFKV8j3iGFequio4Nlt6n9bsj"", ""10iBczTV5V6mLThmuoHFq6cjn7zrlSaekU"", ""1hJyV4ZjtfbaVjMH8JbT8NWlOnm0TYxqdf""]","[1.28774479, 1.28774479, 1.28774479]","[1.28148608, 1.28148608, 1.28148608]",0.01877613,P2PKH
2928f73a03b5d81c488b974ba8867d8e26c2f5ba26c57cd4ffa3636b6f4bd0c6,"[""1APVbqszBscgTGykHhiE3vCM445YJcucLS"", ""1YgFSuNsylUSUe47XJ9MHXRdJn5rQlFcyl""]","[""13MMBvYOW2fHyS2GHnFtvNb3HqZsAFT0qF"", ""16BVSGeuyVAyc5jJ88X28z2R2StvZ3LjzN"", ""1APVbqszBscgTGykHhiE3vCM445YJcucLS""]","[1.13289489, 1.13289489]","[0.753464, 0.753464, 0.753464]",0.0053978,P2WPKH
b540e7dc10f95183c42792a4e1abca9ee57aa0987af63f8df175f3dee1679d00,"[""1tj1KVHOmY53SJljtgH6chve15Omk9o5Vb""]","[""1lvf066vjFToJgJanlr3H8gnFRwKB7lvxn"", ""126h6b10mdBmVKh8FJGkm6Tw9znfFDF6bx""]",[2.55390538],"[1.27472483, 1.27472483]",0.00445572,P2PKH
125734b72c04a1c2f3e830f3a360996438b5c0876f057a31d875eb4fc6b6916d,"[""14zEGxdXeRzWGJk2mdcdwmwCy5QpEB7DIv""]","[""1ExPenmjLThmEJNaUYW3TwcM7Fq70HeXBG""]",[1.10634655],[1.10394807],0.00239848,P2WSH
22ce71a26dc5bca50bb9669909c92687c8860e9459314c755a5df461a9295969,"[""1egabdaraBT7gwO8TxrOschiC584hN7X25"", ""1kgSC2RqbIdQnyxcACka3O72SSmqP7lQY9""]","[""1FX4jvD2tuVg8G9mcy1htc02u3gVUbVNnm""]","[1.71036704, 1.71036704]",[3.41288757],0.00784651,P2PKH
0d2854c06a5e83ad02266b34832ed7647a3021b2543c1bed636d2ba95bd2fdf9,"[""1BqCoqdUPfvH8KI0YzH1D2De3SF3XQMhUk""]","[""1aW7zE9j2oL74SzVNSXxaDZFnuOTFG39LL"", ""1A6XCSHHUcuzMXD254LotKBsOco4pqGc7B"", ""1BqCoqdUPfvH8KI0YzH1D2De3SF3XQMhUk""]",[3.27137425],"[1.08666731, 1.08666731, 1.08666731]",0.01137231,P2PKH
c1f646db4e754c9e38f13190a5136b73ebdd5d17b2814259e484decc59b745b1,"[""1CkiRsinUTaTJQ9j6A05f8ld8OK8MzcoEQ"", ""17OxQXOW1OrOwhfEPFbJJqUXlENAJgd4Xl""]","[""158H4KPfA1lquCu2r6AZDUd7ne7cbp0MoD"", ""1h6CpwL7SWktJ5J4x6mKZpRsQXXJcHPeOa"", ""17OxQXOW1OrOwhfEPFbJJqUXlENAJgd4Xl""]","[0.29523715, 0.29523715]","[0.19668428, 0.19668428, 0.19668428]",0.00042146,P2SH
538b4d41db32db28f13d012034cc34daadce62693ee597a4ca096d58a0c84612,"[""1NVurgNLv5a5A1hjlVC7DOtiteber8f40Y"", ""19Qq31MAzuBkY5t1EBHbB7V7lFLApWqzxi""]","[""1BuwI5pbh17mJOkWwPET3xrNikYuNJ0eko"", ""1Rx0rliJogqoAxj7jXkE90GSWsIJyQdYDN"", ""1pXN9a4HgK8DEImeJ2w535qiSX0NAjgkmp""]","[0.34716722, 0.34716722]","[0.23036613, 0.23036613, 0.23036613]",0.00323606,P2TR
dbb09ed8c1384f7a3edfa5a9af5a9ead7f2338854f66215b5b612d6f30957544,"[""1RuX0Wzv6SIEq44fPtFhYXgexjXW1aaY1M"", ""1miH8RRelt9kNKLFrAZTGO8pUedvTMYeVS""]","[""1OuaOnxydWPoZDwdTXctJX6OwASeJ4vAb5""]","[1.24335226, 1.24335226]",[2.48484577],0.00185874,P2PKH
037bcd2b8cb2507c4a4a4d889da9302466fd4f13d7736b02c6a723658fb2de87,"[""14uzmW2wFqk467s1XDeUnPPy0IfyqhwUqx"", ""1gxwsRbZya1W84UZ3WoXnlpUVQigMcWcwi"", ""1QnBow8w3Ndr86ZfnN8du9WmZIKYoWWKr9""]","[""1oijKvbvYqrNXradi8CsHVEsBBt6Am3A9p"", ""1QnBow8w3Ndr86ZfnN8du9WmZIKYoWWKr9""]","[1.31658793, 1.31658793, 1.31658793]","[1.97159138, 1.97159138]",0.00658104,P2TR
fee5e20f0fee38f30249210ec9b1f4c7970bceac786c0f0230811d2c7ff10597,"[""1519XgOMzEU5gBKcrAnCxmDh74zYRTaxnr""]","[""1oijKvbvYqrNXradi8CsHVEsBBt6Am3A9p"", ""1ubptnmKxqAlCe2JwJxtdwCawgGCPAoetr"", ""1Hkxv78JaYb3F1ROCzvHGVhkAkKHx0QBrM""]",[3.59925693],"[1.19881181, 1.19881181, 1.19881181]",0.0028215,P2TR
6c3bd7c8a795519fe9775170afce57251be54a884f738c386b6bb6320f010957,"[""1Me7vukhDkG1BUDWLdogzAIFWDZimKVNxD""]","[""1GWIGcHHR9kjQN1o5SH7Amd8yyGADtSseR"", ""1PmTKeUiDj888yjzKpvo6iyTKPmiruNGGV""]",[1.84108634],"[0.91730791, 0.91730791]",0.00647051,P2TR
338facc9de8407beed079ca769a016adb6e821c18d1e71e71f5bb7d7d00f9ec5,"[""1OIC1iWO5e0D7LlRFOqRKKKZebToPEQuoV"", ""1rgKwrxXCYjrhyJcOOB4vi2CajF1n3GFkj""]","[""171imARDL6KFQraidyYG42CJTr2CRSsMYk"", ""1rgKwrxXCYjrhyJcOOB4vi2CajF1n3GFkj""]","[1.26844843, 1.26844843]","[1.26369499, 1.26369499]",0.00950687,P2PKH
e4b5c63e5dcb75357de5aa0d663306e9daef095e3539577f9d85e8e58970775c,"[""1iMKpPGNdzSgVaI5z52Dm7tO4fJHS64k2k"", ""1LlpIn8srmRtv5XqhPx8Y7XsrSvBpDmH5R"", ""159yE6752aJg8r9HE60DlgkCplTXJUk13Z""]","[""1hU6BJavoUKS6P0osPYJixTgGlWCjAzfAi"", ""16BVSGeuyVAyc5jJ88X28z2R2StvZ3LjzN""]","[0.68801567, 0.68801567, 0.68801567]","[1.0273638, 1.0273638]",0.00931942,P2WPKH
4abeaf18221786b9d6c5e7eae29ee1703cb403ab33d32d11ca32abbb450f7977,"[""1ONfFcDAU1Nmt1KZWcmVbZzlwY67KBebQB"", ""1JiDrBixcfTLUxpq4ZOKkoJg89OEyY6J8G""]","[""1HcogFhemJZQeArbLw83x6sbwsjKgntSUW"", ""1S6xKOjVO779J9NTHh2XLOGtmJ4uX8ot8Q""]","[0.04838468, 0.04838468]","[0.04832655, 0.04832655]",0.00011625,P2PKH
8dda71129e151f1058d549f477480d1a235cc130d4eba04b7c67be6b9ad98ac5,"[""1Cv272J5fWNk56UPfmr1FdZ4J9fQELhyNT""]","[""1XVcT5kWEh3SKumPuWugT1xnDE3i5CyiSN"", ""16LclE6MWvaohGfwVHnVOrmXQ8DkPcNrAu"", ""1Cv272J5fWNk56UPfmr1FdZ4J9fQELhyNT""]",[2.81809087],"[0.93723082, 0.93723082, 0.93723082]",0.00639841,P2WSH
d39e6146bdadbba29151aeb4fef59a007f561276de25e54f444b5718894fc386,"[""14cXsxjGJXke1Mo4iCppaX3QjBvKNAp0mx"", ""15FYrsK9EjHvIHCtlRJoWcURYxPY8EcFK1""]","[""1FMrWELWZ8wzjH4QDoafgJE6WeS4NC8qdY"", ""15FYrsK9EjHvIHCtlRJoWcURYxPY8EcFK1""]","[2.01135017, 2.01135017]","[2.00478821, 2.00478821]",0.01312393,P2SH
a06378d32cb353bd54b184585e44bd5b963db896b13fcf4d14a85ad58eb32654,"[""1rtBhjqaMFmvtiRrpeMvBiDPgdAlKKZRMt"", ""1YSPH8UCiY5DCQSCon1M4yRPW2CbDvCkVL""]","[""17uXggnUIQnxCQQj9Ds5fZTvvWGvgSCecS"", ""1XZe0XPispjAxBLKH51zc8RYK4gpPkLINO"", ""1rtBhjqaMFmvtiRrpeMvBiDPgdAlKKZRMt""]","[0.23417755, 0.23417755]","[0.15555335, 0.15555335, 0.15555335]",0.00169506,P2WSH
4b1af071565ae85e6a77d157f63c88664ba49a9550432496cd6c8a80c19efeef,"[""1BZvV7yVbq9Ew6AQOfMXSfjSNTtgatwqil""]","[""1NPROqCQpL70aVN4yK3GlAZps7Oxtz2TfN"", ""1jlaFSE568xENKzc5xJmBp4SFEQRO5TpcY""]",[4.83921563],"[2.40751738, 2.40751738]",0.02418087,P2TR
cb02de9ee4ca076240db4f0fb7355f76d8a771ab46228c283c7f2b8b401b1678,"[""1RIjgxJ0n2PvDHYglg7yAydvLnThCH6jnJ""]","[""1JOj1lSAtVBMhimMpC1Ha2oKDzeLpHMIZd"", ""1jOc0PZs5dzlPLQKWkCJ5fswxeAIsiRrGG"", ""1RIjgxJ0n2PvDHYglg7yAydvLnThCH6jnJ""]",[1.50110957],"[0.4995235, 0.4995235, 0.4995235]",0.00253907,P2PKH
e776eb325abd52aa3562871796b89e57a674e71f61d5bdb41b025671857c6723,"[""1zl262n65OM48mRkyAqfw6hSA5CPhSl1Wr""]","[""1850kEnydx9qWCA79ISjs8JHUdKF0j7elK"", ""1Pni6JDWYlgAACTP9gyv1plBArp5B1Id9Z"", ""1zl262n65OM48mRkyAqfw6hSA5CPhSl1Wr""]",[3.24547697],"[1.0793381, 1.0793381, 1.0793381]",0.00746268,P2SH
45852b4cc2f1eab4ef092baf581c70fd132382be9ce28e4c28730931fdcba832,"[""1dGY2QDMBWgNO4TtNhH7FpHxMJ9GW2VLs9"", ""1m59rHVTE6T8B3ymPNQkklZHQY3vaHXeW7""]","[""1xAmnZTllXb8oBpKOfD28ynxALeId5DvLP"", ""1ZpSmx98uHZq3uosc5RNge2BFFeA9rpPwq""]","[1.49893859, 1.49893859]","[1.49332676, 1.49332676]",0.01122365,P2PKH
95ad70f9c55baa0412a833777f19639b91c8d0100b281df9318ba7d6301fbfb1,"[""1FFciuDCLFuMk9TsuZHRsYwP8KXSQbD7WW"", ""17nvdE2ODH0A2TVwyJmIeFVr9Qh8yXv6Um"", ""1JSKkMM0jQb6gbtjQzW52TdimuPGtk4vvV""]","[""1rP1jylP6pEqdaCd3dCrz2irAaWGKvNBQr""]","[0.35042644, 0.35042644, 0.35042644]",[1.04981645],0.00146287,P2TR
bbf136247fbb148a6c6ab6275d57d295168d7fa52b04b44c408cfc6b08316693,"[""1SwHll1TPDtX1F7G4bogoRGZrSiLRPvrN9""]","[""1P5NEXunJ5ev4USOW7BoqsgvKl6JhtxTtK"", ""1SwHll1TPDtX1F7G4bogoRGZrSiLRPvrN9""]",[4.65795519],"[2.32790153, 2.32790153]",0.00215213,P2PKH
a3560b29ae038eb4ed8e31f4dbd9cbe502d1d69f2c7b70d16ed324d445ee2461,"[""1cyI3bHqZwgnIHI2XusYIMTq09Iz1a5Bwa""]","[""1XVcT5kWEh3SKumPuWugT1xnDE3i5CyiSN""]",[4.73444138],[4.71832401],0.01611737,P2SH
be450070a06350686022ee5f6cea73d9376cf51750f1fe13a9182744a0360a1b,"[""1jOc0PZs5dzlPLQKWkCJ5fswxeAIsiRrGG"", ""1JOj1lSAtVBMhimMpC1Ha2oKDzeLpHMIZd""]","[""18a7uQIJalgsVpXKMP7JwxM3u1wVHEAIQg""]","[0.0035177, 0.0035177]",[0.00701151],2.389e-05,P2TR
f875aebbd71a94afef0530b2ebfe20fce799ec8d49a833691ca74949cb752526,"[""1Q0N7HE96MT5jotYfLQqmvoi7968lwdGnq""]","[""1v62AFRVdHM479uM37wVpxJjwed7JJNyA4"", ""1Q0N7HE96MT5jotYfLQqmvoi7968lwdGnq""]",[0.85948045],"[0.42894691, 0.42894691]",0.00158662,P2PKH
69d5cb86eb01d0f7ebc11a8db1ccb3ac4a9000550857050640736a7657350ce2,"[""1GjvFUWNcbrhXfdC6VJhxGhVYfNN8fObrP""]","[""3MixkewKB8zaHTthIBs8oBmBGvBsUQvOwhhNH""]",[0.48229515],[0.48223884],5.631e-05,P2SH
a8030ac1102c044e916da65ed9bf8314ee6f00d3e2c14cd4a72a780973a80d89,"[""1YbIHYEGKSWhU73lLlIXhhmjI0c8FwHA6a"", ""17OxQXOW1OrOwhfEPFbJJqUXlENAJgd4Xl""]","[""1qOk13LSwCaUedQQ0qJjxW0NdDMgNiUHCK"", ""1TDU81JmleEsirq3OnzgZdlxAQnDjyRk5j""]","[1.30708492, 1.30708492]","[1.30440131, 1.30440131]",0.00536722,P2WPKH
5ffa2710e133d2514eaeb8531402e8b1a054b6ba03e2e1643293f3b815bb61d4,"[""1N48AcDHk4eXDDaZAtdlBsuO5TDXFgJgAD"", ""1s1ETBxkYKetnyKJ3NA8vLJWQgHIDJGo5R""]","[""1ypPiyQTGOPtsb2UiS0Ag7pCcy6Nj6xs2l""]","[0.13032293, 0.13032293]",[0.26058884],5.701e-05,P2SH
9283b2f70c22e3e4a4054c70a6efeaee8454f1d047988928c4263d53387d8e98,"[""1WJ4RLYpI3t2xjtGC36TeylVSwWDnawMIW"", ""1CmLrKubduDiZxbAulMVNuUcFSSE5igkSf"", ""17Et2mYl5Lsd2GFpxR0smsbNAwW9BxjBt6""]","[""1ypPiyQTGOPtsb2UiS0Ag7pCcy6Nj6xs2l""]","[1.12767696, 1.12767696, 1.12767696]",[3.38032184],0.00270903,P2WPKH
883c9b81fd8c86315119c030d3877b3d1c6c044b7444c310f9fa459564b9a18b,"[""1EmLtST18iwItCqpgrxMp1juJtVEFEtb6F"", ""1FFciuDCLFuMk9TsuZHRsYwP8KXSQbD7WW"", ""1JSKkMM0jQb6gbtjQzW52TdimuPGtk4vvV""]","[""1LQKYuNdniKUYUOCsMBm2sXQ46S49KLF00"", ""1EmLtST18iwItCqpgrxMp1juJtVEFEtb6F""]","[0.89525071, 0.89525071, 0.89525071]","[1.33683411, 1.33683411]",0.01208391,P2WSH
5426a205be82e949f4991ed3d682ca54d025ca055fd3ce882e5042de835d4157,"[""11ds7iqxjvzeGetsb8uS15L0wfqu3lnXor""]","[""1zCBvDr7GS5oNfsV0NeofJfr5Ya6P5iEQP"", ""11ds7iqxjvzeGetsb8uS15L0wfqu3lnXor""]",[2.54726455],"[1.27315243, 1.27315243]",0.00095969,P2WSH
e4263b20de03e4313dbd519c9c01e975672669456a30cb5a30e3ccef76d8c10d,"[""1ViAOJ5c4xcmlicXktJDvMYJCnMHhrV5u3""]","[""1gm1FAjfDMcWFhDiLZ3WOGwcGoXWxKTVRg"", ""1iLNtD3hOwMSDU0mni6nffz2golOu8PGJ2""]",[4.71642337],"[2.35011483, 2.35011483]",0.0161937,P2SH
95ac7a59f8a6dbd027b50cca0732456f63ffab0e7d457eee1553563387eb2c4d,"[""118myHlgJB3fgIbQEle7roOedGk1zjgHDe"", ""1p3TC4lJy6o1qMs4RSnE9I9egVuBpFCeRU""]","[""1TWxYA4hkrbRau0M6FYlyiWxxsBg5a1roW""]","[0.26140779, 0.26140779]",[0.52042882],0.00238677,P2WPKH
d308d65a354267cd398d2588c8a9207ace09b7693317f77bf92882daeb751315,"[""1hJyV4ZjtfbaVjMH8JbT8NWlOnm0TYxqdf"", ""1xitaQSnJtoernnIS6YPJOQAYmdEcrhCLK"", ""1gXKkmSABKqtgxmv3YB37pzL26GyhYAlpn""]","[""1OBHQ3v48ivNU0J8XZyZ29HGJpI6TQWEuZ"", ""1x6GYnvzUgNCZ3laXFgie6ozZHfYbbhlWe"", ""19LaGphLHGVnw3bifQhqmfROCYB65pm0S7""]","[0.67750168, 0.67750168, 0.67750168]","[0.67662639, 0.67662639, 0.67662639]",0.00262588,P2WSH
a398fa1c3e8f79aa24a14886741e1f0a7050c1d92119ecb292142902728aaf77,"[""1egabdaraBT7gwO8TxrOschiC584hN7X25""]","[""1SER69nCHPuJ26iHQtaLSwh8MGTTpLVllO"", ""1kgSC2RqbIdQnyxcACka3O72SSmqP7lQY9""]",[1.89907485],"[0.94767972, 0.94767972]",0.00371541,P2PKH
429d0e9e55690bcb6e71196fca3ed2b2133e7095e71081eab301811cdcd9ee44,"[""1ExtEpU21D6USsKZpaGv27mMh6gYTlxda9KBx""]","[""1E6gNBSrk80PyiDL7pmg8joYv1DAbta4GS""]",[0.02133951],[0.02124673],9.278e-05,P2WPKH
96d8f65ec019c0332b62a1cebe215f021027d9835f106ec9f23d65f0017718e1,"[""1mP6wdnCIMDOShVnvZ7sGRckiSSgLl5yCW"", ""1Sgz5ZKVBO7iEGd50DF5kJThyL2Fx84Vq7""]","[""1SER69nCHPuJ26iHQtaLSwh8MGTTpLVllO"", ""18CizRUsR1S6NmMsvP8O7FRthvDJPzU0r0""]","[0.16027648, 0.16027648]","[0.1596963, 0.1596963]",0.00116035,P2WPKH
8ce447a84e573209ff61ff2966eac58d81d02cfffcf740c9e37492fef2b7cdb7,"[""162qi3s9MawTrpaO16KSQ6pMLmBumN1yBT"", ""1yLmaJKa5FFSq0sqhnHsN6ri2d89nhON8u"", ""1jhzS3V0IvwNhBDG7Xkq7r7d8lYEHFeBFI""]","[""1rKdsAOapvr1PVjfq9mKfnDvYNA7gqstIQ"", ""162qi3s9MawTrpaO16KSQ6pMLmBumN1yBT""]","[0.75650839, 0.75650839, 0.75650839]","[1.13190907, 1.13190907]",0.00570702,P2WSH
3ddc3586bbb139ff2cb94e01e56c480fe3adbd96be745d74de01cc0759792aa3,"[""1TSXkZQJ4KsTJedVvYz11oOLaWxscHjFnd"", ""1TyBKFnryifJdyfFViiIEOmMTpeWu5fPAv""]","[""1cKVqALrHbj3cucLTPH8LQFsi2uTFNOrCH"", ""1EUXGQaNQXwR2P1UyTuCcPk3kU0qlGCyiZ"", ""1TyBKFnryifJdyfFViiIEOmMTpeWu5fPAv""]","[0.93695564, 0.93695564]","[0.62260002, 0.62260002, 0.62260002]",0.00611124,P2PKH
5214d19dd0de33a6456f0122b55c2ed97009efee0f92b8840674fae52be2eb16,"[""1GBr9BY8DztgjzEPyVcfphV1Za1CdGMEBd""]","[""10iYCacdhWhmXTzoBr6EAcagTwgK1gvdfF"", ""165Z3Bjvdoi0bdqzg7MbehBEC4cUqoVIYI"", ""1zKMWx4sKAJd7gVMqfoIjzQDcrr1eoqXKX""]",[3.38871418],"[1.12556959, 1.12556959, 1.12556959]",0.0120054,P2SH
d481978b4c98cb35cbda3857f6dbd28a21cab37f3538b1a6c0015534f8e4a51a,"[""3MixkewKB8zaHTthIBs8oBmBGvBsUQvOwhhNH""]","[""bc1q3LFHTOyXfh7YCKL2jZjofuEiaQZGvUAAQ""]",[0.48501899],[0.48486409],0.0001549,P2WSH
e63fa8ca831585f3ad53e8325d018c8ca71a7cd835be43b47cc64feb9cc139a2,"[""1VrmI7OsygQE2Blcb9oyXNE7Y7bvuSznOG"", ""1OeC9VQPVpWrdy9qYle8myOgHAMgBqceTW""]","[""1ypPiyQTGOPtsb2UiS0Ag7pCcy6Nj6xs2l""]","[0.38101513, 0.38101513]",[0.75852536],0.0035049,P2TR
9df48ab493acbf0059cb2ffcd73855501715c3ce6c907e5244e0190aa108d2b5,"[""1Wyi1hoW6gFWXMQdyNXZDLfqwLS5yOr7dV"", ""1pV4fLHpaUaGGxmXzgAKqHJL9ymIIlID9J""]","[""1L8ZswsRhcds6NUgarDv7p1heEJQjY6fpI"", ""1Wyi1hoW6gFWXMQdyNXZDLfqwLS5yOr7dV""]","[0.79973638, 0.79973638]","[0.79734898, 0.79734898]",0.0047748,P2SH
7fe52474acec444db97a75c5b43cf37718dd1986afad2e111f9b988484b38e37,"[""1F0WsCejdmaz5XsJ98htqmdT2UH6juN0LU"", ""1efb46SaTAu7VT8qxc2O38znNx7gfowSX8""]","[""1GEnE7NutMLLGvxQhJDbwp6Q43N3DrvXR3"", ""1efb46SaTAu7VT8qxc2O38znNx7gfowSX8""]","[1.46682834, 1.46682834]","[1.46164391, 1.46164391]",0.01036888,P2WSH
7896680752574b3d276515bdcec3c7607151929855f8449118f589f8b08c5177,"[""1kYHpb4XXfdjjYHD5Nb0XAYWykMDKR8UZ5""]","[""1EJpZVBnQFKrJhLYeYq207indC40gz0OON"", ""1aceXH36b1TVWVPEJHIW15ySkOaAupDg5T""]",[4.73328215],"[2.36216036, 2.36216036]",0.00896142,P2SH
35c234cf68dfe6026374b46932dd5a71ee47dd7a5b23698e9cadc1179922aa8d,"[""1brnTP3fAbnFbmOHnKYaXRvj7uff0LYTH8""]","[""1hpSbGVFFEsOtff8VHMnNnQZmZ2TAYeQbS"", ""1m11BnNRwKTmSlB8e7Thcrqj0aC6c5LVM0"", ""1brnTP3fAbnFbmOHnKYaXRvj7uff0LYTH8""]",[1.83482517],"[0.61071906, 0.61071906, 0.61071906]",0.002668,P2PKH
4a68d2f3c28d1efa87b4c1ce6eb6eba9ad978627e533f25100bf60fd9e8e4ec0,"[""1h6CpwL7SWktJ5J4x6mKZpRsQXXJcHPeOa"", ""1IGlozIoDSBbszpPwIv9IvCtoStU6QlTrK"", ""158H4KPfA1lquCu2r6AZDUd7ne7cbp0MoD""]","[""1P5NEXunJ5ev4USOW7BoqsgvKl6JhtxTtK"", ""1AEAw3CjkGOM5WCZKtp5rBUJPuEuEvqrK2""]","[1.51376693, 1.51376693, 1.51376693]","[2.26462427, 2.26462427]",0.01205224,P2SH
856949ed7af324b0c5eee073b62b3c2187b7413afdf440916a08f7ca48bf7870,"[""3MixkewKB8zaHTthIBs8oBmBGvBsUQvOwhhNH""]","[""bc1qH36jWmiCQ7ucsPPI63E2sNFytLCdDNZk8""]",[0.48502712],[0.48486409],0.00016303,P2WSH
a8a6b40d1d849c242202b7e639d04568cd3aad940dfe8a82d710c88c27b2ec44,"[""3MixkewKB8zaHTthIBs8oBmBGvBsUQvOwhhNH""]","[""bc1qRlmOoEp4g3SapcK3qwFeRrv8P9i7Xo1N4""]",[0.48504362],[0.48486409],0.00017953,P2WSH
9275b7fd9f1b58a4cb0c8d6d28c6f0126cbb4d350f47b732e00897dcb251007d,"[""14FL2oIvHquilA0mXnNGMeSHTtkr0bVWWQ""]","[""1xm3VFz2zya9dSK5BCyKLnVQO9fQY8es1c"", ""1i6dfr9OT51Ue87JSRPTThN8rSj0iBw5Rg"", ""11SfkUNfQDXB3OdN8bjvxh4OUqfYLJDE4e""]",[3.70202849],"[1.23195214, 1.23195214, 1.23195214]",0.00617208,P2WSH
247b7143f88370f64b388a45de2f2dbec55fcc3026f992c06714bad5f35ff123,"[""1pV4fLHpaUaGGxmXzgAKqHJL9ymIIlID9J"", ""1Wyi1hoW6gFWXMQdyNXZDLfqwLS5yOr7dV""]","[""1rP1jylP6pEqdaCd3dCrz2irAaWGKvNBQr"", ""1ahKUQJYJ7pSopcey7rgangRzvBjOhw8xG"", ""1Wyi1hoW6gFWXMQdyNXZDLfqwLS5yOr7dV""]","[0.79477405, 0.79477405]","[0.52968673, 0.52968673, 0.52968673]",0.00048793,P2SH
ad44f12b09835c91988da80da401ec16134463527aa39e083208238caef72afa,"[""1rHQEUsVXLXHl2BpSOZneMGXMRqOGqleig"", ""18Sx8p9mTfPmy76jTUIhDswdP8oAaXKyp8""]","[""1yzUzLtwg27VtHy1ECZB5lrHuCk4xO8zNM"", ""18Sx8p9mTfPmy76jTUIhDswdP8oAaXKyp8""]","[0.74751651, 0.74751651]","[0.74567141, 0.74567141]",0.0036902,P2WPKH
2b98fc3a60b22a871ddd7fd0e5cdd35bf407e217e4090e4a142fce6d4a47b287,"[""1s1ETBxkYKetnyKJ3NA8vLJWQgHIDJGo5R""]","[""1rgKwrxXCYjrhyJcOOB4vi2CajF1n3GFkj"", ""14Xg2Tx85dpcUBxNbkgBiNImEQnUAGWfb7""]",[3.69873536],"[1.84380799, 1.84380799]",0.01111938,P2TR
5c42363652d13b6affa43998793fce4e5ed10247fcdacc2d5578a55b8bf20e27,"[""1ExtEpU21D6USsKZpaGv27mMh6gYTlxda9KBx""]","[""1Lu3x4BNiY94UcvIPL0t8t5HJUW0HX5qtu""]",[0.03589403],[0.03579411],9.992e-05,P2WPKH
618fbfaec444a2aadec0bb42f91e881a0bf28cfadca24b74819db4ff3515e4fa,"[""1P5NEXunJ5ev4USOW7BoqsgvKl6JhtxTtK""]","[""1mhQRCCOdLUfgyilhSBSP5V5mMTcJAuHOC"", ""1P5NEXunJ5ev4USOW7BoqsgvKl6JhtxTtK""]",[3.00121268],"[1.49984062, 1.49984062]",0.00153144,P2TR
d6c121a8da8d2f12e5cfb5e3f6a9b13b8e756f335c9c4ecd15bc5f522b349e03,"[""1RrLxpqLbCteaIgi8wVZzHhFJWnHHFM2iq"", ""1eqG9W0M4M6HMHXp8yMB5xt3fvqtOgMSQd"", ""1D9UBJAMdsnZKUSwULY92SgnS3v8cpIfuZ""]","[""19qx5r97OKp36YsttSdJnVo7QbHQh6Y5ih"", ""1lGLawDQ3ZWnoAF8Dfd8clLWhFj0xgEjgN"", ""1D9UBJAMdsnZKUSwULY92SgnS3v8cpIfuZ""]","[1.35828294, 1.35828294, 1.35828294]","[1.35425416, 1.35425416, 1.35425416]",0.01208633,P2WPKH
c049cee49bad70e2239b7fd8f0fd8a0a7b204b64e110493c55b83ff276aea4ca,"[""1JrN194r0y34cNefXSrUyItLyRC07hxMbc""]","[""1VeWSt04B2lDCuQRpUbhzyEcG4FbBbFXWE"", ""1JrN194r0y34cNefXSrUyItLyRC07hxMbc""]",[3.97203425],"[1.9774132, 1.9774132]",0.01720784,P2TR
8b0c9d419b04c8ad55635fdf806b2a57aaf057aebbd1ba18aadd6c3e8fc46851,"[""12JrlVFyUhGA6cv1WChGtaPxgw1lqq7vlA""]","[""17Et2mYl5Lsd2GFpxR0smsbNAwW9BxjBt6"", ""1CmLrKubduDiZxbAulMVNuUcFSSE5igkSf"", ""1ryUvIltnJlU5lTopqoZZwWhe7Ea170xt3""]",[4.29566361],"[1.42608632, 1.42608632, 1.42608632]",0.01740465,P2SH
3c2d0ff655edf601061cab5da861636826944ab84b7341cd0eca0d6ebaba01c3,"[""14gc2DDVK9wBJBbEPvvfwkMP4g57mNsXWv"", ""18EMK9wpF84btkORq9uq9OOub25aJsmDyR""]","[""1BC7D0nd6rLtdlVr1hNjMdhcQ1JcSdSqpQ"", ""18EMK9wpF84btkORq9uq9OOub25aJsmDyR""]","[2.3071613, 2.3071613]","[2.30282342, 2.30282342]",0.00867576,P2PKH
1ae5349b1f2315bea6424b853a6bca70a6761efcd509a07de4bad36454e98ca4,"[""1ConAxj0pfUsGocFuBAwEqbBqe3sFHeroh""]","[""11ds7iqxjvzeGetsb8uS15L0wfqu3lnXor"", ""1wHuPpUV0lLi1SHqVrv96YUaO961oSnoKI""]",[4.23614469],"[2.10866089, 2.10866089]",0.0188229,P2WPKH
3d6312b8aef9d432f0ae9b86ed16004765f32704e71299b5bd84e3ce1d762885,"[""1iT6TKsZXDlMmlNvf5DeCYSb8i6ZwHgcgJ""]","[""1P5NEXunJ5ev4USOW7BoqsgvKl6JhtxTtK"", ""1iT6TKsZXDlMmlNvf5DeCYSb8i6ZwHgcgJ""]",[3.69788942],"[1.84798724, 1.84798724]",0.00191494,P2WSH
d1d5e2453417d02ce62757e6642ef4b9cbb6d94c66ca90dd30ad239d5675e380,"[""18PtV4RL7JTtwYwsEHUokQz2uX6z1CjTx6""]","[""19Qq31MAzuBkY5t1EBHbB7V7lFLApWqzxi""]",[2.94496963],[2.93044425],0.01452538,P2WSH
a53e702be128c2d857f188486ac976f786427b1b340da85870b641780c78b7fb,"[""1sTZttIVa6dzOiCrYmPpZbAxITXMBqejS6"", ""1f1vQYmgotsVDQ5nPulykjPuGDKzToq5Zw""]","[""15WoWi8EAqNTMIStulPk0i1ghFEMBd4GNw""]","[1.63691053, 1.63691053]",[3.25828388],0.01553719,P2TR
4c0457af89a80031cbd4bc5ec9808d1b3849d322bcbeb7d0f4a962bf3b04cedf,"[""1oijKvbvYqrNXradi8CsHVEsBBt6Am3A9p""]","[""1tBPFX7TOrPMf7otYjc9LVC2JSxyjQ312W""]",[3.75932998],[3.75749545],0.00183453,P2WSH
8ee48f45fe0cde0ec5d2027d9fa21d80f9055a06cc33c322adb91669f8439377,"[""1iM9LT6upJDfwU2OI10kw2k65us3mCpL9X"", ""17NIvm9wstPbMkvA9b8IEo5iL0gn9JljWT"", ""18FgLu5jC7acP191ezqShWOHbDTsyYVwSF""]","[""1liKxxKcRN1aAuOg4sClbYCJAyZpxuQs82"", ""18FgLu5jC7acP191ezqShWOHbDTsyYVwSF""]","[0.87222518, 0.87222518, 0.87222518]","[1.30525837, 1.30525837]",0.0061588,P2SH
d76df4894633f46bd695f4d659e7a90415e85fcb20d03e06cd968041d4df6268,"[""1RM1Jr1Fna4TLYYtojweDwYIysSpP61oIf""]","[""1rtBhjqaMFmvtiRrpeMvBiDPgdAlKKZRMt"", ""1hgYXuOXHyzMH8xvYKWAWHoPe5JEKCIYk7""]",[2.3106675],"[1.15250659, 1.15250659]",0.00565432,P2WSH
d8ca4e0ee04b3f8e7866e791b63153190010797a30cb808c71600820db9a28bc,"[""1JrN194r0y34cNefXSrUyItLyRC07hxMbc"", ""1aguQBkl3w3951qWg6euLYqkiCh1U37zBh""]","[""1yCaoAI3JD9OEMwxKlCeCxQobfAR9C7GI2"", ""1xse0V8J56WwF8hEsfUExleHXNifSyiqkL"", ""1aguQBkl3w3951qWg6euLYqkiCh1U37zBh""]","[1.8819763, 1.8819763]","[1.25030136, 1.25030136, 1.25030136]",0.01304852,P2PKH
34dffb822ce21ca41374a76baaff9626271ed581c61f5718d6a45930f4d56759,"[""1FhPllyf2sKCPMq72llUL2gHahkDQ17LEM""]","[""1k7Gdp0CXP9K63LSFZH3UDqpNVGMrerqtH"", ""1ioRRdzHzmA4KR1VxavU07zUHLnnBbuQzk""]",[1.62072295],"[0.80710381, 0.80710381]",0.00651532,P2SH
cd4aaef35e4e4670c666c0e9d4897efca6e57a70ab3bdc730d94df6be3af1d76,"[""1B2zZOHT7ZDNEZzMZ6lqxNo2BWDjF5ltc7"", ""1YpUkNne44TIqEonS6ihse8KT9VfS7Pidx"", ""1AuBu25jmGjXabuJgmabmzBTh3WwYBAWLv""]","[""1wPQyshaga81mOOBMWlsCDbkjR7D1KmJZd""]","[1.63277689, 1.63277689, 1.63277689]",[4.88579],0.01254068,P2WSH
a9f769c138fb3a76ef81e51c35ba85e76b5ca47c455a0be41277c259fcc375b8,"[""1rutoDz5PPTsR3Owyvd0XyYC7W1BYURO7U""]","[""1VdBHAZU51kI32F3P2mYzUFN274UVkCpI7"", ""1mMK3kuLPMaBsi1bqDVzK9dBMEIIKtQpvM""]",[4.61719486],"[2.30466727, 2.30466727]",0.00786032,P2WSH
658d20d2a1c7485b6cea0a17d8a6a53417fab01e1952130bfaea5216b09555d2,"[""17Et2mYl5Lsd2GFpxR0smsbNAwW9BxjBt6"", ""1CmLrKubduDiZxbAulMVNuUcFSSE5igkSf""]","[""1t5K0kA29RTX2pIX4FAnxdaGtqFoYIfJJE"", ""1WJ4RLYpI3t2xjtGC36TeylVSwWDnawMIW""]","[0.18718049, 0.18718049]","[0.18710547, 0.18710547]",0.00015004,P2WSH
d38e1bee4493e1ce64629f500539d3e336fb8acfa1c8e7ff9237fd55a5d89c90,"[""1rMiZbP1uD8HqB8RkLNNIGNtvHXBwqsaY0"", ""1BuwI5pbh17mJOkWwPET3xrNikYuNJ0eko""]","[""1Y045TdmCoUV0z14N0qrjQoojbXtE9A4mq"", ""1bWrINcSWd3tsd73P2y00oJFhPJWGEfLVt"", ""1Rx0rliJogqoAxj7jXkE90GSWsIJyQdYDN""]","[2.00821308, 2.00821308]","[1.33686963, 1.33686963, 1.33686963]",0.00581729,P2PKH
15fdffc266d4fa4524ac0732ff2845876529777329226c6b777f8c49d035c098,"[""1yCaoAI3JD9OEMwxKlCeCxQobfAR9C7GI2""]","[""1TyBKFnryifJdyfFViiIEOmMTpeWu5fPAv"", ""1TSXkZQJ4KsTJedVvYz11oOLaWxscHjFnd""]",[4.79740013],"[2.39046708, 2.39046708]",0.01646597,P2WSH
6b3322a685a9b495b0072bfa6879fc1cc21d62652fdb58431d5ee22c0b7b3d58,"[""1QnBow8w3Ndr86ZfnN8du9WmZIKYoWWKr9"", ""14uzmW2wFqk467s1XDeUnPPy0IfyqhwUqx""]","[""1kB8cAkXEUHysAs5PGMxOiGmMSGpC65S0i""]","[1.80601754, 1.80601754]",[3.60559596],0.00643912,P2TR
b6328c961e1e9bae8b0780acb6d3e78a7021febfcddb1b79a438266b50d5d270,"[""1CQwBgBye1UnWeNGmWv7OjgpkjVe6MCIJQ""]","[""1cKVqALrHbj3cucLTPH8LQFsi2uTFNOrCH"", ""1CY4RBwl3yymVObMrW7dM8EGxjM4FSjZtJ""]",[1.71119033],"[0.85244544, 0.85244544]",0.00629946,P2WSH
4b5d271bb7e5ba6e3a74d342508de832ad04273cae5553ea0976fea20965eec8,"[""1iT6TKsZXDlMmlNvf5DeCYSb8i6ZwHgcgJ""]","[""1cKWo3ziJm7KaCLbfpuX7bCMfUcBjgHxcF"", ""1TDU81JmleEsirq3OnzgZdlxAQnDjyRk5j""]",[1.39422725],"[0.69372336, 0.69372336]",0.00678054,P2PKH
b1c0edfd35cc7f919723205880aa422d24c2983b54811f9d020c726c4ab2ad86,"[""1HzcBRef2PDFp5ibflmOHID8OKhcmsUyxF"", ""1fpZNfxuLDuIRBMfQKPbFelrJXHSphGkC0""]","[""1reLqNRfLQb0PRYwFsRyYo9tuojjeKhgBj"", ""1zufkD5et3BYjDb6ho2E7Kz0rLkjuxffXa"", ""1ctylTxBZn4D6Fz2NoGEeLzIRWVcrrO9vZ""]","[1.60821913, 1.60821913]","[1.07060684, 1.07060684, 1.07060684]",0.00461775,P2PKH
d73c42bc32d864c60708d5418fc748163859e36e05ca7bf4fbf9311d41a5ea7b,"[""1ZpSmx98uHZq3uosc5RNge2BFFeA9rpPwq""]","[""1c64sHiEt49LFQPcci1niIKrTAIqOkC6P6""]",[4.85001627],[4.83338139],0.01663488,P2SH
68e01fcf9cab453e8b91a93a74dfc5de7bd0d99ec872624863be3c0206d37db4,"[""1g8lPXmnLgHF8vlTTdDRV6b7DxOANwKa3H"", ""1mMK3kuLPMaBsi1bqDVzK9dBMEIIKtQpvM"", ""1gOqVMCBzCFg8z0NHsOlP9Yjyw7yxk1Jfu""]","[""1k7Gdp0CXP9K63LSFZH3UDqpNVGMrerqtH"", ""1ioRRdzHzmA4KR1VxavU07zUHLnnBbuQzk"", ""1VdBHAZU51kI32F3P2mYzUFN274UVkCpI7""]","[1.63174988, 1.63174988, 1.63174988]","[1.62840261, 1.62840261, 1.62840261]",0.0100418,P2SH
ef8c614ea9a57febbcd5d6024f3478314f44339546cb1a4b7eeeffcc70680eec,"[""1CSHoy0v6AzTBywuySmnlm2OM3HVzNnigO""]","[""1kYHpb4XXfdjjYHD5Nb0XAYWykMDKR8UZ5"", ""1sZWMdnIjxGlBRxPqUIjyWmzD1i5t5LT2P""]",[3.04464231],"[1.51814211, 1.51814211]",0.00835809,P2WSH
ef865616f02f3324217388019cc210edbb3e859ae00a83e3af5c704f8abc292e,"[""1t5K0kA29RTX2pIX4FAnxdaGtqFoYIfJJE""]","[""1CLaQOaD3Pz3RVHWOebZPPvYZwkVRaC6Bn"", ""1br5wfMsSoEwr4RmmYy1JEIOJQJeheqJoG""]",[2.5171395],"[1.25519656, 1.25519656]",0.00674638,P2PKH
1b69c2433a65284f606c97f333bf57796fe00b848011a71fa71033943adfe021,"[""1JiDrBixcfTLUxpq4ZOKkoJg89OEyY6J8G""]","[""1gOqVMCBzCFg8z0NHsOlP9Yjyw7yxk1Jfu"", ""1g8lPXmnLgHF8vlTTdDRV6b7DxOANwKa3H"", ""1ONfFcDAU1Nmt1KZWcmVbZzlwY67KBebQB""]",[3.52888868],"[1.17347065, 1.17347065, 1.17347065]",0.00847674,P2PKH
5771e73b644b9436770315faa2b2380871be75bb094168b5b54c097924bad7ab,"[""1wPQyshaga81mOOBMWlsCDbkjR7D1KmJZd"", ""1aNS80TKIsEEKLQYESGAtd3zDE6vRbrlvo"", ""14jsBFTgOui0BzVpYvFfxUwPjUAoXzzC0X""]","[""1D9UBJAMdsnZKUSwULY92SgnS3v8cpIfuZ"", ""1wPQyshaga81mOOBMWlsCDbkjR7D1KmJZd""]","[0.81284497, 0.81284497, 0.81284497]","[1.21675958, 1.21675958]",0.00501573,P2WSH
f612b7e5161d443719ab45a5b088cb957d48948d54d63a60c8022205f52d4560,"[""1wF5JBFBakYqcDDf00xfKfOfj3PKXLA4jT"", ""1f566XoQUJK2WBjg87THM75FY0853siUB2""]","[""1tjhMKSxLsFAXhO2I1A3zZyTttp7QDffAU""]","[1.50201649, 1.50201649]",[3.00153588],0.0024971,P2SH
0e92bd5350472ae31f97e7745bb3e5e89cb6b179788bbe8360fccfee41ec2bd2,"[""18YhA9A9MZp44eyyurC2WMGAzjKV65IgrH""]","[""1519XgOMzEU5gBKcrAnCxmDh74zYRTaxnr""]",[0.11677502],[0.11665749],0.00011753,P2TR
84c579d96f2f208ec632dc00bf5da808512badc1575c42da312440cf9d854f09,"[""1ElEiNfGSnAELScQMNovG7202PENLHsn73"", ""1VABpAk7Ovyh201LQbqn0zIuPzYAqdEnNc""]","[""1HzcBRef2PDFp5ibflmOHID8OKhcmsUyxF"", ""1aGqGsYtpDnPDnkIM1eP1jVD9ekMzM6ZzU"", ""1VABpAk7Ovyh201LQbqn0zIuPzYAqdEnNc""]","[2.28670879, 2.28670879]","[1.52408022, 1.52408022, 1.52408022]",0.00117693,P2TR
5cab2c8dd629fdce5d7b799b65f0bf0fa863d5babb6f5df94f51433caba1915b,"[""1mY3wzHelT4NEZJDvMIieAxeeWshoLun65""]","[""1a1yZ5bhG6UpCQ1FOaN6tN28TQoETXv66D""]",[2.86527821],[2.85433906],0.01093915,P2WSH
6d3e3479d71bcef8fab968c3fd13ede87b46dac4be2a210b193e64a56d249593,"[""1wHuPpUV0lLi1SHqVrv96YUaO961oSnoKI"", ""1ConAxj0pfUsGocFuBAwEqbBqe3sFHeroh""]","[""1ioRRdzHzmA4KR1VxavU07zUHLnnBbuQzk"", ""1ConAxj0pfUsGocFuBAwEqbBqe3sFHeroh""]","[0.16817979, 0.16817979]","[0.16811782, 0.16811782]",0.00012395,P2PKH
ca23f882cfd61c384398ceecfc74f139def55905927fc6e4ac2859b860b8e314,"[""1brnTP3fAbnFbmOHnKYaXRvj7uff0LYTH8""]","[""1EPRIcKmKaRKw3knH4UrIFjmLuuqhrbLOF""]",[4.96859282],[4.94975026],0.01884256,P2PKH
9b3308a3d4a270cc2389b17af9b5efbba78a66e724d7ef92d7d89e935c8c4eb0,"[""1qXmVHtyvY01uMTZoZgSNtElxqRvX3U7ug"", ""11rSrpFAZ8fgXpEKPgWRIZxG5xLKX7JhVw"", ""1P4AyUvW0JG6YMWPbJb6g5XT0pYv8pBcC9""]","[""1x6GYnvzUgNCZ3laXFgie6ozZHfYbbhlWe"", ""1p6AwyRsymAKDMcEbtbR1xHgQMv8EbcE4D"", ""1P4AyUvW0JG6YMWPbJb6g5XT0pYv8pBcC9""]","[1.29391105, 1.29391105, 1.29391105]","[1.28825974, 1.28825974, 1.28825974]",0.01695394,P2SH
e84f9f5bb52e9e7f6433bcfcb2da795e7a266c4be3a94a884f00640cb8a1528b,"[""1tj1KVHOmY53SJljtgH6chve15Omk9o5Vb"", ""126h6b10mdBmVKh8FJGkm6Tw9znfFDF6bx""]","[""1mhQRCCOdLUfgyilhSBSP5V5mMTcJAuHOC""]","[0.98206207, 0.98206207]",[1.95757692],0.00654723,P2PKH
bc89a6f6eb7face2f68bd7f4a03f20a6f4481026f9a704c17acf621adb6d8b9f,"[""18Sx8p9mTfPmy76jTUIhDswdP8oAaXKyp8""]","[""1fJc9Dcft8U7FtywiPu3FFWbXD1cjQeM7o"", ""1CCREtj8b8rhBafanAWExRbeUjqyHl3pxa""]",[2.53672912],"[1.26695592, 1.26695592]",0.00281729,P2WSH
46494bfb7a28fcaf61c79a513176e14419f1e3046fe49228a3752a2bb181209c,"[""1yw2jrHoGLtMH3K69OcAm3dmYuU4dEXILZ"", ""1hM4vv4ofazUYHcX2pddBrtL39iyOOe6mR""]","[""1Poh3pKMzKG5mSoyPstUeC99enq522wjZR"", ""1Pni6JDWYlgAACTP9gyv1plBArp5B1Id9Z"", ""1yw2jrHoGLtMH3K69OcAm3dmYuU4dEXILZ""]","[0.90152187, 0.90152187]","[0.60057577, 0.60057577, 0.60057577]",0.00131643,P2PKH
e75f6ec254cafbb5721db8007cc655fe3617f9e6278e9cffb6735b4964fb8a43,"[""1pbWvTMVTucHYkWCRNYdWCscmc5F9HpUlw""]","[""1HJ7ALXrqnTVbzxH52hR3oR6hD4KTiGHoh""]",[1.98061691],[1.97855867],0.00205824,P2PKH
939607e15195b20a1c3d68c073d86b86657b63e7cebfd10eb62414e9484a372c,"[""1kB8cAkXEUHysAs5PGMxOiGmMSGpC65S0i""]","[""1fdXIJoqyNAbPHNMUKRe5gWsfVByODHiyX"", ""1kB8cAkXEUHysAs5PGMxOiGmMSGpC65S0i""]",[0.34972566],"[0.17417246, 0.17417246]",0.00138075,P2PKH
2faac238a2d4c6958be86a1c764b7eded8a1ddeba223a45b432674f8b33d90c9,"[""1wIdRYw11oRytxxHPDlx50j9PieaSEB9fN""]","[""134o3QJq5QrHOl0amiYY5sIJ0PHxTXQeUv"", ""1wIdRYw11oRytxxHPDlx50j9PieaSEB9fN""]",[1.98126607],"[0.99007146, 0.99007146]",0.00112314,P2PKH
edbfb0b213f4a98ff9f77879b4a7de483bf3ef425d11cf1138d9b54182461e0d,"[""1G8hnMnlUI0YDtNZkXOmgeL0brHeLUtINc""]","[""158H4KPfA1lquCu2r6AZDUd7ne7cbp0MoD"", ""1IGlozIoDSBbszpPwIv9IvCtoStU6QlTrK""]",[0.14593761],"[0.07281724, 0.07281724]",0.00030313,P2TR
05d73926f936fc49669848c5f6d6cf94d799a959528e6d53e743171b368dd6d7,"[""1yzUzLtwg27VtHy1ECZB5lrHuCk4xO8zNM""]","[""1SEgPOQJD0FyE8Mv8tbcZvUb3vgvwvOpOK"", ""14esubuC1J3qRK9xyJYgPuFVvMwBE0W0Hr""]",[4.70518355],"[2.34877411, 2.34877411]",0.00763532,P2PKH
74b7b37c05bd4ff783b51eed4b52a9f35cbec7ebd1542852f80cab3ffe878389,"[""18FgLu5jC7acP191ezqShWOHbDTsyYVwSF"", ""1iM9LT6upJDfwU2OI10kw2k65us3mCpL9X"", ""17NIvm9wstPbMkvA9b8IEo5iL0gn9JljWT""]","[""1hM4vv4ofazUYHcX2pddBrtL39iyOOe6mR"", ""1YvezT53DiSgEnvDW2o5bWmLxQbDyxhRIh"", ""1yzUzLtwg27VtHy1ECZB5lrHuCk4xO8zNM""]","[0.71265049, 0.71265049, 0.71265049]","[0.71068804, 0.71068804, 0.71068804]",0.00588735,P2WPKH
3e8f06a2e54522f023976e3422ba3be8b3d85c23814f6bd0b8d33948bc3adc6b,"[""1y1v6ZA0s9fNyD6rOuipJhjRVdX1Oxzjk6""]","[""1E6ja3amndbGpsSzogaGJW9hhXb70xUMYi"", ""1E5UKGVTTMyHTs9661HDppd5Y8FQphgZ7f"", ""1ViAOJ5c4xcmlicXktJDvMYJCnMHhrV5u3""]",[3.26271364],"[1.08255147, 1.08255147, 1.08255147]",0.01505923,P2SH
b31093339de43d6646a1f1315a90af68b6c23ce3a2b921c37b0af4d1515808ab,"[""1br5wfMsSoEwr4RmmYy1JEIOJQJeheqJoG"", ""1CLaQOaD3Pz3RVHWOebZPPvYZwkVRaC6Bn""]","[""1i6dfr9OT51Ue87JSRPTThN8rSj0iBw5Rg"", ""1xm3VFz2zya9dSK5BCyKLnVQO9fQY8es1c""]","[0.71985995, 0.71985995]","[0.71719206, 0.71719206]",0.00533578,P2SH
d7afdff07296e2753a525e19a44576c30a5d61cd6b42a745b26ffd8747bd9dc2,"[""1bYPX4gfjlGYqyxzJ9oQ0O1VfxIdakEAWJ"", ""1EkXkSE4HNdc06PVz0oRaFxMPMDEaIaGr8"", ""1IWxHwqFEg8D04wzInjq5JzjuxZEOQpY7N""]","[""1aguQBkl3w3951qWg6euLYqkiCh1U37zBh"", ""1JrN194r0y34cNefXSrUyItLyRC07hxMbc"", ""1EkXkSE4HNdc06PVz0oRaFxMPMDEaIaGr8""]","[0.63372936, 0.63372936, 0.63372936]","[0.63363444, 0.63363444, 0.63363444]",0.00028476,P2WPKH
a60caf6f503081256c945c50078dd518ebb0ecdf1d4f6b29835b8d67b3a0aff0,"[""1LQKYuNdniKUYUOCsMBm2sXQ46S49KLF00""]","[""1rtBhjqaMFmvtiRrpeMvBiDPgdAlKKZRMt""]",[0.97959191],[0.97729312],0.00229879,P2PKH
804276cd4e6765d029f55c5c78fac360205929a803db0e46fd4b4b04ebc1292e,"[""1BZvV7yVbq9Ew6AQOfMXSfjSNTtgatwqil""]","[""1APVbqszBscgTGykHhiE3vCM445YJcucLS"", ""1BZvV7yVbq9Ew6AQOfMXSfjSNTtgatwqil""]",[4.01257616],"[1.99929384, 1.99929384]",0.01398848,P2WSH
236f732c397363c2b94b7e2dcbbc74f2968bc6c38222a6be487c830acda93a8a,"[""1UT5E9X3gFoJaR5UIkT8JPlYoclZmsdBMb""]","[""16BVSGeuyVAyc5jJ88X28z2R2StvZ3LjzN"", ""1SSwUVZAQZjxkck0AfjezARkSS2G3K7KuC""]",[2.82159516],"[1.40844521, 1.40844521]",0.00470475,P2WPKH
d1513f0dbd55e816208ebd1f01aebbace17fe0dc7172b637f2f2d2c46a920d9b,"[""1TGlwR4g63SemmNa5mQ5aoYZ99ZxZcipP2""]","[""1VhnMIeO46NrMBUQLv9C5jHwiNk792wbXi"", ""165vmNyjsdlmOB2epGIi7dQzHMk5wigoxI""]",[0.54221861],"[0.27004234, 0.27004234]",0.00213393,P2WSH
10e6565d59c0bcba90fb5345b1872d493ef52cb07f9954701466274b6bd8aa0b,"[""1jGvxaMPTAhCtK076BrNISK0IP8PsESVQX""]","[""3MixkewKB8zaHTthIBs8oBmBGvBsUQvOwhhNH""]",[0.48248281],[0.48232156],0.00016125,P2SH
53b4b0144379f96b6c06518d73ffaf72be5a06e57382104554f57e7ed816eb26,"[""1pV4fLHpaUaGGxmXzgAKqHJL9ymIIlID9J""]","[""1BC7D0nd6rLtdlVr1hNjMdhcQ1JcSdSqpQ""]",[3.34727288],[3.3430463],0.00422658,P2WSH
660c3e19ff97930d122e58cc8533ea00a664c997013f8c7699444bbce9be758e,"[""1smn8ZmGK2hTYXfSCC2hc8ofQEiN9czcef"", ""1SwHll1TPDtX1F7G4bogoRGZrSiLRPvrN9""]","[""1zgdSu8Yr87EmyhmbAv1PBRKEmIu9XWLjY"", ""10iYCacdhWhmXTzoBr6EAcagTwgK1gvdfF""]","[1.89488579, 1.89488579]","[1.89206238, 1.89206238]",0.00564683,P2PKH
782e3186927a5a142504c1cb02ab340d1ba709653310af121cf56084b06811d9,"[""1AWLZSy6JHNRcgC22pH8cyV7lB2Vrks4Q4""]","[""1Me7vukhDkG1BUDWLdogzAIFWDZimKVNxD""]",[1.58168442],[1.58128524],0.00039918,P2WSH
b47a3634f94edf9edba67c9a698ef48c04c886e03b057aaaf059e4c7ce1f85be,"[""1og9hgiVRIcuhrLt8BIs1le0DQl9EgBOfi"", ""13LVvSbYn1iohieQWeWUcgXFdhpePUW5m3"", ""1lvf066vjFToJgJanlr3H8gnFRwKB7lvxn""]","[""1E6ja3amndbGpsSzogaGJW9hhXb70xUMYi"", ""1f2tPIwqFV7t8lq0awuozbt6LpKR1Ajddi"", ""1og9hgiVRIcuhrLt8BIs1le0DQl9EgBOfi""]","[0.25910507, 0.25910507, 0.25910507]","[0.25790522, 0.25790522, 0.25790522]",0.00359957,P2WSH
4f4d06c905e49ac7de23968ddd455605e53adb0a7781f4d148249a7156b07d67,"[""1efb46SaTAu7VT8qxc2O38znNx7gfowSX8"", ""1kpWbyQXNfhPLVHejp1AtuKr2FleGKAbzq"", ""1F0WsCejdmaz5XsJ98htqmdT2UH6juN0LU""]","[""18IipmO50fSlqPL2lVSID1u7a67h9DpLm4"", ""1IWxHwqFEg8D04wzInjq5JzjuxZEOQpY7N""]","[1.16244683, 1.16244683, 1.16244683]","[1.74151832, 1.74151832]",0.00430384,P2WPKH
13e839c04d6834fe9e13cfc6ee4be4640cd2f2c765cdf197520421dc6e7e32c3,"[""1g8lPXmnLgHF8vlTTdDRV6b7DxOANwKa3H"", ""1VdBHAZU51kI32F3P2mYzUFN274UVkCpI7"", ""1mMK3kuLPMaBsi1bqDVzK9dBMEIIKtQpvM""]","[""1pXl61oSl8qrUT44ismpVDg2dWeDBDgKLs""]","[0.09978438, 0.09978438, 0.09978438]",[0.29871033],0.00064282,P2TR
4a9b66da9010079c728e7fc1a823949b0be85bca83fa92464818823674702f36,"[""1S3x27QIOeSbJwbBBABvq4qjnKGGmcxcoR"", ""1jMIpGpjiB2lzke2MJW21TrDAkb7LeVqWH""]","[""1wHuPpUV0lLi1SHqVrv96YUaO961oSnoKI"", ""1ConAxj0pfUsGocFuBAwEqbBqe3sFHeroh""]","[1.46748851, 1.46748851]","[1.46356351, 1.46356351]",0.00784999,P2SH
9ae4ecccf01f9500a92a2426dedd4c26a8e94391f987f0d96fcaa3c826a6affb,"[""1Xye4JSnE2NiiUHUAKw9iEU1jjQKxKDpI6""]","[""1BuwI5pbh17mJOkWwPET3xrNikYuNJ0eko"", ""1Qh2UVvsjaSS8VFgM0Fmxk754LEgw9YooJ""]",[0.19572587],"[0.09766985, 0.09766985]",0.00038616,P2WSH
5fb9c0a5fc02e00c48396673ef15e6484f68985a826443700192cf2de8c34270,"[""1vzxELcriLRc3uoU53bYsrERg1i8BZqzOl""]","[""1z3NknI9oLuP4O3GOIbYravzP83JAbXWzV""]",[4.15114357],[4.1373515],0.01379207,P2PKH
8f689682781c320ffeae0d837f3bd4493d55bdeec4113127c0a1227cf3aebdb0,"[""1og9hgiVRIcuhrLt8BIs1le0DQl9EgBOfi"", ""13LVvSbYn1iohieQWeWUcgXFdhpePUW5m3""]","[""1c64sHiEt49LFQPcci1niIKrTAIqOkC6P6"", ""1imNqNOSIOFkYtWx7pqGQzuf4WjXqg8n7W""]","[1.17683842, 1.17683842]","[1.17410761, 1.17410761]",0.00546163,P2TR
eef7e802e726c720433bb33c765e7f44dc12fb845305fad2736d9eb09448e1a6,"[""1Qwh3AFDd3RXG69KoduwoaWQ6Limzf4KB6"", ""12AhEAdsMHhqIJox6Z7aKYl3U99Xa93lyE""]","[""15FYrsK9EjHvIHCtlRJoWcURYxPY8EcFK1""]","[2.18874618, 2.18874618]",[4.37518075],0.00231162,P2PKH
ca09f203152753c5d07305c7f74f7ad02f7a136e7d388a7cc3c181d2734f1dd7,"[""15FYrsK9EjHvIHCtlRJoWcURYxPY8EcFK1""]","[""1WICtw3clJbPxvUatCifGVKDIIVhYWNpHA"", ""1kYHpb4XXfdjjYHD5Nb0XAYWykMDKR8UZ5""]",[0.30295367],"[0.15115804, 0.15115804]",0.00063759,P2WSH
0f65438a87f7a967ecafb1011cee67fa240c0e7ee31e7c08e33bbced08bd79dc,"[""1pXl61oSl8qrUT44ismpVDg2dWeDBDgKLs"", ""1tSJsSPjXhL1po0KjawF1GD38NKFGx5O1D"", ""1ExPenmjLThmEJNaUYW3TwcM7Fq70HeXBG""]","[""1iMKpPGNdzSgVaI5z52Dm7tO4fJHS64k2k"", ""1LlpIn8srmRtv5XqhPx8Y7XsrSvBpDmH5R"", ""1tSJsSPjXhL1po0KjawF1GD38NKFGx5O1D""]","[0.66209911, 0.66209911, 0.66209911]","[0.66159143, 0.66159143, 0.66159143]",0.00152304,P2PKH
c13d2f661125dfc5e8f5abbfe745eda432ac24eaed419cfdc4367944cffa69ec,"[""1JrN194r0y34cNefXSrUyItLyRC07hxMbc"", ""1aguQBkl3w3951qWg6euLYqkiCh1U37zBh""]","[""1tSJsSPjXhL1po0KjawF1GD38NKFGx5O1D"", ""1JrN194r0y34cNefXSrUyItLyRC07hxMbc""]","[1.22429583, 1.22429583]","[1.22340409, 1.22340409]",0.0017835,P2SH
8ca959aeef8291e0783b8472ea7057b3b8ca40e6376ae1d8000ef5b57c6495e1,"[""16cQeRwPEb8q1WyQPEXySS9S64um7BI9qx"", ""1TWxYA4hkrbRau0M6FYlyiWxxsBg5a1roW""]","[""1IwlHlWukqYF3ykD0oLwWCCSSkLc8irGEU"", ""1Xyi34pySxmi7pjNgxv422esYIc80eutFa"", ""1TWxYA4hkrbRau0M6FYlyiWxxsBg5a1roW""]","[0.46340364, 0.46340364]","[0.30868289, 0.30868289, 0.30868289]",0.00075861,P2WSH
cd88ccc9e3fca270f9977af9eb6e1e9c6bd4a3d65291a1ccbc7a3cb71900bc3e,"[""1EPRIcKmKaRKw3knH4UrIFjmLuuqhrbLOF"", ""1zlcXU2mJUZP2YwdMJ2pFtnluESSCyU5DK""]","[""1YbIHYEGKSWhU73lLlIXhhmjI0c8FwHA6a"", ""1EPRIcKmKaRKw3knH4UrIFjmLuuqhrbLOF""]","[0.70800158, 0.70800158]","[0.70500087, 0.70500087]",0.00600143,P2TR
2a03f76865c2689ba41f93f425b31a6e444d13954b225107a03fb170bddd9e9a,"[""1fdXIJoqyNAbPHNMUKRe5gWsfVByODHiyX""]","[""1FmtL64wj0wxrv82fTB9XrX8A3iKfmD19e"", ""1ZQsQQfJZaGxEv4gjnl3MZGGIUhCeY5Dtw""]",[0.41513609],"[0.20715564, 0.20715564]",0.00082481,P2WSH
a802275bae254cc3999b1aa099a4947276b12615a0c7175d5b607215da72c3cd,"[""1VrmI7OsygQE2Blcb9oyXNE7Y7bvuSznOG"", ""1OeC9VQPVpWrdy9qYle8myOgHAMgBqceTW""]","[""1BC7D0nd6rLtdlVr1hNjMdhcQ1JcSdSqpQ""]","[0.53947205, 0.53947205]",[1.07722878],0.00171533,P2WPKH
463794db3775cb76f0c2905d40bf0b33a9499eefa1052e790930729802d93d32,"[""1YdCDD65oQyqGArXxtG7gGv0LOqqXpKCPo"", ""113R5MCAYxnAaETSq5JccDwJ7eTG1UrGGL"", ""1pNPPQHJM4HaC4Juv8skRLsWqNJJOsTbEh""]","[""1wF5JBFBakYqcDDf00xfKfOfj3PKXLA4jT"", ""1f566XoQUJK2WBjg87THM75FY0853siUB2"", ""1YdCDD65oQyqGArXxtG7gGv0LOqqXpKCPo""]","[0.62516791, 0.62516791, 0.62516791]","[0.62401912, 0.62401912, 0.62401912]",0.00344637,P2PKH
b75e7b129f66047ce0c5ba968370a34d5354c64d433f6f4360336c942b56c74b,"[""1zJkmM6MuLbSXfR4VIOGwmjH1oX4unT6cb"", ""1qmqODsf7ID4HpbEyxHgn8yowINuY8fk1E"", ""1piMDSJoVptujtJzaQUXHtOtRF19fgRxUk""]","[""1Wx1jwAY4j6nbDqmEjZ0rlLEA0EPvg7RLi"", ""1GEnE7NutMLLGvxQhJDbwp6Q43N3DrvXR3""]","[0.42223989, 0.42223989, 0.42223989]","[0.63044953, 0.63044953]",0.00582062,P2WSH
466931f7f4a3e083b12514ab2214cebd26e935701a00ba338abb2c21282054f4,"[""1bk4rsihgtblrbJydUE4UVhqHUNH7T1CIg""]","[""1YiJDKJ1zip7VzT7XFiDXYf3SepcvILnlD"", ""1uKBY24qTqiZvsEZtWh0i0wZSbTdy53z6C"", ""1RrLxpqLbCteaIgi8wVZzHhFJWnHHFM2iq""]",[3.67918772],"[1.2244991, 1.2244991, 1.2244991]",0.00569042,P2SH
00e074b605351e39cf6d0de9feecbc957af33969b83299c99b9e23d6e0439bf2,"[""1n2XwpVZu4Ad18AUBKnSpsHmskXx848s4H"", ""1udY5RyBue7jJTac63ucMtb9go69CFyLQi"", ""1XRByQkNzM5t5q6Q93Pl3W3w7a1VRdtu15""]","[""1ryUvIltnJlU5lTopqoZZwWhe7Ea170xt3""]","[0.70668995, 0.70668995, 0.70668995]",[2.1157727],0.00429716,P2WSH
9345d1b31d873aa6312b65a6ebf7d8ef67cf552da44f7e38c249e3380860e69c,"[""1VE79f71WSGa4mbYKuzIZGaQuNETZK7442"", ""1VpvdAIBgMEVNinGqUcp3aGBmsDPI3icox""]","[""1rutoDz5PPTsR3Owyvd0XyYC7W1BYURO7U"", ""1VpvdAIBgMEVNinGqUcp3aGBmsDPI3icox""]","[0.0829956, 0.0829956]","[0.08272427, 0.08272427]",0.00054265,P2PKH
9108122844c92b886bc9f30ba3033712c5278892e5de69b84b06592ae63fadfd,"[""1eYcas6YoUEgZVIcU2U2j9vS89SqKr8CG1""]","[""19WdYW8nnbVApkiqf2BAn3ld3A7sm6DHW7"", ""1RIjgxJ0n2PvDHYglg7yAydvLnThCH6jnJ"", ""1eYcas6YoUEgZVIcU2U2j9vS89SqKr8CG1""]",[4.09650464],"[1.36112953, 1.36112953, 1.36112953]",0.01311604,P2WSH
45e7e80178b0cc016527853e29b5adc37ecf5a4fa051ad5a60aba7702b9d414f,"[""1ses0RPxkkqUQyjBIZ9BAiB3Qi61R6mI5D"", ""1WtQTzdDKCSvj0K1oWq0D1UiTlRkNDgeCx""]","[""1pbWvTMVTucHYkWCRNYdWCscmc5F9HpUlw"", ""12AhEAdsMHhqIJox6Z7aKYl3U99Xa93lyE""]","[1.69871027, 1.69871027]","[1.69606329, 1.69606329]",0.00529395,P2PKH
22c35c9b59af4e2f9d8e0a0d2ce68177e36107f0af715ac70198280584cf648a,"[""1qCEtk4JbeyHiLbwSjKht15zcKtPKopPYO"", ""1kMsVlAePMbPvmSnH0cJ0n1dNkj6keUF4g""]","[""18uzUEHGNyjZYBh4qoNId0ncnoj1FuUPbV"", ""1EPRIcKmKaRKw3knH4UrIFjmLuuqhrbLOF"", ""1qCEtk4JbeyHiLbwSjKht15zcKtPKopPYO""]","[0.35773467, 0.35773467]","[0.23797869, 0.23797869, 0.23797869]",0.00153328,P2WSH
6ed3f6a62213697293a36706e5a1cc47018e3aa79cfd49f6356b75a90ea70181,"[""1IFgfILW1azWSI9pGQkqqjkrsWw6SEMCia"", ""17uXggnUIQnxCQQj9Ds5fZTvvWGvgSCecS"", ""1XZe0XPispjAxBLKH51zc8RYK4gpPkLINO""]","[""19IiRghzekNuIr1y2dLnqzdhpiff24m4J9"", ""1XZe0XPispjAxBLKH51zc8RYK4gpPkLINO""]","[1.42811087, 1.42811087, 1.42811087]","[2.13648278, 2.13648278]",0.01136707,P2WPKH
5b4b5af53ad93fed5312de5219040ab4df1e7275d73498c920a731ba7e26e346,"[""14cXsxjGJXke1Mo4iCppaX3QjBvKNAp0mx"", ""15FYrsK9EjHvIHCtlRJoWcURYxPY8EcFK1"", ""12BGCSzOjD8uQO001xtSV2ceN59UAgN2BR""]","[""1Rx0rliJogqoAxj7jXkE90GSWsIJyQdYDN""]","[1.52481204, 1.52481204, 1.52481204]",[4.5622488],0.01218733,P2TR
bf1b9bb52620e54336c6bd65b11f7ee640c0b5805f43a4ce3b9250de6df393b9,"[""1pV4fLHpaUaGGxmXzgAKqHJL9ymIIlID9J""]","[""1h6CpwL7SWktJ5J4x6mKZpRsQXXJcHPeOa"", ""1AEAw3CjkGOM5WCZKtp5rBUJPuEuEvqrK2"", ""1Wyi1hoW6gFWXMQdyNXZDLfqwLS5yOr7dV""]",[0.73211724],"[0.24339472, 0.24339472, 0.24339472]",0.00193308,P2WPKH
2585bd5a4fa08fceaf500c723865b41c0725b9f9aa6eabd64a452ff66b2eb081,"[""1AuBu25jmGjXabuJgmabmzBTh3WwYBAWLv"", ""1B2zZOHT7ZDNEZzMZ6lqxNo2BWDjF5ltc7"", ""1YpUkNne44TIqEonS6ihse8KT9VfS7Pidx""]","[""11SfkUNfQDXB3OdN8bjvxh4OUqfYLJDE4e""]","[1.50266407, 1.50266407, 1.50266407]",[4.50488793],0.00310429,P2SH
661f51ffbc573dbb8206b2e91d605dbf03ee1d12d3cb37446a92c5e1022f48df,"[""1RrLxpqLbCteaIgi8wVZzHhFJWnHHFM2iq"", ""1D9UBJAMdsnZKUSwULY92SgnS3v8cpIfuZ"", ""1eqG9W0M4M6HMHXp8yMB5xt3fvqtOgMSQd""]","[""1rMiZbP1uD8HqB8RkLNNIGNtvHXBwqsaY0"", ""1BuwI5pbh17mJOkWwPET3xrNikYuNJ0eko"", ""1RrLxpqLbCteaIgi8wVZzHhFJWnHHFM2iq""]","[1.4163846, 1.4163846, 1.4163846]","[1.41473338, 1.41473338, 1.41473338]",0.00495366,P2SH
dbebdfd97d426e10d8e00d071a1fea7f9649c34408a2a7ab8222222e2689686a,"[""1EblLusMVOGECsEFHYHbV92hB0BckOW2kA""]","[""134o3QJq5QrHOl0amiYY5sIJ0PHxTXQeUv""]",[4.42536036],[4.42192427],0.00343609,P2TR
c6a00d50357a37b3347f549d1dbd6f18433db5efea662005b11beaae41754751,"[""1FmtL64wj0wxrv82fTB9XrX8A3iKfmD19e"", ""17Ufz4zISUilxIcZZsICbaq7ZDO3zEQphr""]","[""165vmNyjsdlmOB2epGIi7dQzHMk5wigoxI"", ""1FmtL64wj0wxrv82fTB9XrX8A3iKfmD19e""]","[0.31516393, 0.31516393]","[0.31472827, 0.31472827]",0.00087132,P2SH
4b58ee617e714a295b1d8f1c9d154468031b9f6f5a94cfe5bd84818608c1479e,"[""1N48AcDHk4eXDDaZAtdlBsuO5TDXFgJgAD""]","[""1wIf5rjw8r3A4Xq0OQdENkOYbGX2YnBCJy"", ""1ulDg4OcVRYY5d5wOOcbj1lhttP6hbs7Qh""]",[3.19866656],"[1.59576486, 1.59576486]",0.00713684,P2TR
f7c93aaa5ae25f544173c034976c59ecbe40cd6e21c957c753854717c8e8eb54,"[""1uMrAoMJqI0jItnXZmM7fT8qEf0nCkkngo""]","[""1QnBow8w3Ndr86ZfnN8du9WmZIKYoWWKr9"", ""1ut6Fx2QR5LOJDfEvGNpqqrFt44JvsZGzq""]",[3.62028824],"[1.80123961, 1.80123961]",0.01780902,P2PKH
fab943234af5a593caba859065f5627a2dd339ae1589b1012d02f9414fc72561,"[""1H1HH9saVguIdtsiZaXl54ENDZGW7Nr1UW"", ""1hAislLSBielsdrLGXgT64J11f1BZzL8rQ"", ""1fjRgId2AbQkaa6UHly2aNulpGoS5IkzYk""]","[""1SEgPOQJD0FyE8Mv8tbcZvUb3vgvwvOpOK"", ""1c9yoUf0fueXDnXOsXAHmyMCVlbR1Jn7UC"", ""1hAislLSBielsdrLGXgT64J11f1BZzL8rQ""]","[1.62219149, 1.62219149, 1.62219149]","[1.61514152, 1.61514152, 1.61514152]",0.0211499,P2SH
f9e29dd34541355362c595e45c7c5d2bc80abc82a5666a2f481282e1e413e4c4,"[""1YiJDKJ1zip7VzT7XFiDXYf3SepcvILnlD"", ""1uKBY24qTqiZvsEZtWh0i0wZSbTdy53z6C"", ""1J8L02gYflf2UoYXdJmceAta7pR9fFWIus""]","[""1SEgPOQJD0FyE8Mv8tbcZvUb3vgvwvOpOK"", ""14esubuC1J3qRK9xyJYgPuFVvMwBE0W0Hr"", ""1J8L02gYflf2UoYXdJmceAta7pR9fFWIus""]","[1.49598515, 1.49598515, 1.49598515]","[1.49173679, 1.49173679, 1.49173679]",0.01274507,P2TR
5a22978103b53465cbe8526018bbd78bace6622271b963bb564014be20faa2e6,"[""1HXg1iwWKaqhAhdBwKCnMT4OsNb90AgSB3"", ""1tjhMKSxLsFAXhO2I1A3zZyTttp7QDffAU""]","[""14uzmW2wFqk467s1XDeUnPPy0IfyqhwUqx"", ""1tjhMKSxLsFAXhO2I1A3zZyTttp7QDffAU""]","[0.35002545, 0.35002545]","[0.34994324, 0.34994324]",0.00016444,P2TR
a724d9a9d95de345c5f8e90730d301b2491574796282195ffc1788e70010d0d6,"[""1NGPOgQBLdxmp4mabaYQd7fZPScFYuMM5y"", ""18Peb4BFTFRabVhoApeiEmxNoS9B2itWcX"", ""1AoguaOannOrMc2zVE9SX5JpfuNy5VikVQ""]","[""1VeWSt04B2lDCuQRpUbhzyEcG4FbBbFXWE"", ""1vymcpRiPCCfOSBDrkZLkhTkPaqBlS3HBc""]","[0.61016547, 0.61016547, 0.61016547]","[0.91351902, 0.91351902]",0.00345838,P2PKH
93b30db7b4cf00e9d10c087f7e5474d1301bc97e78107f69533b470a3bebcc97,"[""1ElEiNfGSnAELScQMNovG7202PENLHsn73""]","[""1lGLawDQ3ZWnoAF8Dfd8clLWhFj0xgEjgN"", ""1VABpAk7Ovyh201LQbqn0zIuPzYAqdEnNc""]",[3.69140051],"[1.84056701, 1.84056701]",0.01026649,P2TR
acf522d0d2c226579edade81c3e165dfc3cd4f9c2bac0c57dbb2448090f5ea7d,"[""1t5K0kA29RTX2pIX4FAnxdaGtqFoYIfJJE""]","[""18uZnTYRd1lEy9O09HuQ9UyGrRm1yiUJX0"", ""108twQXGLnyHCi6ZECLjPXRLt9h9RDZERx""]",[0.44229023],"[0.2205119, 0.2205119]",0.00126644,P2SH
9bfe7be6bad51d4cc81c8a94adee36ae4ee98708fbc00ac2b25fcbccebb47966,"[""1NPROqCQpL70aVN4yK3GlAZps7Oxtz2TfN"", ""1kprBNqWe8ykBFTVYXbx0V5KjTpCCxLeiD""]","[""1lGLawDQ3ZWnoAF8Dfd8clLWhFj0xgEjgN"", ""19qx5r97OKp36YsttSdJnVo7QbHQh6Y5ih""]","[0.99835955, 0.99835955]","[0.99667498, 0.99667498]",0.00336915,P2TR
13c587e359d1ac3a1dd9b695a87ebffd535bad874c07569b7d95b76d8a326ce4,"[""1OElbZt5VUX9gkY7Dappd8ZVsW3liOavnK""]","[""1ubptnmKxqAlCe2JwJxtdwCawgGCPAoetr"", ""1oijKvbvYqrNXradi8CsHVEsBBt6Am3A9p""]",[1.62965048],"[0.81310503, 0.81310503]",0.00344041,P2WPKH
8a565063a4cf39492ce11f50b87f56a56850397095658b419efb7806763c2202,"[""18uZnTYRd1lEy9O09HuQ9UyGrRm1yiUJX0"", ""108twQXGLnyHCi6ZECLjPXRLt9h9RDZERx""]","[""1QM3ScwS8LUWoo7W4mQJBVWFzkmL2dDx5S"", ""1RfINuhR694fPFbt6vVl9jsWFHTGP2MLjl""]","[1.95746002, 1.95746002]","[1.94896727, 1.94896727]",0.01698548,P2SH
43830078cf909c7333dbff595e5621effb1bd95e325842b6d316e102606ed29f,"[""1vXnNQpesIVhuyJ7ZmZ5DDcijC13CY5dGJ""]","[""1mY3wzHelT4NEZJDvMIieAxeeWshoLun65""]",[0.11165426],[0.11146099],0.00019327,P2WPKH
d07f45802cc724c07a7b1a06a559df492e80027798d8e1a4477059a7bd853e95,"[""1ExtEpU21D6USsKZpaGv27mMh6gYTlxda9KBx""]","[""1DNc02g2rkjZ8Mj16Pq8zmxqQAykO18qvS""]",[0.0421459],[0.04205789],8.801e-05,P2WPKH
63f6b7b446d94ba573baf4ebda1b137fd0aff99cc5fb943347fb6da8a4970d37,"[""1TyBKFnryifJdyfFViiIEOmMTpeWu5fPAv""]","[""1FMrWELWZ8wzjH4QDoafgJE6WeS4NC8qdY""]",[3.47913701],[3.47633275],0.00280426,P2SH
7208dacbe34687732bfa1cc63e74c105ef4745c6c4adb07df759db831f70e552,"[""1cKWo3ziJm7KaCLbfpuX7bCMfUcBjgHxcF"", ""1TDU81JmleEsirq3OnzgZdlxAQnDjyRk5j"", ""1MQakFVrMCqt7gRZVH3iEC3b8X79WU0YWV""]","[""1Hk2qIL62GFJvnTRxFlNydZU9Vmrs5OY1J""]","[1.14352029, 1.14352029, 1.14352029]",[3.42732611],0.00323476,P2SH
81904e2a1a1fcac1a42fc331ad74e6f0b2b9c051c6337ca2fc3022d1c39eca4c,"[""126h6b10mdBmVKh8FJGkm6Tw9znfFDF6bx"", ""1tj1KVHOmY53SJljtgH6chve15Omk9o5Vb""]","[""1Rx0rliJogqoAxj7jXkE90GSWsIJyQdYDN""]","[1.86590608, 1.86590608]",[3.7169598],0.01485237,P2WPKH
42d75504b672695c97288b7e4a682d45bde930a4bb2bf4c0862b2b3f13acb3c3,"[""1ubptnmKxqAlCe2JwJxtdwCawgGCPAoetr""]","[""1fdXIJoqyNAbPHNMUKRe5gWsfVByODHiyX"", ""1oijKvbvYqrNXradi8CsHVEsBBt6Am3A9p""]",[2.17594601],"[1.08770365, 1.08770365]",0.00053871,P2SH
0e020e67d7b5234ee8465bd411f2a2214e58dcc113ab673e8c797614736d7168,"[""1JSPQ1l7zxYM9nO3p3XDXeOGqQEgoEt16V"", ""1kEEeLViOPb7R7HDHv066Q3RthfVul7PWN"", ""1n7QNlf1P0ARq1WDuUin8nQj75FNUs9v91""]","[""1ctylTxBZn4D6Fz2NoGEeLzIRWVcrrO9vZ"", ""1kEEeLViOPb7R7HDHv066Q3RthfVul7PWN""]","[1.45636198, 1.45636198, 1.45636198]","[2.1768708, 2.1768708]",0.01534433,P2WPKH
4e0916d6fcbad9b76a4f747f01df2170c465be76899c028cf18564cea1792a26,"[""1oORaDioQaRY9AiexTgt2iVUi9iGaOBSMj"", ""11h1pSZVPEJqzCN2fFr6w6uaVTTCPwdHnA"", ""1nqZuJJEvQdgWCh1Ba7mQiOj5qOpx4kysR""]","[""1bpaneARHd39DrliNT7x3B4xe72i1h9yh8"", ""1oORaDioQaRY9AiexTgt2iVUi9iGaOBSMj""]","[1.05166653, 1.05166653, 1.05166653]","[1.57619188, 1.57619188]",0.00261582,P2PKH
706fed6b6d6d51426debf36b6af0c9cd0a62db084ca7494427eb4640096d6746,"[""1S3x27QIOeSbJwbBBABvq4qjnKGGmcxcoR""]","[""1o78QUijJJ2jT6cVoqoPGXy42cOg8NqTJJ""]",[2.82968186],[2.81995021],0.00973165,P2TR
fa535b853dd86a87a7d2541bd13fd42aafcd85e3e76acad28c2dc960a9463cbe,"[""1YpUkNne44TIqEonS6ihse8KT9VfS7Pidx""]","[""1xAmnZTllXb8oBpKOfD28ynxALeId5DvLP""]",[0.69941061],[0.69720125],0.00220936,P2TR
f9f3432bf64c6b6e7736b3e862736b8415ef03cc787fb5e4e657ef60c145c13a,"[""1XRYaFx8Pi3clkEvDfSAqt8E8rwA3qZ5GB"", ""1kTE6I5NBldlDkCh3EB9ICgSjvmrZUYIPn"", ""19aVl5pEfur8hx5gubCRDMqOucMC694Xi1""]","[""1m59rHVTE6T8B3ymPNQkklZHQY3vaHXeW7""]","[0.06584589, 0.06584589, 0.06584589]",[0.19706133],0.00047633,P2TR
96f73fce2957435959ca4038ba17255dc0ba156ad5a486d4210bbfdf884707ef,"[""1JrN194r0y34cNefXSrUyItLyRC07hxMbc""]","[""1kB8cAkXEUHysAs5PGMxOiGmMSGpC65S0i"", ""1JrN194r0y34cNefXSrUyItLyRC07hxMbc""]",[2.13612435],"[1.06672835, 1.06672835]",0.00266765,P2SH
662aabeb68d86ad802c7a94fb6447e0c6080141676517c94ef65e471c426c872,"[""1vggcfYxmUfTpbRdL6AZoiSNFddk9mKIKL""]","[""10iYCacdhWhmXTzoBr6EAcagTwgK1gvdfF"", ""1vggcfYxmUfTpbRdL6AZoiSNFddk9mKIKL""]",[2.6629349],"[1.32510635, 1.32510635]",0.0127222,P2PKH
45144f4f4ad52f9569b8aa94621a14d7aefe5c87c7653b11bf9328ea070ab8ec,"[""1OIC1iWO5e0D7LlRFOqRKKKZebToPEQuoV"", ""1rgKwrxXCYjrhyJcOOB4vi2CajF1n3GFkj""]","[""1ni0DlkIuSWafG6YlQSoiAy55XxDdvIR6f""]","[0.70955793, 0.70955793]",[1.41343733],0.00567852,P2PKH
3f21e991045c357fddbea8570dbae5efb41cb7d404ad1d9f6b9c6aa590e62612,"[""1OBHQ3v48ivNU0J8XZyZ29HGJpI6TQWEuZ""]","[""1Pni6JDWYlgAACTP9gyv1plBArp5B1Id9Z""]",[4.05342323],[4.03601322],0.01741001,P2PKH
b572874152930b7c55d74a791e89ad525bccdff2149c7a78726a6c463b271d0f,"[""1WJ4RLYpI3t2xjtGC36TeylVSwWDnawMIW"", ""1CmLrKubduDiZxbAulMVNuUcFSSE5igkSf"", ""17Et2mYl5Lsd2GFpxR0smsbNAwW9BxjBt6""]","[""1mlkrLGgdpgh3JoGr2RzynZQEkmNRral4M"", ""14xCMmyeAQ6JgCggbCqDGvhIvnyAuBwdx5"", ""1WJ4RLYpI3t2xjtGC36TeylVSwWDnawMIW""]","[1.12273817, 1.12273817, 1.12273817]","[1.12012831, 1.12012831, 1.12012831]",0.00782957,P2WPKH
e9e79039978e7a2949ed81495aedde6fc682c8a4bf459ec3aa28c27b1c7a4096,"[""1ExtEpU21D6USsKZpaGv27mMh6gYTlxda9KBx""]","[""1dvcuhBFzVkF26BspzIFs25BxHBaAeqAJj""]",[0.04680224],[0.04673052],7.172e-05,P2WPKH
22c26a4fcd7409571530901d3541e827cdf4b139df9f2442fa374af8eb328a76,"[""1QEPcyLasnipuaUkxRFZXe1cb51JJRzhbu""]","[""1jqeATHuRVNlBNamsJgpSVOiKz6B2ikKur"", ""1QEPcyLasnipuaUkxRFZXe1cb51JJRzhbu""]",[4.26210736],"[2.12436042, 2.12436042]",0.01338651,P2WPKH
bd0cdcf64424438f0120820a69bf4211d2566ec4162962eab5891ce5ffabbdb0,"[""1PmTKeUiDj888yjzKpvo6iyTKPmiruNGGV""]","[""1NBmOXrcLFokcoaj9WvyKGTefrZ4v7rLm5"", ""1Jqzges6X72YJR7IVU7CCKbheN9Pot7GaZ"", ""1PmTKeUiDj888yjzKpvo6iyTKPmiruNGGV""]",[4.27336101],"[1.42116537, 1.42116537, 1.42116537]",0.00986491,P2WPKH
234b4c837f73eccd25259f936acf11c2f727b221b02edc32b7a73035a83de880,"[""1m11BnNRwKTmSlB8e7Thcrqj0aC6c5LVM0"", ""1hpSbGVFFEsOtff8VHMnNnQZmZ2TAYeQbS"", ""1sWIeRG7GWjHzv2Pus6MDIUOhvoN4pc2xX""]","[""1v62AFRVdHM479uM37wVpxJjwed7JJNyA4"", ""17OQqNMbr7EVR0CI5RKwboUeay7M8VaQJa""]","[0.53279011, 0.53279011, 0.53279011]","[0.79620848, 0.79620848]",0.00595335,P2PKH
2e7e39eca26f32647e41b36d38d65263e09eaa605671892ebdf3e003ab5c9755,"[""1wDK1hpcrAs5jLJZiTwihTC11GKlKM07IA"", ""1MIJuy5zAsuq35Utpe3Ly5KUpR1rBo22qG"", ""1X5L6qwsquyfnHx2slZjPi1mClzOboBJFQ""]","[""1vXnNQpesIVhuyJ7ZmZ5DDcijC13CY5dGJ""]","[0.69784563, 0.69784563, 0.69784563]",[2.09173891],0.00179799,P2TR
6c68d92aefd758cde056d57bde7250e9d9301ecb2e8a5a42cec3b002569754d3,"[""16f3KwOxBFK6gsvI3J0AutliYT9nGJMgrh""]","[""11rDqaNy557F3530daCsgvSyaAmG3z4aVp"", ""1TZi7XhvaQdZALaDrfAMTlrhqRPADWgTLl"", ""1UhcAQ9i144vyISh33KM9cTwBzBZrDilV4""]",[0.09258359],"[0.03080315, 0.03080315, 0.03080315]",0.00017413,P2PKH
40a6385e99fba5135295dc5e302a05e0c5649b127349e91512ac1f3fd124bf72,"[""1cCRbflcLBehgypBb5D66nJYVg8SkfDDa2""]","[""3MixkewKB8zaHTthIBs8oBmBGvBsUQvOwhhNH""]",[0.48569575],[0.4855608],0.00013495,P2SH
fb4f23ac848cc7cd17d4f567c9278e1b58eb504d8a3c9e1510a8508a4a08dc59,"[""1oijKvbvYqrNXradi8CsHVEsBBt6Am3A9p""]","[""1rQ75CU9I8B11fKKAkc7oP2X2iwGeCCbKa"", ""1lgHldl6RjWt1eTbc3APwaVH4Fpj3fyni5"", ""1oijKvbvYqrNXradi8CsHVEsBBt6Am3A9p""]",[3.58480382],"[1.18953919, 1.18953919, 1.18953919]",0.01618626,P2PKH
15c794896349094ddb1f6d316992a6dbe237d2c13991224f28857d5012dd3f55,"[""1h6CpwL7SWktJ5J4x6mKZpRsQXXJcHPeOa"", ""1IGlozIoDSBbszpPwIv9IvCtoStU6QlTrK""]","[""126h6b10mdBmVKh8FJGkm6Tw9znfFDF6bx"", ""1AEAw3CjkGOM5WCZKtp5rBUJPuEuEvqrK2""]","[1.52214213, 1.52214213]","[1.51543286, 1.51543286]",0.01341852,P2WSH
b0016d358f3a8f76079147677d891bcf3263a6cb5acefeb6a349b9aa5cbc9074,"[""1LQKYuNdniKUYUOCsMBm2sXQ46S49KLF00""]","[""1kspkATwVr9QNejh67eVVqlVuFZHFDMWwf"", ""1aceXH36b1TVWVPEJHIW15ySkOaAupDg5T""]",[2.65991352],"[1.3296117, 1.3296117]",0.00069012,P2SH
f82b349fdf2fe63248d65e7610103ab2ab2abd791a4ead0bfb38e0523a104f7f,"[""1aguQBkl3w3951qWg6euLYqkiCh1U37zBh""]","[""1OBHQ3v48ivNU0J8XZyZ29HGJpI6TQWEuZ"", ""1p6AwyRsymAKDMcEbtbR1xHgQMv8EbcE4D""]",[4.62270183],"[2.30582756, 2.30582756]",0.01104672,P2WSH
49fa7faebfc7beea286569a70b31080b6db6eb65488cc08a6f3f95dbfa7b514b,"[""1PeelEb9BaPVH1k5Xwi0GEx3v4Os6zP0EzPtCj""]","[""1PeelTdH5Dyt6vbQHOtaa4IQAKXqEenGVHAmxN"", ""1Peelyu6oYBUzo7J1j1Q5kh5vlEm2ErtukLa4a""]",[26.31308605],"[0.23658451, 26.07621424]",0.0002873,P2PKH
408a1a033d2c72a39b116c8d19d0deb26da98f88b80214600025dd2961b14757,"[""17Et2mYl5Lsd2GFpxR0smsbNAwW9BxjBt6""]","[""1ryUvIltnJlU5lTopqoZZwWhe7Ea170xt3"", ""12JrlVFyUhGA6cv1WChGtaPxgw1lqq7vlA""]",[3.54911883],"[1.77357736, 1.77357736]",0.0019641,P2WPKH
d45a4058824a93b76fd7f658431d6f8e6a884daee541008ca4619c82c839aa6e,"[""1oORaDioQaRY9AiexTgt2iVUi9iGaOBSMj"", ""1nqZuJJEvQdgWCh1Ba7mQiOj5qOpx4kysR"", ""11h1pSZVPEJqzCN2fFr6w6uaVTTCPwdHnA""]","[""1HXg1iwWKaqhAhdBwKCnMT4OsNb90AgSB3"", ""11h1pSZVPEJqzCN2fFr6w6uaVTTCPwdHnA""]","[1.17431691, 1.17431691, 1.17431691]","[1.75322028, 1.75322028]",0.01651017,P2WPKH
a4cf96c5d018334139ef0e41175340df073d16613ed22e6fd1098e8ad7b404eb,"[""1kMsVlAePMbPvmSnH0cJ0n1dNkj6keUF4g""]","[""1Wyi1hoW6gFWXMQdyNXZDLfqwLS5yOr7dV"", ""1qCEtk4JbeyHiLbwSjKht15zcKtPKopPYO""]",[1.76535001],"[0.88173062, 0.88173062]",0.00188877,P2WSH
444a106440aa9694a5c19705c7e2c9ccf108380796f1da1362ba4ffdf1ad1b9f,"[""18Sx8p9mTfPmy76jTUIhDswdP8oAaXKyp8"", ""1rHQEUsVXLXHl2BpSOZneMGXMRqOGqleig"", ""1CCREtj8b8rhBafanAWExRbeUjqyHl3pxa""]","[""1RLgTM9DQ59rLtG9viIGNElLR8abMh0X9z"", ""1JOj1lSAtVBMhimMpC1Ha2oKDzeLpHMIZd"", ""1rHQEUsVXLXHl2BpSOZneMGXMRqOGqleig""]","[0.92050625, 0.92050625, 0.92050625]","[0.91959788, 0.91959788, 0.91959788]",0.00272509,P2TR
74871f02602dacd511d8358ead52c55f49f309a5bcbdd3ae2b02ed0e3e588abd,"[""1hM4vv4ofazUYHcX2pddBrtL39iyOOe6mR"", ""1YvezT53DiSgEnvDW2o5bWmLxQbDyxhRIh""]","[""1XRByQkNzM5t5q6Q93Pl3W3w7a1VRdtu15"", ""1n2XwpVZu4Ad18AUBKnSpsHmskXx848s4H""]","[2.18151598, 2.18151598]","[2.17588175, 2.17588175]",0.01126847,P2WPKH
6acce6ded255e1714961c77d85d6e09a06d3809831da654d369778f38cdc0459,"[""1AWLZSy6JHNRcgC22pH8cyV7lB2Vrks4Q4""]","[""1P5NEXunJ5ev4USOW7BoqsgvKl6JhtxTtK"", ""1COfFlK3HyubC332fuOSkTfRNfRT8LjIck""]",[3.32527449],"[1.65863243, 1.65863243]",0.00800962,P2TR
8b88b70f6fdf82b4606bd5b313a7e5fbd4f423825e14eb65170a4f69d8ea44a7,"[""1oijKvbvYqrNXradi8CsHVEsBBt6Am3A9p""]","[""13LVvSbYn1iohieQWeWUcgXFdhpePUW5m3"", ""1lvf066vjFToJgJanlr3H8gnFRwKB7lvxn""]",[4.27069608],"[2.13503107, 2.13503107]",0.00063394,P2SH
d9c58e81736d5288d71f46c5bff1b08cfbc64c7c796ac0658476dbcbdf7ce1aa,"[""165vmNyjsdlmOB2epGIi7dQzHMk5wigoxI"", ""1TGlwR4g63SemmNa5mQ5aoYZ99ZxZcipP2"", ""1AJ1Mm2TqQzzr3YELMyRBPnNh3Elu6pQ5y""]","[""1y6P0PdcvSqXWAvc3Nkr3QIuxg5K1ONlN2"", ""1wF5JBFBakYqcDDf00xfKfOfj3PKXLA4jT"", ""1AJ1Mm2TqQzzr3YELMyRBPnNh3Elu6pQ5y""]","[0.22609364, 0.22609364, 0.22609364]","[0.22585121, 0.22585121, 0.22585121]",0.0007273,P2WSH
4f09fd0f4a3267fb0e925f3652da3774d292780637685e86bdd4883653acea5f,"[""1lQ9QHpIC6N6d6A9qQCwV2nrABamfJbT8A"", ""1epktMfDYKMupgovduX6WMVMJfdct0eh4B""]","[""1wHuPpUV0lLi1SHqVrv96YUaO961oSnoKI"", ""1ConAxj0pfUsGocFuBAwEqbBqe3sFHeroh"", ""1lQ9QHpIC6N6d6A9qQCwV2nrABamfJbT8A""]","[0.53422709, 0.53422709]","[0.35507714, 0.35507714, 0.35507714]",0.00322276,P2TR
978fe425a95321f54dd2c3faf34d477f606d6ffa67c7d6fab4d05d4a66dd08ff,"[""19aEQhaLhgmDZBdhz8Y0HYQ1MANlYOkTHD"", ""1tJQmiIsfJMHx2BiBt5SDAAzbI7AUMspFh""]","[""1ypPiyQTGOPtsb2UiS0Ag7pCcy6Nj6xs2l"", ""1rKdsAOapvr1PVjfq9mKfnDvYNA7gqstIQ""]","[2.42295494, 2.42295494]","[2.42221804, 2.42221804]",0.00147381,P2TR
c0cb638b703e78175c81b7ee5301345fa6af0b763ffa37a0c92ff52b87774ade,"[""1Hkxv78JaYb3F1ROCzvHGVhkAkKHx0QBrM""]","[""1bweeJYjlUURszuWRrj2bUFaZQ2IZ4FRAj"", ""1Roa9bI75dv01Ysi084pZdi7Rxb7xRPeZ1"", ""1519XgOMzEU5gBKcrAnCxmDh74zYRTaxnr""]",[4.70325511],"[1.56556713, 1.56556713, 1.56556713]",0.00655371,P2WSH
489c8041fc2e95bbc4f0aaec25f1b2a5f24d267c82995dc69562bfbc6d41cd54,"[""1x2Zgkgg7wMh553LlGLQjPsYvg4P5YSea5""]","[""1SwHll1TPDtX1F7G4bogoRGZrSiLRPvrN9"", ""1smn8ZmGK2hTYXfSCC2hc8ofQEiN9czcef""]",[4.95235626],"[2.46543518, 2.46543518]",0.0214859,P2PKH
dd286ac8130fa2f1097db48e881cc99be5030c39ca216f58d6c9eadd2795b22d,"[""13LVvSbYn1iohieQWeWUcgXFdhpePUW5m3""]","[""1aguQBkl3w3951qWg6euLYqkiCh1U37zBh""]",[3.98503928],[3.97324486],0.01179442,P2WSH
b7fdb15622671287a609ed753c8cbb8bb19ac34ecb93bfc78ff44b8340d5c80b,"[""1wPQyshaga81mOOBMWlsCDbkjR7D1KmJZd""]","[""1fjRgId2AbQkaa6UHly2aNulpGoS5IkzYk"", ""1hAislLSBielsdrLGXgT64J11f1BZzL8rQ""]",[0.95445521],"[0.47615649, 0.47615649]",0.00214224,P2WSH
666e0cdb445b26d5d682fbf6909909c3a5c27878458e2c52ec2c5cec0261e993,"[""1Hh8WFDtYLSSNI9CJdMEB7kIIdv1jQeSJ6""]","[""1MdwNq3BLyd62TVziibXUEMDxcjRLVqyGH"", ""1Psqd71uiyF8fr9ompgDgiCXPklakfEYHl""]",[0.40067964],"[0.19968859, 0.19968859]",0.00130246,P2TR
d2d57b118a2a17a4c37232068e6128b62934dbb451f38a1639b844858d704161,"[""1yLmaJKa5FFSq0sqhnHsN6ri2d89nhON8u""]","[""1Mjhyqljbm1xGR8nAdAdgw6Sp3laOtrrLA"", ""1jhzS3V0IvwNhBDG7Xkq7r7d8lYEHFeBFI""]",[3.87798464],"[1.92971441, 1.92971441]",0.01855582,P2WPKH
133917793c6faa3f9dd0ea331942bbd7568f2addb3e21b3747f79b1f7df70df4,"[""1EPRIcKmKaRKw3knH4UrIFjmLuuqhrbLOF"", ""18uzUEHGNyjZYBh4qoNId0ncnoj1FuUPbV""]","[""1rgKwrxXCYjrhyJcOOB4vi2CajF1n3GFkj"", ""1OIC1iWO5e0D7LlRFOqRKKKZebToPEQuoV""]","[2.16261496, 2.16261496]","[2.16182413, 2.16182413]",0.00158167,P2SH
7c89aadee6cce9be6d5ef0f73bd1b0fea15921257425c4a865d08af1c4d917f0,"[""1NxPDM6uLONCROhcc9hoHyx6RHKT2OZM6r"", ""14uzmW2wFqk467s1XDeUnPPy0IfyqhwUqx""]","[""1lichKFOwKHjDLs8GOioYIdv8NmelDQCQ0"", ""1qk0pmkqgZiO2unCwxkGXMASh2ilHRtAN5""]","[1.63118695, 1.63118695]","[1.62857417, 1.62857417]",0.00522556,P2WPKH
18be63f254566d8fdfcf4e98f52a18f8086baaa3f42578ade6bbdeaadba7c6f5,"[""1aW7zE9j2oL74SzVNSXxaDZFnuOTFG39LL"", ""1A6XCSHHUcuzMXD254LotKBsOco4pqGc7B""]","[""1YiJDKJ1zip7VzT7XFiDXYf3SepcvILnlD"", ""1ni0DlkIuSWafG6YlQSoiAy55XxDdvIR6f"", ""1A6XCSHHUcuzMXD254LotKBsOco4pqGc7B""]","[1.14649873, 1.14649873]","[0.76404443, 0.76404443, 0.76404443]",0.00086418,P2TR
01461b9f6b8824543d3eeb370e8f7cc81b5c77fd98acc5a95e0eb35439a7ce67,"[""1k7Gdp0CXP9K63LSFZH3UDqpNVGMrerqtH""]","[""1Roa9bI75dv01Ysi084pZdi7Rxb7xRPeZ1"", ""1bweeJYjlUURszuWRrj2bUFaZQ2IZ4FRAj""]",[1.25562231],"[0.62729574, 0.62729574]",0.00103084,P2PKH
7bd3a646c3e94ed67b6b1867cca40d0e7b9fe0ce90e187e7d91bac65e3db9be1,"[""1mMK3kuLPMaBsi1bqDVzK9dBMEIIKtQpvM"", ""1g8lPXmnLgHF8vlTTdDRV6b7DxOANwKa3H""]","[""1TsmiGJ1FhXsPI2kBhPonUOfASj53VnpD3"", ""1VdBHAZU51kI32F3P2mYzUFN274UVkCpI7""]","[1.92908495, 1.92908495]","[1.92807024, 1.92807024]",0.00202941,P2WPKH
7b0e9d783581d60359f4f518100e33727923f62cfc397f8fe3d15e9cefeca222,"[""1ExtEpU21D6USsKZpaGv27mMh6gYTlxda9KBx""]","[""17BFDEH4fsBR1kxMXtZrUEeFirqRaXJiWr""]",[0.03980963],[0.03976224],4.739e-05,P2WPKH
21be0a52f5d1b5451ee21968947f37546d15edaf20dc3d7087f38adcc8d52681,"[""1vQyaWLePMu96UTtjCj1h8zGaBZhB8gn8A"", ""1519XgOMzEU5gBKcrAnCxmDh74zYRTaxnr""]","[""14cXsxjGJXke1Mo4iCppaX3QjBvKNAp0mx"", ""15FYrsK9EjHvIHCtlRJoWcURYxPY8EcFK1"", ""1Hkxv78JaYb3F1ROCzvHGVhkAkKHx0QBrM""]","[1.7309309, 1.7309309]","[1.151256, 1.151256, 1.151256]",0.00809381,P2WPKH
a1ce7e6cf67978212ce92bd1de0d10b1fbf8e9587df90d4157f1a7a293112faf,"[""19C6pKDnNFpBxbEJEY58XUQs9PBiy63T8T""]","[""3MixkewKB8zaHTthIBs8oBmBGvBsUQvOwhhNH""]",[0.48559117],[0.48553859],5.258e-05,P2SH
a353309b938dceea219985f13a439cbda977370af90d240772cac34e9ef45ece,"[""1K1g2WmXMCaULEkFF6s1prItB86Et8DkeA""]","[""10wPAh03aiOu37qTxvhyCZQDA2kiT80g4D"", ""1K1g2WmXMCaULEkFF6s1prItB86Et8DkeA""]",[4.10054726],"[2.04673944, 2.04673944]",0.00706839,P2SH
19ebe1a9990416867405f6c7188e9b1e4f82fbae4f1b87b44166100b50249580,"[""12AhEAdsMHhqIJox6Z7aKYl3U99Xa93lyE"", ""1WtQTzdDKCSvj0K1oWq0D1UiTlRkNDgeCx"", ""1Qwh3AFDd3RXG69KoduwoaWQ6Limzf4KB6""]","[""1BZvV7yVbq9Ew6AQOfMXSfjSNTtgatwqil"", ""12AhEAdsMHhqIJox6Z7aKYl3U99Xa93lyE""]","[1.52973523, 1.52973523, 1.52973523]","[2.28465031, 2.28465031]",0.01990506,P2SH
76e45d6d53051fda86f76b14b463d4ddbc9c4671a84eeda31b9e3f75b2cce4cf,"[""1eTY8HhO6kGL75UQSyPx3BpdbIKaRdebuF"", ""1Qh2UVvsjaSS8VFgM0Fmxk754LEgw9YooJ""]","[""1Wx1jwAY4j6nbDqmEjZ0rlLEA0EPvg7RLi"", ""1GEnE7NutMLLGvxQhJDbwp6Q43N3DrvXR3""]","[1.22065248, 1.22065248]","[1.21539959, 1.21539959]",0.01050578,P2SH
3cf103bd2da890d308a5597f46da456fd362e9158c19819df51eb29cb0dc04f8,"[""12AhEAdsMHhqIJox6Z7aKYl3U99Xa93lyE""]","[""1jOtySWDeJ7rf9lxtAQzXuXOpzEHHYxKAJ"", ""1x2Zgkgg7wMh553LlGLQjPsYvg4P5YSea5""]",[0.05489056],"[0.02739427, 0.02739427]",0.00010203,P2WPKH
f58d0990279f350bbeef48fa899b31f294d13ac48735bfd98337a4096b233a27,"[""18PAfaO4sff09nrYHgM5KVDGaVVAHsiHJM""]","[""16f3KwOxBFK6gsvI3J0AutliYT9nGJMgrh"", ""1UhcAQ9i144vyISh33KM9cTwBzBZrDilV4"", ""1JiDrBixcfTLUxpq4ZOKkoJg89OEyY6J8G""]",[2.31953397],"[0.77090034, 0.77090034, 0.77090034]",0.00683294,P2SH
5581eb997108eeffbb05e9fe3fac549ba11fa1a2f7c192ee2bacac2bde1904d9,"[""1mhQRCCOdLUfgyilhSBSP5V5mMTcJAuHOC""]","[""1fjRgId2AbQkaa6UHly2aNulpGoS5IkzYk"", ""1mhQRCCOdLUfgyilhSBSP5V5mMTcJAuHOC""]",[2.93759013],"[1.46731715, 1.46731715]",0.00295583,P2PKH
3a85765f545c1bb5aa4a6aba4ae414c70ceca3ce8fd652e9230602b92b47c070,"[""17uXggnUIQnxCQQj9Ds5fZTvvWGvgSCecS"", ""1y0x1BAZOKsLRDlytTN8WurWw5m9lVbT6m""]","[""1Z3bdAMhnpvwc2qjQFPR5BC0ggLW6ZcgN1"", ""17uXggnUIQnxCQQj9Ds5fZTvvWGvgSCecS""]","[1.12387623, 1.12387623]","[1.12338728, 1.12338728]",0.00097789,P2TR
c23efac183a61f80c7b1fe5bb8df0d632f310ed0b47844d63b082208e3b11863,"[""1ExtEpU21D6USsKZpaGv27mMh6gYTlxda9KBx""]","[""1zXH4CTidge9QAATstN2DQnbEI0nG5Nu5o""]",[0.00719122],[0.00713194],5.928e-05,P2WPKH
ac91bd2a298222c10c550760dcdf6e9857daa5cbce8ae27925d4ee7aea0c435b,"[""1wPQyshaga81mOOBMWlsCDbkjR7D1KmJZd"", ""1aNS80TKIsEEKLQYESGAtd3zDE6vRbrlvo""]","[""1EJpZVBnQFKrJhLYeYq207indC40gz0OON""]","[2.42282392, 2.42282392]",[4.82439659],0.02125125,P2PKH
ac15f7357a7fb96d18c1b23c8dd467cf00f4590bed90f4c079b22f326a9d64e6,"[""1kgSC2RqbIdQnyxcACka3O72SSmqP7lQY9""]","[""1VE79f71WSGa4mbYKuzIZGaQuNETZK7442"", ""1SdPBRLcwIRXrla99KkURMMVJxWsILLTQ8"", ""1kgSC2RqbIdQnyxcACka3O72SSmqP7lQY9""]",[1.21070943],"[0.40284016, 0.40284016, 0.40284016]",0.00218896,P2WSH
135cd69753067325ee01527ba873d7214911e55231fc7029103c7210dc796c45,"[""12JrlVFyUhGA6cv1WChGtaPxgw1lqq7vlA"", ""1ryUvIltnJlU5lTopqoZZwWhe7Ea170xt3""]","[""1lichKFOwKHjDLs8GOioYIdv8NmelDQCQ0"", ""1VK0sjpNrhFKETWXMky2UxGlSGD7DKNXOm""]","[1.05838992, 1.05838992]","[1.05744558, 1.05744558]",0.00188867,P2TR
eb68f2eb249115058cec993e0d602dffb4ce333d5716769422c5eb9417f6b3b7,"[""3MixkewKB8zaHTthIBs8oBmBGvBsUQvOwhhNH""]","[""bc1qzoLfXolgObRX8Wx9dzUbskl2BrPJwfujS""]",[0.48504365],[0.48486409],0.00017956,P2WSH
f28de9805c8c5fab71358a16be02cf726f8c4ee5d4049ada36c1a5d0d9224e75,"[""1R4UXZVQKWGGw4gZ3mHk0BQSE3BdizIIPt""]","[""1IWxHwqFEg8D04wzInjq5JzjuxZEOQpY7N"", ""1bYPX4gfjlGYqyxzJ9oQ0O1VfxIdakEAWJ"", ""1ZU8CSAxoCjl2VbOM63oeKBP2pcBHUWi9o""]",[3.4623605],"[1.15332034, 1.15332034, 1.15332034]",0.00239947,P2SH
fffb960c09be2294d8d31707df36250181a193771e99c554a62acc873a014366,"[""1YIKIuhvPU1S8LvJnOng0wVJY08YMNb5Zq""]","[""1U2RUVt3FAdxCFZDGZ3CwPQ82l2fyl7ekg"", ""1lRtva1JyiNbUnAvwSWJfdjMPqPEBqUhAr""]",[3.15686095],"[1.57199103, 1.57199103]",0.01287889,P2WPKH
fab6ec1b325ceea38f33c0505df25ac2a53b5451b214b65d8d37f1c0399fecd4,"[""1YSPH8UCiY5DCQSCon1M4yRPW2CbDvCkVL"", ""1hgYXuOXHyzMH8xvYKWAWHoPe5JEKCIYk7"", ""1rtBhjqaMFmvtiRrpeMvBiDPgdAlKKZRMt""]","[""1YSPH8UCiY5DCQSCon1M4yRPW2CbDvCkVL""]","[1.44548254, 1.44548254, 1.44548254]",[4.32049846],0.01594915,P2WSH
e5715b89d28d7976e216e50861247df237c55e4e7df79544aafdd1a9514b7cc3,"[""1wIf5rjw8r3A4Xq0OQdENkOYbGX2YnBCJy"", ""14VGMf94mmMvjWkSLlT1WvS7v3OnokNVBR""]","[""1OElbZt5VUX9gkY7Dappd8ZVsW3liOavnK"", ""19qx5r97OKp36YsttSdJnVo7QbHQh6Y5ih""]","[2.21019746, 2.21019746]","[2.20902061, 2.20902061]",0.0023537,P2PKH
0e907fad7691544b0e43316d4b6ed4235011b3832af1bfbb08f758521b4325db,"[""1eYcas6YoUEgZVIcU2U2j9vS89SqKr8CG1""]","[""11h1pSZVPEJqzCN2fFr6w6uaVTTCPwdHnA"", ""1nqZuJJEvQdgWCh1Ba7mQiOj5qOpx4kysR""]",[4.10868982],"[2.04847088, 2.04847088]",0.01174806,P2WSH
a10af4c911b96e7152a370cad373d8f6c7d361eb79c47e71f631bfce70806a28,"[""11ds7iqxjvzeGetsb8uS15L0wfqu3lnXor""]","[""1OElbZt5VUX9gkY7Dappd8ZVsW3liOavnK"", ""11ds7iqxjvzeGetsb8uS15L0wfqu3lnXor""]",[1.86147254],"[0.92708141, 0.92708141]",0.00730972,P2PKH
926d13cb13fff3bd916233cb07cf3b77d63cdeb6953482a1d6adcfc5ba356d6d,"[""1JjNcJdql7LIbSPrfB91kZLXYlOqSvCKox""]","[""1vXnNQpesIVhuyJ7ZmZ5DDcijC13CY5dGJ"", ""1QIbJu4Xej0vxHkLlhWt1Sqf2xZsGkxcmf"", ""1gm1FAjfDMcWFhDiLZ3WOGwcGoXWxKTVRg""]",[3.02199074],"[1.00414491, 1.00414491, 1.00414491]",0.009556,P2TR
985f3aaeb9003c2b910b77c49a5cc7790e4364df7b6a65cf8b39528df091d768,"[""1PmTKeUiDj888yjzKpvo6iyTKPmiruNGGV"", ""1v2VCf1VqWAbHf8ZhShvCI678lY2FiQWmU"", ""1GWIGcHHR9kjQN1o5SH7Amd8yyGADtSseR""]","[""17NIvm9wstPbMkvA9b8IEo5iL0gn9JljWT"", ""1yzUzLtwg27VtHy1ECZB5lrHuCk4xO8zNM"", ""1GWIGcHHR9kjQN1o5SH7Amd8yyGADtSseR""]","[0.07411813, 0.07411813, 0.07411813]","[0.07383668, 0.07383668, 0.07383668]",0.00084435,P2TR
afa4dcb39de69d3ce89e94f5e4bf0d0d8120bdf5f07469d3ec7b262251b69465,"[""1fBtDVNwiBGUTgWCwsXJmr3muEHnhnfWQo"", ""1N48AcDHk4eXDDaZAtdlBsuO5TDXFgJgAD""]","[""16f3KwOxBFK6gsvI3J0AutliYT9nGJMgrh"", ""1s1ETBxkYKetnyKJ3NA8vLJWQgHIDJGo5R""]","[0.18161442, 0.18161442]","[0.18088762, 0.18088762]",0.0014536,P2SH
5deb2e18e522924d2d2de84de8b2b7ad3dc06395761b7f113167d3f69e4fa3f3,"[""1poOnapbLZzIJz0KM38UR8Xqw36tw7i19p""]","[""1OBHQ3v48ivNU0J8XZyZ29HGJpI6TQWEuZ""]",[3.01869857],[3.00431064],0.01438793,P2TR
20775aec18cf548c7005ce7291da8088955869492f703ec61194dc5a7d4627a8,"[""1nqZuJJEvQdgWCh1Ba7mQiOj5qOpx4kysR"", ""1oORaDioQaRY9AiexTgt2iVUi9iGaOBSMj"", ""11h1pSZVPEJqzCN2fFr6w6uaVTTCPwdHnA""]","[""1EJpZVBnQFKrJhLYeYq207indC40gz0OON"", ""1nqZuJJEvQdgWCh1Ba7mQiOj5qOpx4kysR""]","[0.9432452, 0.9432452, 0.9432452]","[1.40934131, 1.40934131]",0.01105297,P2SH
140ddf7834f5ec2ebb8e4a47f4c6973509b5a2841d62ea7db085506accb06b3a,"[""1HEZc2Ig3lraSIWC8bkp1mVnyl8hKWxPxv""]","[""13MMBvYOW2fHyS2GHnFtvNb3HqZsAFT0qF""]",[0.36613579],[0.36443264],0.00170315,P2WSH
394adfffbfe98247a9f6a6f418abd7f4a8974ba06fffbd22aaad001f2c7d35d3,"[""1xse0V8J56WwF8hEsfUExleHXNifSyiqkL"", ""1yCaoAI3JD9OEMwxKlCeCxQobfAR9C7GI2""]","[""1gm1FAjfDMcWFhDiLZ3WOGwcGoXWxKTVRg"", ""1JjNcJdql7LIbSPrfB91kZLXYlOqSvCKox"", ""1yCaoAI3JD9OEMwxKlCeCxQobfAR9C7GI2""]","[1.20572816, 1.20572816]","[0.80124567, 0.80124567, 0.80124567]",0.00771931,P2TR
2a963918f8811946ef311fa4e62562cff5ada408c6c4e9e2caabb5221b62c3f9,"[""1AJ1Mm2TqQzzr3YELMyRBPnNh3Elu6pQ5y"", ""1TGlwR4g63SemmNa5mQ5aoYZ99ZxZcipP2""]","[""1FdJ5khYao3bQxAh4FNPIXDxafsxXr4oI5"", ""1ONfFcDAU1Nmt1KZWcmVbZzlwY67KBebQB""]","[0.94672424, 0.94672424]","[0.9442838, 0.9442838]",0.00488087,P2WPKH
e6f263b000fc2cfe3be451fa7c9de9ac2c8934eb1e6842d234b4ed10e01d5ba9,"[""1xycs7mJzZjHp4ae1qDeD85EeC3M807qI3"", ""1zufkD5et3BYjDb6ho2E7Kz0rLkjuxffXa"", ""1YuPGPZKQXWpYAq6s89dKXpZI0n7CjgHwU""]","[""1FmtL64wj0wxrv82fTB9XrX8A3iKfmD19e"", ""1zufkD5et3BYjDb6ho2E7Kz0rLkjuxffXa""]","[0.46023021, 0.46023021, 0.46023021]","[0.68780281, 0.68780281]",0.00508502,P2PKH
c23c8474fccd563ffe98509917687fcb36e27afbc80c8551dc149734900f77b0,"[""17Ufz4zISUilxIcZZsICbaq7ZDO3zEQphr"", ""19eUKJ1MDRhFJ0kdt2ikqA4wrG6FVlfUH2""]","[""174nzkgAu0esIi3uw7W1Ht6qhSCUEkypbu"", ""1IqijJcifY1TxOogd1S7OkCnBSnIKlZblj"", ""19eUKJ1MDRhFJ0kdt2ikqA4wrG6FVlfUH2""]","[1.65793498, 1.65793498]","[1.10149415, 1.10149415, 1.10149415]",0.01138749,P2WPKH
8c02d8b578bb20ff1a3b59f6a8aeed848f0397102b5e8a4a04832a6097679fd4,"[""1ExtEpU21D6USsKZpaGv27mMh6gYTlxda9KBx""]","[""1oMNuTa8lBXQeCmejc0vjBLr0NPRpCyICR""]",[0.03032766],[0.03028082],4.684e-05,P2WPKH
92a3295484e2dabe750ad07a725a0fa6e9376cd51692934bbc78946ae4e4cb72,"[""1FMrWELWZ8wzjH4QDoafgJE6WeS4NC8qdY""]","[""1ioRRdzHzmA4KR1VxavU07zUHLnnBbuQzk""]",[3.35619506],[3.34589173],0.01030333,P2SH
f561ed6543ede9396a4cbd4062339e516cc9356f4c4efe047cd1ff7dc0615146,"[""1TWxYA4hkrbRau0M6FYlyiWxxsBg5a1roW"", ""16cQeRwPEb8q1WyQPEXySS9S64um7BI9qx""]","[""1UT5E9X3gFoJaR5UIkT8JPlYoclZmsdBMb"", ""1SSwUVZAQZjxkck0AfjezARkSS2G3K7KuC"", ""16cQeRwPEb8q1WyQPEXySS9S64um7BI9qx""]","[0.13697617, 0.13697617]","[0.09101942, 0.09101942, 0.09101942]",0.00089407,P2WSH
2b1203e81c71e1a919dbd0a2ca66d4088393ef371d9e1e580c7c80c38a6c713d,"[""1TyBKFnryifJdyfFViiIEOmMTpeWu5fPAv"", ""1TSXkZQJ4KsTJedVvYz11oOLaWxscHjFnd""]","[""1qXmVHtyvY01uMTZoZgSNtElxqRvX3U7ug"", ""1DOshUCe84vq9x3gCK2QXVng9LLw1PZ7AN"", ""1TSXkZQJ4KsTJedVvYz11oOLaWxscHjFnd""]","[1.97520275, 1.97520275]","[1.31277034, 1.31277034, 1.31277034]",0.0120945,P2SH
1a61aecc8bf8c7180db05e77060d0378578517557d0840971f69ab7e256a0267,"[""1CQwBgBye1UnWeNGmWv7OjgpkjVe6MCIJQ""]","[""1RPx4GpdmRqC6eOP4wgs2x8FS4ELfm7ISc"", ""1vOVkvYXMB5oQjTfTpMjZrvXsDuTnHUIM9"", ""1CQwBgBye1UnWeNGmWv7OjgpkjVe6MCIJQ""]",[0.91547938],"[0.30460939, 0.30460939, 0.30460939]",0.0016512,P2PKH
3e63667ef09242797dcc79b8e111f8285adcac8a9a82767a65276e981d29c68e,"[""1ExtEpU21D6USsKZpaGv27mMh6gYTlxda9KBx""]","[""1uboub15eEeAr6EVSylVYMQ3WjpKydw7gF""]",[0.04623972],[0.04619026],4.946e-05,P2WPKH
a74a517b432242d1902c9c47f066dd5cf5ef755daa6ef8af4215fb8220600de6,"[""1yCaoAI3JD9OEMwxKlCeCxQobfAR9C7GI2"", ""1xse0V8J56WwF8hEsfUExleHXNifSyiqkL""]","[""1P5NEXunJ5ev4USOW7BoqsgvKl6JhtxTtK""]","[1.76430941, 1.76430941]",[3.52276595],0.00585287,P2PKH
bfebe95de3aeaf7d3afcd7ae8951100044fa75ee6bc3e533e18fcf877ff73b2b,"[""1ZdHSDcRoDqQS7PJrK7xnaEx0junNZenxp""]","[""1yw2jrHoGLtMH3K69OcAm3dmYuU4dEXILZ"", ""1hM4vv4ofazUYHcX2pddBrtL39iyOOe6mR""]",[0.59573301],"[0.29742227, 0.29742227]",0.00088848,P2PKH
03e028c8c2d3ef1e9f961f53f1cd6e62c4a8c05b6256f48ef1485322fe692d30,"[""1mlkrLGgdpgh3JoGr2RzynZQEkmNRral4M"", ""1T0QkQkuC7PAb82kVavDa2DcbQsoFUWgXu""]","[""1JzeFXX0gCrC6vyKYgxWHqtXkNX2ukZ9ki""]","[1.69743951, 1.69743951]",[3.3922508],0.00262823,P2SH
99ea105124b54a254f1dcec66e562bfc24cd6e3ca7b3feeec8f117fd5db4c941,"[""1OElbZt5VUX9gkY7Dappd8ZVsW3liOavnK""]","[""15sEUbQws98rdpy9966nvyiTGQ2QzJAtLB"", ""1RPx4GpdmRqC6eOP4wgs2x8FS4ELfm7ISc""]",[3.07192752],"[1.53000672, 1.53000672]",0.01191409,P2WSH
3f3dde9f4defa4a0b90bf597b04519d8bd8dbbb548feecb4c95feb1843486945,"[""1FFciuDCLFuMk9TsuZHRsYwP8KXSQbD7WW"", ""17nvdE2ODH0A2TVwyJmIeFVr9Qh8yXv6Um"", ""1EmLtST18iwItCqpgrxMp1juJtVEFEtb6F""]","[""1ypPiyQTGOPtsb2UiS0Ag7pCcy6Nj6xs2l"", ""1JSKkMM0jQb6gbtjQzW52TdimuPGtk4vvV""]","[0.01991394, 0.01991394, 0.01991394]","[0.02983907, 0.02983907]",6.368e-05,P2SH
045407326c3bd3ecda768b13cf78f288ee531797835405e1f0267ee90df4e34f,"[""1ExtEpU21D6USsKZpaGv27mMh6gYTlxda9KBx""]","[""1FarEbjkuaktlwiHe03hupeXIDVWawm1Uh""]",[0.02751743],[0.02746872],4.871e-05,P2WPKH
5cdfc5ba9e5b1d0a9c6d2e2c6502a18a357883caec34ef52225f8fe100967852,"[""19IiRghzekNuIr1y2dLnqzdhpiff24m4J9""]","[""1nQiS9F9LGVBisM6cSQo9L7J9gaVt1X3EC"", ""1fJc9Dcft8U7FtywiPu3FFWbXD1cjQeM7o""]",[3.72840337],"[1.86207546, 1.86207546]",0.00425245,P2SH
090d653286e3646023bdaf6dbdfa0ea841e3d18b8536a4cf87969ef482776932,"[""1H1HH9saVguIdtsiZaXl54ENDZGW7Nr1UW"", ""1fjRgId2AbQkaa6UHly2aNulpGoS5IkzYk"", ""1hAislLSBielsdrLGXgT64J11f1BZzL8rQ""]","[""1LLKv0MYRsMfihslQFzixlNQO9IEitBdwa""]","[1.05703001, 1.05703001, 1.05703001]",[3.15643904],0.01465098,P2WPKH
480ffdcaa7a8afe0e27d0c7ecd875c99d21e13d9a8248f41afafe2a693571b70,"[""1E6ja3amndbGpsSzogaGJW9hhXb70xUMYi"", ""1E5UKGVTTMyHTs9661HDppd5Y8FQphgZ7f""]","[""1CUVPmPbUhoKa7H09tOthScdGZX1Scu2sS"", ""1E5UKGVTTMyHTs9661HDppd5Y8FQphgZ7f""]","[2.34555927, 2.34555927]","[2.33676834, 2.33676834]",0.01758186,P2WPKH
d88d615b1c0c21ed2d695a5e2da63d8bc66286ed53709950c5dd816f565cce88,"[""1FdJ5khYao3bQxAh4FNPIXDxafsxXr4oI5"", ""1ONfFcDAU1Nmt1KZWcmVbZzlwY67KBebQB""]","[""1avcmNIlgs0GxK9EE09nBNB6NjawFTkwm7"", ""1JiDrBixcfTLUxpq4ZOKkoJg89OEyY6J8G""]","[2.11695367, 2.11695367]","[2.11106641, 2.11106641]",0.01177451,P2SH
96e6b940c2665e9764af19922f9f4843a0185a574b3beaf47efc39496110ef9f,"[""171imARDL6KFQraidyYG42CJTr2CRSsMYk"", ""1SCXtlVRmBIxJh6aYZvzQzWHubW5j7uNLL"", ""1p3TC4lJy6o1qMs4RSnE9I9egVuBpFCeRU""]","[""1lRtva1JyiNbUnAvwSWJfdjMPqPEBqUhAr""]","[1.63883728, 1.63883728, 1.63883728]",[4.89753403],0.01897782,P2WSH
f15b848406ed8fa3de993484f22b667ef936ba524d47c927ed7cf1a319281d21,"[""1VABpAk7Ovyh201LQbqn0zIuPzYAqdEnNc""]","[""1EgOfrZ3mTMT30NYJVncq3HOjy3K1iFfwa"", ""1NePpmJ6wPorelEuOQjJY7ktWSNrwQuDBW""]",[3.02426592],"[1.51049104, 1.51049104]",0.00328384,P2TR
ff8634a4046e47e449db995d44969720a52489d1b4b6e62580061a28ee527285,"[""1y6P0PdcvSqXWAvc3Nkr3QIuxg5K1ONlN2"", ""1f566XoQUJK2WBjg87THM75FY0853siUB2""]","[""1iT6TKsZXDlMmlNvf5DeCYSb8i6ZwHgcgJ"", ""1wF5JBFBakYqcDDf00xfKfOfj3PKXLA4jT""]","[2.27599985, 2.27599985]","[2.27242775, 2.27242775]",0.00714421,P2WSH
5f8f542eb050c85543c219950e8d0a4cddf5f94b7e624a191d61432b8405c34b,"[""1Xye4JSnE2NiiUHUAKw9iEU1jjQKxKDpI6"", ""1eTY8HhO6kGL75UQSyPx3BpdbIKaRdebuF""]","[""134o3QJq5QrHOl0amiYY5sIJ0PHxTXQeUv""]","[1.31769541, 1.31769541]",[2.62995876],0.00543207,P2WSH
1e19db761299a8bab3679bb9cc6cd79c0146014b05301a595ccfbf264d8886b4,"[""1fGjWJNJjJsV3JX173g0YnWWAI7dMbIjNC"", ""1HjOfIJvN5nIYgZ2VYtu5h0WyjKV0q30Zk""]","[""18uZnTYRd1lEy9O09HuQ9UyGrRm1yiUJX0""]","[0.67394615, 0.67394615]",[1.34719389],0.00069842,P2PKH
b7cb8da0470529186d1c737f15014b0b575c0735e14a5b2bada54ad61e99882b,"[""1fdXIJoqyNAbPHNMUKRe5gWsfVByODHiyX""]","[""1oDErVDfVSvZpO1ReEnPDxEvYVFt6RO0gi"", ""1fdXIJoqyNAbPHNMUKRe5gWsfVByODHiyX""]",[0.02529346],"[0.01261123, 0.01261123]",7.101e-05,P2WPKH
bdcf6597f3c00aad3d5ce45737a52d9f8ecfc2854eb316b97882cdd88cce019b,"[""1FMrWELWZ8wzjH4QDoafgJE6WeS4NC8qdY""]","[""11ds7iqxjvzeGetsb8uS15L0wfqu3lnXor"", ""1FMrWELWZ8wzjH4QDoafgJE6WeS4NC8qdY""]",[1.98054438],"[0.98553994, 0.98553994]",0.00946451,P2WPKH
0e86a4ee24c176f02c8166abf8af0fd0d54379b52248e5ff799183db57dd9121,"[""16cQeRwPEb8q1WyQPEXySS9S64um7BI9qx""]","[""1xT82ExHgD1OQke0st7ekxTH3fKMDb6k3j"", ""16cQeRwPEb8q1WyQPEXySS9S64um7BI9qx""]",[1.26500418],"[0.63054333, 0.63054333]",0.00391752,P2WSH
2ed1959a5b68235bb5e69706fa4b8c49a620fcf7a1e935e12d531a71ac69b98a,"[""1ExtEpU21D6USsKZpaGv27mMh6gYTlxda9KBx""]","[""1iyNE6qUquuPD66PnZQ8a4u937WQj5DGRW""]",[0.02486055],[0.02479053],7.002e-05,P2WPKH
50c4ebfa8b8f9a5530693f78945a193456f25959fcc2688f7b4ca748ebd95261,"[""1mlkrLGgdpgh3JoGr2RzynZQEkmNRral4M"", ""1T0QkQkuC7PAb82kVavDa2DcbQsoFUWgXu""]","[""1Q0N7HE96MT5jotYfLQqmvoi7968lwdGnq"", ""1T0QkQkuC7PAb82kVavDa2DcbQsoFUWgXu""]","[1.27851756, 1.27851756]","[1.27470178, 1.27470178]",0.00763156,P2SH
9f7d1be2b39b9237edb2f0bf3a6849e2a54ed656158c7040afd0cadf50e9deae,"[""18mhQdi0Ckv2LWNLk81f1E9KZrTTpuJ3Kj""]","[""1zl262n65OM48mRkyAqfw6hSA5CPhSl1Wr"", ""16LclE6MWvaohGfwVHnVOrmXQ8DkPcNrAu""]",[0.25331765],"[0.12603437, 0.12603437]",0.00124891,P2WSH
4fbaecde5aadd78a210d703ad2b4ae7f01607fc7fbee17a46d961436f125202b,"[""1s9BvYB9WoYKvSNkimmdvrHuRrq19Qf7W4"", ""1iY7FEQz0EfbVsrHkCUVIhhWZwZcSH9gZU""]","[""19LaGphLHGVnw3bifQhqmfROCYB65pm0S7"", ""1ib91g5hiqle04mgXzEMnA3NBjs4ON0hvv"", ""1s9BvYB9WoYKvSNkimmdvrHuRrq19Qf7W4""]","[1.65511763, 1.65511763]","[1.10166297, 1.10166297, 1.10166297]",0.00524635,P2TR
de877ae0d0511f0cec954bb46cb48dc881b674dd40d9e98169c69df80268e764,"[""12BGCSzOjD8uQO001xtSV2ceN59UAgN2BR""]","[""1oORaDioQaRY9AiexTgt2iVUi9iGaOBSMj"", ""1nqZuJJEvQdgWCh1Ba7mQiOj5qOpx4kysR"", ""12BGCSzOjD8uQO001xtSV2ceN59UAgN2BR""]",[1.36240065],"[0.452999, 0.452999, 0.452999]",0.00340365,P2WSH
8ce8a1b3e926e26e1310d82081220dd1e12c350dc2a263783fcb7bcc1abb66ea,"[""1mMK3kuLPMaBsi1bqDVzK9dBMEIIKtQpvM""]","[""14xCMmyeAQ6JgCggbCqDGvhIvnyAuBwdx5"", ""1VdBHAZU51kI32F3P2mYzUFN274UVkCpI7""]",[2.89769761],"[1.44330671, 1.44330671]",0.01108419,P2SH
4f21762bfdaba7047e8e1124716701eb64c61a9a2180bb9f5b29b488eee194e0,"[""1fJc9Dcft8U7FtywiPu3FFWbXD1cjQeM7o"", ""1kseJveSC98VB568EwrzMQBFMtfzB29c8d""]","[""1bweeJYjlUURszuWRrj2bUFaZQ2IZ4FRAj"", ""1Roa9bI75dv01Ysi084pZdi7Rxb7xRPeZ1"", ""1nQiS9F9LGVBisM6cSQo9L7J9gaVt1X3EC""]","[1.115645, 1.115645]","[0.74119487, 0.74119487, 0.74119487]",0.00770541,P2PKH
48e480698712a3b8753ba3222533d526178656a1a58cf48d3a30b658c04fc92e,"[""14FL2oIvHquilA0mXnNGMeSHTtkr0bVWWQ"", ""1kVFWtDFCcdP2xNfSrjxhzXF9wdtkJTIcD"", ""11SfkUNfQDXB3OdN8bjvxh4OUqfYLJDE4e""]","[""1mY3wzHelT4NEZJDvMIieAxeeWshoLun65""]","[0.30654136, 0.30654136, 0.30654136]",[0.91925243],0.00037165,P2WSH
c49f3005c0c91e684451684daad1396ac9f018e9ed6b127456f23b425489a790,"[""108twQXGLnyHCi6ZECLjPXRLt9h9RDZERx""]","[""1Sgz5ZKVBO7iEGd50DF5kJThyL2Fx84Vq7"", ""1QlxwbQZ8i5hzcqtRQVJJ8PuGRfPpvPx0I"", ""18uZnTYRd1lEy9O09HuQ9UyGrRm1yiUJX0""]",[0.77005982],"[0.25626551, 0.25626551, 0.25626551]",0.0012633,P2TR
b6e668cc5956d7f7e3a05c04313e73fb3e99799fb5a24a3354bcfd9e564a8266,"[""1JSKkMM0jQb6gbtjQzW52TdimuPGtk4vvV"", ""17nvdE2ODH0A2TVwyJmIeFVr9Qh8yXv6Um""]","[""1mxQcqs6pL6yrvA3y4k6xWhuvL2i5Vl1ha""]","[1.63272047, 1.63272047]",[3.26268191],0.00275903,P2PKH
27be3f32472e8a85bb4e4a808a227fbc9c8ec48716de5eae4594cb459283e38d,"[""1K76Wy7Rp9KddvHBrD2e8TZ2KJIBuHOIYQ"", ""1f1vQYmgotsVDQ5nPulykjPuGDKzToq5Zw"", ""1sTZttIVa6dzOiCrYmPpZbAxITXMBqejS6""]","[""1q19ThveXTuFrNFWRt5A5Xt0O2cNaix6Pq"", ""1K76Wy7Rp9KddvHBrD2e8TZ2KJIBuHOIYQ""]","[0.8456158, 0.8456158, 0.8456158]","[1.26281186, 1.26281186]",0.01122367,P2WSH
84b09aab64fbd28d75497d88a3333cb3ed9ff656dd71651ec2e0c4449f9e6862,"[""1iLNtD3hOwMSDU0mni6nffz2golOu8PGJ2"", ""1y1v6ZA0s9fNyD6rOuipJhjRVdX1Oxzjk6""]","[""17Ufz4zISUilxIcZZsICbaq7ZDO3zEQphr""]","[1.20964963, 1.20964963]",[2.4170071],0.00229216,P2WPKH
9bdf0fee612f5771a363a4fcbf02aaf01d6d9cc2d2e9568b7019a84a9cefdb7a,"[""1qXmVHtyvY01uMTZoZgSNtElxqRvX3U7ug"", ""1K4RIUHyRmfL2zqSHy5g7Y3sJf9BcHPqEZ"", ""11rSrpFAZ8fgXpEKPgWRIZxG5xLKX7JhVw""]","[""1APVbqszBscgTGykHhiE3vCM445YJcucLS"", ""1ramWOrCWNgnRnLTLCAKHDIvtZj0EGkyyO""]","[0.70876717, 0.70876717, 0.70876717]","[1.06195765, 1.06195765]",0.0023862,P2WPKH
fa081b9dcab34aacb765af04c31ad98e385cde7a64bf19cbf0e3f936500c7e67,"[""1YqmURakEgVzzrAkliEFgJnmUYl82B4gNe"", ""1a1yZ5bhG6UpCQ1FOaN6tN28TQoETXv66D"", ""1fhdboEVaq7PWcnXxG7qEULuQvtowyL82X""]","[""1esM2wleOV911xCZkwPRQeNHpCq5QnuVdY"", ""1Xye4JSnE2NiiUHUAKw9iEU1jjQKxKDpI6"", ""1a1yZ5bhG6UpCQ1FOaN6tN28TQoETXv66D""]","[0.18819548, 0.18819548, 0.18819548]","[0.18788931, 0.18788931, 0.18788931]",0.00091851,P2SH
8b196af08f6fe50a59835db6ab3eca98b18798085647a838e0efb3e1da755cdd,"[""3MixkewKB8zaHTthIBs8oBmBGvBsUQvOwhhNH""]","[""bc1q1ENi57gW9j7AN6Wu7hdre103EOyR2dILN""]",[0.48494168],[0.48486409],7.759e-05,P2WSH
80440c685611d596ce97988a27efd18c45ff4bd825465ef89fec2113aeb06995,"[""1tIhCZf5f4lftMbkaNC26tQ61UTtxrrJzZ""]","[""1HcogFhemJZQeArbLw83x6sbwsjKgntSUW""]",[3.3722212],[3.36479376],0.00742744,P2PKH
1a85398bbd4d8c85ec3d33e5bd2b50ae02bb249bab5c162f298395ba1f8e2de7,"[""1PmTKeUiDj888yjzKpvo6iyTKPmiruNGGV"", ""1GWIGcHHR9kjQN1o5SH7Amd8yyGADtSseR"", ""1v2VCf1VqWAbHf8ZhShvCI678lY2FiQWmU""]","[""1OAhjqZUgkzv4XngNe3EpqsBWRJKVjrnww"", ""1v2VCf1VqWAbHf8ZhShvCI678lY2FiQWmU""]","[1.09883167, 1.09883167, 1.09883167]","[1.64278237, 1.64278237]",0.01093028,P2WSH
385f4b30c30cf5d868eaa033eec0258d007c86384563b698e5efbfbf3b208c36,"[""1qir2EbNXStazn0h6Oj5sRzDDCilLUieV0""]","[""12JrlVFyUhGA6cv1WChGtaPxgw1lqq7vlA""]",[4.57121669],[4.56010221],0.01111448,P2PKH
1f3f497388e4cc5f35b54f1265a6dbb28531c52eaac2b466d83668df7596fd9b,"[""1OuaOnxydWPoZDwdTXctJX6OwASeJ4vAb5"", ""1n7QNlf1P0ARq1WDuUin8nQj75FNUs9v91""]","[""1K1g2WmXMCaULEkFF6s1prItB86Et8DkeA"", ""1kEEeLViOPb7R7HDHv066Q3RthfVul7PWN""]","[0.80877924, 0.80877924]","[0.80484313, 0.80484313]",0.00787223,P2WPKH
c44ece469522cbede313255cf5712baeaf02296784f64b08f051872c1c5b05d7,"[""1rutoDz5PPTsR3Owyvd0XyYC7W1BYURO7U""]","[""1wDK1hpcrAs5jLJZiTwihTC11GKlKM07IA"", ""1XyYZcX9OS3JrU7jXfPE3dq9s0doXZ6kYL"", ""1rutoDz5PPTsR3Owyvd0XyYC7W1BYURO7U""]",[1.05865314],"[0.35151888, 0.35151888, 0.35151888]",0.00409651,P2TR
2a7cef4db20a0d626be861c5ffdc1badfa5f9d960c2e4f7b0e8d3b7b39e881aa,"[""14xCMmyeAQ6JgCggbCqDGvhIvnyAuBwdx5"", ""1EvHPpCZsuGP10EqGNjzn9wbJRAmf5xgqM"", ""1T0QkQkuC7PAb82kVavDa2DcbQsoFUWgXu""]","[""1x9sEXiKd33nYEhv1zJJ3WDSLVFCBB1uXP"", ""1mlkrLGgdpgh3JoGr2RzynZQEkmNRral4M""]","[0.53266804, 0.53266804, 0.53266804]","[0.79809211, 0.79809211]",0.0018199,P2TR
4a7d7a3acd65b4e1dec8c1ab26cb7fceefc1a2dbbe7c53a0002032880d65ff88,"[""165vmNyjsdlmOB2epGIi7dQzHMk5wigoxI"", ""1HrJghZ26IEh9DgoZlVXoMBiLc5VlntJ6v"", ""1AJ1Mm2TqQzzr3YELMyRBPnNh3Elu6pQ5y""]","[""1x2Zgkgg7wMh553LlGLQjPsYvg4P5YSea5"", ""1jOtySWDeJ7rf9lxtAQzXuXOpzEHHYxKAJ""]","[1.04059545, 1.04059545, 1.04059545]","[1.56030205, 1.56030205]",0.00118226,P2SH
8d0e655ae7b4cfe17a987b8082241f0bac2c61b9f3fe92a8e15cdedd15bbe337,"[""1QIbJu4Xej0vxHkLlhWt1Sqf2xZsGkxcmf"", ""1vXnNQpesIVhuyJ7ZmZ5DDcijC13CY5dGJ""]","[""1Y045TdmCoUV0z14N0qrjQoojbXtE9A4mq"", ""1vXnNQpesIVhuyJ7ZmZ5DDcijC13CY5dGJ""]","[1.35448579, 1.35448579]","[1.34830128, 1.34830128]",0.01236903,P2PKH
14b4734149920a0afee9522b58931a0587605450ed5d12107e97d52b99618bd8,"[""1GbjPmUjrp0QsUcYg1T1UIoWXrP5y78tIa""]","[""1sTZttIVa6dzOiCrYmPpZbAxITXMBqejS6"", ""1f1vQYmgotsVDQ5nPulykjPuGDKzToq5Zw"", ""1GbjPmUjrp0QsUcYg1T1UIoWXrP5y78tIa""]",[1.59240953],"[0.53006086, 0.53006086, 0.53006086]",0.00222694,P2SH
58f80c13457be6a6baf1fc245ffe8c97b6c2927a3b002444d2fb03be08d9e51c,"[""1SER69nCHPuJ26iHQtaLSwh8MGTTpLVllO""]","[""1piMDSJoVptujtJzaQUXHtOtRF19fgRxUk"", ""1zJkmM6MuLbSXfR4VIOGwmjH1oX4unT6cb""]",[2.61564537],"[1.30766287, 1.30766287]",0.00031963,P2TR
6d31ec8bad39dab053b3fcbcf719f14144ead4eb86b919fc363c07bfea50f49a,"[""1rHQEUsVXLXHl2BpSOZneMGXMRqOGqleig"", ""1CCREtj8b8rhBafanAWExRbeUjqyHl3pxa""]","[""1EblLusMVOGECsEFHYHbV92hB0BckOW2kA"", ""18Sx8p9mTfPmy76jTUIhDswdP8oAaXKyp8""]","[2.19191007, 2.19191007]","[2.18179754, 2.18179754]",0.02022504,P2WSH
90bbccf37f7bccc4249c2678ed9d41e887458322024ea9da9a80b27fe86eb7c4,"[""1jIWajgIynDxCp4yt5yurP2LHvP8b2lowF"", ""1aLyeoEcsfxljtPDq7lyGgXvTOzYjhFQaO""]","[""1bWrINcSWd3tsd73P2y00oJFhPJWGEfLVt"", ""1xNR3QHoBa754s6Us1jBtYNWqeWET5uA4g"", ""1jIWajgIynDxCp4yt5yurP2LHvP8b2lowF""]","[0.43485502, 0.43485502]","[0.28985721, 0.28985721, 0.28985721]",0.00013841,P2SH
719487a2e28704e956640820a420c22e920f3261d11cdbf253efb6d5f5d3f753,"[""1HEZc2Ig3lraSIWC8bkp1mVnyl8hKWxPxv""]","[""1SwHll1TPDtX1F7G4bogoRGZrSiLRPvrN9"", ""1smn8ZmGK2hTYXfSCC2hc8ofQEiN9czcef""]",[0.17040289],"[0.08487799, 0.08487799]",0.0006469,P2SH
6f55aa6aca9006d565d1909ddd753b12776257ed8f540aa4c389d6e5b2c6ed5c,"[""13LVvSbYn1iohieQWeWUcgXFdhpePUW5m3"", ""1lvf066vjFToJgJanlr3H8gnFRwKB7lvxn""]","[""1A6XCSHHUcuzMXD254LotKBsOco4pqGc7B"", ""1aW7zE9j2oL74SzVNSXxaDZFnuOTFG39LL""]","[1.23636637, 1.23636637]","[1.23601811, 1.23601811]",0.00069652,P2WPKH
6090cb9768ecdfa72a8dc87546975bafcf221e1198a6f09800b5f38cb16a3c9c,"[""1fhdboEVaq7PWcnXxG7qEULuQvtowyL82X"", ""1YqmURakEgVzzrAkliEFgJnmUYl82B4gNe""]","[""1iY7FEQz0EfbVsrHkCUVIhhWZwZcSH9gZU""]","[1.47605555, 1.47605555]",[2.93879929],0.01331181,P2WSH
5994c6cda9c5ab325eeadfc2bf956d725014692d2e4ee1372f760cfeaed49803,"[""1Peelc9OG2lg5GAcSloZSHHFsYaUPC3M2VpPXt""]","[""1PeellviNj8tz0SRD6z9NGXGVGASUenJMsN8KR"", ""1PeeleSuBoN7dMCEJiPFWxZs762QJRINYXbINb""]",[27.4969632],"[0.23658451, 27.26015807]",0.00022062,P2PKH
527c463d861bacfe9f9b3a3d64c5bcebc29fdae20c46dab945d4799371d7f5b4,"[""1NVurgNLv5a5A1hjlVC7DOtiteber8f40Y"", ""1pXN9a4HgK8DEImeJ2w535qiSX0NAjgkmp"", ""19Qq31MAzuBkY5t1EBHbB7V7lFLApWqzxi""]","[""1pXN9a4HgK8DEImeJ2w535qiSX0NAjgkmp"", ""19Qq31MAzuBkY5t1EBHbB7V7lFLApWqzxi""]","[0.67567742, 0.67567742, 0.67567742]","[1.01288576, 1.01288576]",0.00126075,P2PKH
c347e23833a53ca11710b64948b53b9f4612e562ac81339be32c9828767cac16,"[""1HEZc2Ig3lraSIWC8bkp1mVnyl8hKWxPxv""]","[""1CY4RBwl3yymVObMrW7dM8EGxjM4FSjZtJ"", ""1EUXGQaNQXwR2P1UyTuCcPk3kU0qlGCyiZ"", ""1HEZc2Ig3lraSIWC8bkp1mVnyl8hKWxPxv""]",[3.12297855],"[1.03882629, 1.03882629, 1.03882629]",0.00649967,P2TR
6eb8b75750aa2a786409be0af4741f0c86ddffd9abb7e7a909d290456b698ceb,"[""15LvKMpwLT3ggk46UpIlb1jhkQQq2x74Ta"", ""1xVrpFT6EMBVelifcG7cR8IYUd48e11ERX"", ""1Hm8sB4bFGFJuqbk1MxFvL2lQEM4yNm6Lt""]","[""14gc2DDVK9wBJBbEPvvfwkMP4g57mNsXWv""]","[0.90847255, 0.90847255, 0.90847255]",[2.72327645],0.00214121,P2PKH
488395f19850b8dd6ac90063b4be9c053ad5a3b6d5197132504c9b2bde46b3aa,"[""1imNqNOSIOFkYtWx7pqGQzuf4WjXqg8n7W""]","[""126h6b10mdBmVKh8FJGkm6Tw9znfFDF6bx""]",[4.36907482],[4.35317099],0.01590383,P2TR
2e1912b9c8f3bc91ccc2f93d4d3ceb33255019ddb4a1722353a7ed30c112f8e1,"[""1SCXtlVRmBIxJh6aYZvzQzWHubW5j7uNLL"", ""1p3TC4lJy6o1qMs4RSnE9I9egVuBpFCeRU""]","[""1rNTAw1W0rFsMhfQ9b5acjtNK2eoNZ9hut"", ""1SCXtlVRmBIxJh6aYZvzQzWHubW5j7uNLL""]","[1.44620001, 1.44620001]","[1.44125488, 1.44125488]",0.00989025,P2WPKH
9d46120f9fcd753e9562a6470d3c46e57b59613f448ce820d3bb3803925b3f28,"[""1qLWmENE9ZUzFRL24uzABFVbehSW2DLvs4""]","[""3MixkewKB8zaHTthIBs8oBmBGvBsUQvOwhhNH""]",[0.48435178],[0.48422168],0.0001301,P2SH
55315c4580c5e828c59d091b2feb4be362c557e488cfa7f9b3df07bc9cfa00ce,"[""1Dyjn4boEn6F5gSGQqOXUbJ2orYUPIMXGl"", ""1U4eS51H4Ogz5t2fuTif6a3cYzgj63pul4"", ""1rP1jylP6pEqdaCd3dCrz2irAaWGKvNBQr""]","[""1YdCDD65oQyqGArXxtG7gGv0LOqqXpKCPo"", ""1eWpMrpTL4TOwkWolGc97KYZUzxOTkJ0dq""]","[1.43755995, 1.43755995, 1.43755995]","[2.14896346, 2.14896346]",0.01475293,P2PKH
11aa5653c923201d3ffc704c9c26ecf8720e9b70ee5e468da69a8c79e53d2d2b,"[""1eYcas6YoUEgZVIcU2U2j9vS89SqKr8CG1""]","[""1aLyeoEcsfxljtPDq7lyGgXvTOzYjhFQaO"", ""1jIWajgIynDxCp4yt5yurP2LHvP8b2lowF""]",[4.85451558],"[2.41662361, 2.41662361]",0.02126836,P2WPKH
da0bd1972baf0145dfa9904db025c467c190e46654609a0dea01ee8610182b71,"[""1Wyi1hoW6gFWXMQdyNXZDLfqwLS5yOr7dV"", ""1pV4fLHpaUaGGxmXzgAKqHJL9ymIIlID9J""]","[""1OElbZt5VUX9gkY7Dappd8ZVsW3liOavnK"", ""1pV4fLHpaUaGGxmXzgAKqHJL9ymIIlID9J""]","[1.96876377, 1.96876377]","[1.9637231, 1.9637231]",0.01008134,P2WSH
8f689683aa1c2f688debc4239e2970ae98b16cb8d950afcfcca4c9fe295fdd39,"[""1tjhMKSxLsFAXhO2I1A3zZyTttp7QDffAU""]","[""1sZWMdnIjxGlBRxPqUIjyWmzD1i5t5LT2P"", ""1Wfa1d0t3mjn0w4KZDRrgI3jzHMjID8Q48""]",[3.24356222],"[1.61598976, 1.61598976]",0.01158269,P2WPKH
ae746f96c415a552f06957c32ff59c29bfcf73261632155141cc999a1f14c61b,"[""1P5NEXunJ5ev4USOW7BoqsgvKl6JhtxTtK""]","[""1XRByQkNzM5t5q6Q93Pl3W3w7a1VRdtu15"", ""1P5NEXunJ5ev4USOW7BoqsgvKl6JhtxTtK""]",[4.26622576],"[2.12322256, 2.12322256]",0.01978063,P2WSH
55028643d11e7444683dd21c86b5a44ac44d19c18432e1d10e794d0709d0f309,"[""1vggcfYxmUfTpbRdL6AZoiSNFddk9mKIKL""]","[""1zl262n65OM48mRkyAqfw6hSA5CPhSl1Wr"", ""1vggcfYxmUfTpbRdL6AZoiSNFddk9mKIKL""]",[1.10471144],"[0.55114726, 0.55114726]",0.00241691,P2PKH
6b8dcefb1c9550632dfa5194c129b5567f6625444aa74fd0e6cfbef820ca662d,"[""1XRYaFx8Pi3clkEvDfSAqt8E8rwA3qZ5GB"", ""1xAmnZTllXb8oBpKOfD28ynxALeId5DvLP""]","[""14VGMf94mmMvjWkSLlT1WvS7v3OnokNVBR"", ""19qx5r97OKp36YsttSdJnVo7QbHQh6Y5ih"", ""19aVl5pEfur8hx5gubCRDMqOucMC694Xi1""]","[0.8402046, 0.8402046]","[0.55995024, 0.55995024, 0.55995024]",0.00055849,P2WPKH
4e25b9069e7e745f4d6342b6d5f1afbcfb2606e56afc2e87297328ded0a62f22,"[""1Jqzges6X72YJR7IVU7CCKbheN9Pot7GaZ"", ""1NBmOXrcLFokcoaj9WvyKGTefrZ4v7rLm5""]","[""1POIjcuALD59PHVG1qpga3JiQhDcu3GlNW"", ""1MIJuy5zAsuq35Utpe3Ly5KUpR1rBo22qG"", ""1NBmOXrcLFokcoaj9WvyKGTefrZ4v7rLm5""]","[2.09941784, 2.09941784]","[1.39832277, 1.39832277, 1.39832277]",0.00386735,P2TR
799d785ce86b0e0d1578117a10f1d0d552d3361cef2b3647752697eac4f833e7,"[""1ZqZfbd0WnnnmOF17QDikXnL6SRr30CnsG"", ""14zEGxdXeRzWGJk2mdcdwmwCy5QpEB7DIv""]","[""1B7zeIewEoWoZ95p4PPLXvhzFjE2mlCkzV"", ""1S6xKOjVO779J9NTHh2XLOGtmJ4uX8ot8Q"", ""14zEGxdXeRzWGJk2mdcdwmwCy5QpEB7DIv""]","[2.48961448, 2.48961448]","[1.65255811, 1.65255811, 1.65255811]",0.02155462,P2PKH
0ecfb3e1e3b07baff58fbc40d0775168603f604bca47fa7c12fcfe38aba3557b,"[""1sNs271O7a2icJyHfnTTn40ilMphPJdU9I"", ""1EgOfrZ3mTMT30NYJVncq3HOjy3K1iFfwa"", ""1o78QUijJJ2jT6cVoqoPGXy42cOg8NqTJJ""]","[""1hAislLSBielsdrLGXgT64J11f1BZzL8rQ"", ""1xxK3ep8nzYvX3a2BoFrjjLYOzuhPDKOzp""]","[0.97708278, 0.97708278, 0.97708278]","[1.46535712, 1.46535712]",0.00053408,P2TR
155f456455da9bb99b38a1eab84137fca1d032d53b21051a3342cc3b32553466,"[""1ubptnmKxqAlCe2JwJxtdwCawgGCPAoetr"", ""1oijKvbvYqrNXradi8CsHVEsBBt6Am3A9p""]","[""1f1vQYmgotsVDQ5nPulykjPuGDKzToq5Zw"", ""1K76Wy7Rp9KddvHBrD2e8TZ2KJIBuHOIYQ""]","[2.46393516, 2.46393516]","[2.45702489, 2.45702489]",0.01382053,P2WSH
2443b526c9ad9cfa2c260c5b2813871c76079b77da7c40ea6d2fa504baff231f,"[""1aLyeoEcsfxljtPDq7lyGgXvTOzYjhFQaO"", ""1jIWajgIynDxCp4yt5yurP2LHvP8b2lowF""]","[""1Hh8WFDtYLSSNI9CJdMEB7kIIdv1jQeSJ6"", ""1jIWajgIynDxCp4yt5yurP2LHvP8b2lowF""]","[1.82719176, 1.82719176]","[1.82262137, 1.82262137]",0.00914077,P2WSH
7cbe16a747470face43509ba86ee41f3c894caf38a26c2b720a49d8a86d168c8,"[""1hJyV4ZjtfbaVjMH8JbT8NWlOnm0TYxqdf""]","[""1n2XwpVZu4Ad18AUBKnSpsHmskXx848s4H"", ""1XRByQkNzM5t5q6Q93Pl3W3w7a1VRdtu15""]",[4.36482438],"[2.17633862, 2.17633862]",0.01214714,P2PKH
d1851e74913a587bf22a3f2ca3224b5469ee61b84cedf5689abaf374ab3c50c1,"[""17NIvm9wstPbMkvA9b8IEo5iL0gn9JljWT"", ""18FgLu5jC7acP191ezqShWOHbDTsyYVwSF""]","[""1kseJveSC98VB568EwrzMQBFMtfzB29c8d"", ""18FgLu5jC7acP191ezqShWOHbDTsyYVwSF""]","[1.88126312, 1.88126312]","[1.87228543, 1.87228543]",0.01795539,P2SH
b7579ebd53b36057b2786f0c2e9570daa118634058aa18220335b478db94f8c3,"[""1gGoEd9Sf53GRx8ffiYeJA7oqtXRTtqemW"", ""1X87eCr0uIamIsMCKEVm3Vpazov026aO0T""]","[""1VABpAk7Ovyh201LQbqn0zIuPzYAqdEnNc"", ""1ElEiNfGSnAELScQMNovG7202PENLHsn73""]","[0.99904663, 0.99904663]","[0.99712349, 0.99712349]",0.00384627,P2WSH
4cee2a253c33fa1ae475881564d5b49591f3efa9066b46869434eb9a7796fe0e,"[""1yw2jrHoGLtMH3K69OcAm3dmYuU4dEXILZ"", ""1YvezT53DiSgEnvDW2o5bWmLxQbDyxhRIh"", ""1hM4vv4ofazUYHcX2pddBrtL39iyOOe6mR""]","[""1tj1KVHOmY53SJljtgH6chve15Omk9o5Vb"", ""1yw2jrHoGLtMH3K69OcAm3dmYuU4dEXILZ""]","[0.15295407, 0.15295407, 0.15295407]","[0.22836672, 0.22836672]",0.00212877,P2TR
17457f0c882a00e7a934913359bcea56de97845b54961720e7826b81c988d41e,"[""1ONfFcDAU1Nmt1KZWcmVbZzlwY67KBebQB"", ""1FdJ5khYao3bQxAh4FNPIXDxafsxXr4oI5""]","[""17OQqNMbr7EVR0CI5RKwboUeay7M8VaQJa"", ""1FdJ5khYao3bQxAh4FNPIXDxafsxXr4oI5""]","[1.85967144, 1.85967144]","[1.85825131, 1.85825131]",0.00284026,P2WPKH
6935175d829abea0cc52d21482301fc6508f365481c4140053d563fe02e778b9,"[""1rKdsAOapvr1PVjfq9mKfnDvYNA7gqstIQ"", ""13B7GqQ3yz9tcGvLAC8Xr8EQCj7MPsrXac"", ""1HJsUyyaY2CddZOugsDudTPTdmiTEnP0st""]","[""1egabdaraBT7gwO8TxrOschiC584hN7X25"", ""1kgSC2RqbIdQnyxcACka3O72SSmqP7lQY9""]","[1.58497273, 1.58497273, 1.58497273]","[2.36963282, 2.36963282]",0.01565254,P2PKH
a01baf3c5c05a97ce832e42cd3274761bd558a182d98214f5edb2ffd2cfc5c83,"[""1smn8ZmGK2hTYXfSCC2hc8ofQEiN9czcef""]","[""1TsmiGJ1FhXsPI2kBhPonUOfASj53VnpD3""]",[3.01411144],[3.0074604],0.00665104,P2PKH
44537cd04c661faccb82809b7a4fbd8d4aa2d72a59a69a87d818ff7def89cd32,"[""1Me7vukhDkG1BUDWLdogzAIFWDZimKVNxD""]","[""1G8hnMnlUI0YDtNZkXOmgeL0brHeLUtINc"", ""1Me7vukhDkG1BUDWLdogzAIFWDZimKVNxD""]",[2.53893537],"[1.26627153, 1.26627153]",0.00639232,P2SH
589cf00b1200ab607de558ce8a064f02d41edde89870b4312f24a1e50bea9cac,"[""1K7n6bp7HrMyjf16Aadz28z8y72coyjJXw""]","[""1gOqVMCBzCFg8z0NHsOlP9Yjyw7yxk1Jfu"", ""1JzeFXX0gCrC6vyKYgxWHqtXkNX2ukZ9ki""]",[1.56499757],"[0.78066975, 0.78066975]",0.00365807,P2WSH
6d9226c20051dc27be543fc9582637592686bd720f68231bc9ad979dc06cdea5,"[""1QyLv2eLY1NJgsoGvbi9mYjnLjoruepcUT"", ""1VE79f71WSGa4mbYKuzIZGaQuNETZK7442""]","[""1jhzS3V0IvwNhBDG7Xkq7r7d8lYEHFeBFI"", ""1yLmaJKa5FFSq0sqhnHsN6ri2d89nhON8u"", ""1iH6cwbXo6A7UGfUA0662d2wyLYVxQe6n7""]","[0.42180589, 0.42180589]","[0.28116512, 0.28116512, 0.28116512]",0.00011641,P2PKH
40cfb566c8327fc34cd388346f080b2461ede92551e6ef3bcc3018d0634c6725,"[""1b2JQ5xLtpBvR3Z65nOnnsikwV4gcToeVs""]","[""3MixkewKB8zaHTthIBs8oBmBGvBsUQvOwhhNH""]",[0.48518172],[0.48510412],7.76e-05,P2SH
f11b4f649ca0f63d5651200d34ce36d70b0a7cb8e7547e4a0139a5a5340b39ab,"[""1XRYaFx8Pi3clkEvDfSAqt8E8rwA3qZ5GB""]","[""1iY7FEQz0EfbVsrHkCUVIhhWZwZcSH9gZU"", ""1xAmnZTllXb8oBpKOfD28ynxALeId5DvLP""]",[0.4326331],"[0.21534091, 0.21534091]",0.00195127,P2PKH
d18fe8d0ec72627e8dce2f0325a512673fd05c768632a33217ec3d20fdf6d6ef,"[""1RuX0Wzv6SIEq44fPtFhYXgexjXW1aaY1M"", ""1jM2C2WghRmUff6aXodetGDm9LlrP1dlak"", ""1miH8RRelt9kNKLFrAZTGO8pUedvTMYeVS""]","[""1vzxELcriLRc3uoU53bYsrERg1i8BZqzOl"", ""1RuX0Wzv6SIEq44fPtFhYXgexjXW1aaY1M""]","[0.35507491, 0.35507491, 0.35507491]","[0.53235997, 0.53235997]",0.00050479,P2TR
4d9e8dde131632091b19ea5e1081b6ca43590be800e9a7d7a8617f52f84fec30,"[""1FX4jvD2tuVg8G9mcy1htc02u3gVUbVNnm""]","[""18PtV4RL7JTtwYwsEHUokQz2uX6z1CjTx6"", ""1FX4jvD2tuVg8G9mcy1htc02u3gVUbVNnm""]",[3.58645945],"[1.78828137, 1.78828137]",0.00989672,P2PKH
bff5a2dbcc37fb447f16569ff7582b7285883d2325ef1cdbaab7d6396f008953,"[""1oORaDioQaRY9AiexTgt2iVUi9iGaOBSMj"", ""1nqZuJJEvQdgWCh1Ba7mQiOj5qOpx4kysR"", ""11h1pSZVPEJqzCN2fFr6w6uaVTTCPwdHnA""]","[""1ulDg4OcVRYY5d5wOOcbj1lhttP6hbs7Qh"", ""1wIf5rjw8r3A4Xq0OQdENkOYbGX2YnBCJy"", ""1oORaDioQaRY9AiexTgt2iVUi9iGaOBSMj""]","[0.74329168, 0.74329168, 0.74329168]","[0.74289571, 0.74289571, 0.74289571]",0.00118792,P2WPKH
6601d22e5acfaa067283f47e226bc6d229e881891c803dc653c7e9850219b4b1,"[""1COfFlK3HyubC332fuOSkTfRNfRT8LjIck"", ""1AWLZSy6JHNRcgC22pH8cyV7lB2Vrks4Q4""]","[""1K76Wy7Rp9KddvHBrD2e8TZ2KJIBuHOIYQ"", ""1AWLZSy6JHNRcgC22pH8cyV7lB2Vrks4Q4""]","[2.44167274, 2.44167274]","[2.43815709, 2.43815709]",0.00703129,P2WPKH
02e2ef61564749c48a800db10f6b995b4bc463900862b19d96d5a2b4263937f0,"[""1iY7FEQz0EfbVsrHkCUVIhhWZwZcSH9gZU"", ""1s9BvYB9WoYKvSNkimmdvrHuRrq19Qf7W4""]","[""1i6dfr9OT51Ue87JSRPTThN8rSj0iBw5Rg"", ""1xm3VFz2zya9dSK5BCyKLnVQO9fQY8es1c"", ""1LLKv0MYRsMfihslQFzixlNQO9IEitBdwa""]","[0.43491269, 0.43491269]","[0.28930997, 0.28930997, 0.28930997]",0.00189547,P2TR
8b27f2c5653dc531a943c5c55eec3ef97fe800ab8c8ec7a5276b45d588f6fdfd,"[""1acvyQg3Wwm46ygqJZ8P3sBdV44OGk2XbN""]","[""1GEnE7NutMLLGvxQhJDbwp6Q43N3DrvXR3"", ""1Wx1jwAY4j6nbDqmEjZ0rlLEA0EPvg7RLi"", ""1cyI3bHqZwgnIHI2XusYIMTq09Iz1a5Bwa""]",[4.35337671],"[1.44502813, 1.44502813, 1.44502813]",0.01829232,P2WPKH
f25189e4f576f3896c6a38d01ed917a763cd2248f045d5cd093fa9a65bfac91a,"[""1ExtEpU21D6USsKZpaGv27mMh6gYTlxda9KBx""]","[""1oPcmrYnYQGVgJajbTOEqbtWHBxFCYOyTC""]",[0.02494377],[0.02487833],6.544e-05,P2WPKH
cd5ce8b28ef46891ec82a3e932d02dbc44792b54aab4110455a9ba1ec94b68f1,"[""1Ks7d0xbxBnxOHObV64UuZqUnbSM1W5UYI"", ""175r9HASVq7C9o4rQr9VsJcrqpOVatOZ0B"", ""131BswI1p3tHgvz6Ee40GsIhSWcoBV7bZq""]","[""159yE6752aJg8r9HE60DlgkCplTXJUk13Z""]","[0.69539527, 0.69539527, 0.69539527]",[2.07783914],0.00834666,P2SH
3cd4177c383fe2d9ac7adaef5d7e4528963f9c9754e04b153b56718572e7b092,"[""1Peelk2cTt6y9oeF9qDudrY9F8cmMy4tXvPl4o""]","[""1PeelXPYSxA8raoNrMOQzJnnk7U4CPw3o7bunh"", ""1PeelxY1U4IsuxztbaTP8a7j6cyEXrhl5KZ7HA""]",[28.91737465],"[0.23658451, 28.68070637]",8.377e-05,P2PKH
ea93e76c4d5f78b96527bbaf04039f4bf3cacad1932eb672bacbd86a422b610f,"[""3MixkewKB8zaHTthIBs8oBmBGvBsUQvOwhhNH""]","[""bc1qPlnKCnSg7WeKftg3eOdbuxVc1zJ7ZYS2k""]",[0.48284297],[0.48277205],7.092e-05,P2WSH
81872d5a25c9a7a57fb0ae50f8e63687a1a78b2b57ebd006c460a49b61bd9f37,"[""1ohrO3vq1ZQNnSrphM4zE4Nw3teBP9xAkp""]","[""1BwGKGyqEAB5E8ZihSiR1hnDU6w7LzhJcj""]",[0.87332311],[0.8711805],0.00214261,P2WSH
209c7662ef82e75ab5f8b80780b756c174a2fa11881f6b86d6cc00ab6ab52107,"[""3MixkewKB8zaHTthIBs8oBmBGvBsUQvOwhhNH""]","[""bc1qxgXG9rRu1rrsEoRxOOLpVDfAVj6ZeYRXt""]",[0.48495221],[0.48486409],8.812e-05,P2WSH
dc0f4a3e16d6a36fdc7ada3a36ed9bbfb78beed206ae4ded5fdeaa5f0f703f18,"[""1rHQEUsVXLXHl2BpSOZneMGXMRqOGqleig""]","[""1LLKv0MYRsMfihslQFzixlNQO9IEitBdwa"", ""1iY7FEQz0EfbVsrHkCUVIhhWZwZcSH9gZU"", ""1rHQEUsVXLXHl2BpSOZneMGXMRqOGqleig""]",[1.89906827],"[0.63035871, 0.63035871, 0.63035871]",0.00799214,P2WPKH
052962ab3e3d360cb6dcfc60fa22c2a949ab0cca3c6d5ef61ac4a988fe4d158e,"[""1bk4rsihgtblrbJydUE4UVhqHUNH7T1CIg"", ""1eqG9W0M4M6HMHXp8yMB5xt3fvqtOgMSQd""]","[""1HtKE5vlbGxf8HrlVj7Qd7lSsgi3p63doL"", ""1bk4rsihgtblrbJydUE4UVhqHUNH7T1CIg""]","[0.70077, 0.70077]","[0.69752528, 0.69752528]",0.00648944,P2PKH
70cbe5de6578d35e23c0c39d86af247a4b69debe7551740a7df4b8cc94703551,"[""1JiDrBixcfTLUxpq4ZOKkoJg89OEyY6J8G"", ""18PAfaO4sff09nrYHgM5KVDGaVVAHsiHJM"", ""1ONfFcDAU1Nmt1KZWcmVbZzlwY67KBebQB""]","[""14JJVYo29GzrIKTkQIcvNxGRzslHon1iCd""]","[1.54363321, 1.54363321, 1.54363321]",[4.62599657],0.00490305,P2SH
c09da06f39b04d11522ef52687613f2c09bebe85caa7f91b6322461f265f37bf,"[""1kprBNqWe8ykBFTVYXbx0V5KjTpCCxLeiD""]","[""1ramWOrCWNgnRnLTLCAKHDIvtZj0EGkyyO""]",[4.70694306],[4.70629583],0.00064723,P2TR
4c5e58f5ec5bd0814d71b697773ba84b9a8131e50ae8f16f08ae5ab0c7302ebe,"[""1NVurgNLv5a5A1hjlVC7DOtiteber8f40Y""]","[""1ryUvIltnJlU5lTopqoZZwWhe7Ea170xt3"", ""12JrlVFyUhGA6cv1WChGtaPxgw1lqq7vlA"", ""19p53chDAToKUIyAp8OgJuLxabOJYs8pc5""]",[2.93505652],"[0.97672467, 0.97672467, 0.97672467]",0.00488252,P2TR
6369f714c4efa1f5b08ad738512fdc2b8c04707a640f178cff9b9abc4b2b80a7,"[""1RwZteLnkNriBBRph3Ol11VvAM25lx59mw"", ""1lIhGNxJ0L7TM4maon5MiDae8iYADsVoyV"", ""1ZhBSt1r0OTuP33k9SwaPzPdlVjqkcLQzN""]","[""1AWLZSy6JHNRcgC22pH8cyV7lB2Vrks4Q4""]","[0.28282192, 0.28282192, 0.28282192]",[0.84770523],0.00076054,P2WPKH
6395e5e6b03d8b4f58e922745adf89bbcd61c8feaf5347196769fcd753a3d561,"[""1awtx0AHkD9eKan56yrSVAyNHjfe58juKV"", ""1MBn3ihTvAXpNpLSr6b02mLlyOWXoxoNe3""]","[""1CmLrKubduDiZxbAulMVNuUcFSSE5igkSf"", ""1MBn3ihTvAXpNpLSr6b02mLlyOWXoxoNe3""]","[0.90984915, 0.90984915]","[0.90879407, 0.90879407]",0.00211016,P2SH
4887210d536cafecdc060da4cee5d128037665e85cacb4417a197f8a3b487555,"[""1Hm8sB4bFGFJuqbk1MxFvL2lQEM4yNm6Lt"", ""1xVrpFT6EMBVelifcG7cR8IYUd48e11ERX""]","[""1x6GYnvzUgNCZ3laXFgie6ozZHfYbbhlWe"", ""1p6AwyRsymAKDMcEbtbR1xHgQMv8EbcE4D""]","[1.52441533, 1.52441533]","[1.51927084, 1.51927084]",0.01028898,P2WPKH
0b659e9d7340bec994af288515b78f36b6b51afd460ba59e830f6a4c250c43e6,"[""1CSHoy0v6AzTBywuySmnlm2OM3HVzNnigO"", ""1VhnMIeO46NrMBUQLv9C5jHwiNk792wbXi"", ""1sZWMdnIjxGlBRxPqUIjyWmzD1i5t5LT2P""]","[""1QEPcyLasnipuaUkxRFZXe1cb51JJRzhbu""]","[1.37060045, 1.37060045, 1.37060045]",[4.09871313],0.01308822,P2WPKH
44fe41d9069ec75e200e196d295d7f046c1b5533b08e437add6bba194158b940,"[""1Q0N7HE96MT5jotYfLQqmvoi7968lwdGnq""]","[""1zl262n65OM48mRkyAqfw6hSA5CPhSl1Wr""]",[0.06387169],[0.06371278],0.00015891,P2TR
052a982af3a7034b955525cdc198efe58bedf7329896e0db4cca5d3d100b61d5,"[""3MixkewKB8zaHTthIBs8oBmBGvBsUQvOwhhNH""]","[""bc1qSR2I70eArqQsO9eh2D2O6i4Gh7dA9sUXA""]",[0.48499077],[0.48486409],0.00012668,P2WSH
2ac44e70cdcad069627af6b02a009340791a5080cc7af1ab735a9d05ae82cbe4,"[""1bk4rsihgtblrbJydUE4UVhqHUNH7T1CIg""]","[""1BC7D0nd6rLtdlVr1hNjMdhcQ1JcSdSqpQ""]",[4.15740929],[4.15665345],0.00075584,P2SH
338a66b31ccf5f9ab5ecd074a34b4cdaba733d845d408ac8afec967bebedaae6,"[""1Cv272J5fWNk56UPfmr1FdZ4J9fQELhyNT""]","[""1P5NEXunJ5ev4USOW7BoqsgvKl6JhtxTtK"", ""1Cv272J5fWNk56UPfmr1FdZ4J9fQELhyNT""]",[2.5282894],"[1.25857475, 1.25857475]",0.0111399,P2WPKH
fa8d5cf0d2d449c8792f6dc52667920ca6eae27de424d3cff55856edaeaed317,"[""1c64sHiEt49LFQPcci1niIKrTAIqOkC6P6""]","[""1LQKYuNdniKUYUOCsMBm2sXQ46S49KLF00"", ""1c64sHiEt49LFQPcci1niIKrTAIqOkC6P6""]",[2.88002723],"[1.43966544, 1.43966544]",0.00069635,P2PKH
c6fcfa06ead41068f3260595376b5a1bfde434586e9d755224dddfacfaa6b62b,"[""1pXl61oSl8qrUT44ismpVDg2dWeDBDgKLs"", ""1ExPenmjLThmEJNaUYW3TwcM7Fq70HeXBG""]","[""18EMK9wpF84btkORq9uq9OOub25aJsmDyR"", ""1pXl61oSl8qrUT44ismpVDg2dWeDBDgKLs""]","[0.83222849, 0.83222849]","[0.83130436, 0.83130436]",0.00184826,P2WPKH
f0aaa38c31517034b86256200bcab170c2c10501cf05a2dc0f648026d910cc55,"[""1cKVqALrHbj3cucLTPH8LQFsi2uTFNOrCH"", ""1ozWjXwaHf0lNuj9QOau96QzjeO6eJuyCK""]","[""10OPk9pkjI7ozlNAbMmKyRmUYdg2luCq1G"", ""1EUXGQaNQXwR2P1UyTuCcPk3kU0qlGCyiZ""]","[0.71916227, 0.71916227]","[0.71732993, 0.71732993]",0.00366468,P2TR
3be2509caa689dc33ffc426bf1ae963570fc86a774b78cf6a74b2fdf0c8addae,"[""1PeelsG06vCKjuln4m6u6CPQEn3WiXVGDcPaRK""]","[""1PeelQlF7z69KDqy38LEPDX3UCUkVwAOp9djUx"", ""1Peel94xiwGT3Eta8VUOkQOsCx6zQ6lxqRWmz5""]",[27.02337452],"[0.23658451, 26.78658262]",0.00020739,P2PKH
c6000467a02402f971696e3a174ced07e3b6146d373283c147dc6f4ecb11905f,"[""1brnTP3fAbnFbmOHnKYaXRvj7uff0LYTH8""]","[""1nQiS9F9LGVBisM6cSQo9L7J9gaVt1X3EC""]",[2.26000676],[2.25677694],0.00322982,P2TR
f4cad2b62c7369bb1eef6c91f6f35e53b87b5e228a313d93b66dbea8391945bb,"[""1z7xcmxatZlPMpQvhxKkZssTKu39v3wl64"", ""1RJlTnHW4PF002lghqYVlQufwUtWuqs0D1""]","[""1poOnapbLZzIJz0KM38UR8Xqw36tw7i19p"", ""1Hh8WFDtYLSSNI9CJdMEB7kIIdv1jQeSJ6"", ""1z7xcmxatZlPMpQvhxKkZssTKu39v3wl64""]","[0.99001032, 0.99001032]","[0.65775913, 0.65775913, 0.65775913]",0.00674323,P2WPKH
3f66a3abdd913fd17ae2703954b76128b914d0f6e4ef1b4c13a4030d6d39c227,"[""1sWIeRG7GWjHzv2Pus6MDIUOhvoN4pc2xX"", ""1hpSbGVFFEsOtff8VHMnNnQZmZ2TAYeQbS""]","[""1rNTAw1W0rFsMhfQ9b5acjtNK2eoNZ9hut"", ""1m11BnNRwKTmSlB8e7Thcrqj0aC6c5LVM0""]","[1.62089376, 1.62089376]","[1.61404806, 1.61404806]",0.01369142,P2WPKH
e286d946183f0f11feac6ce46e2ec4e9ca75ef929aa69263a4498a56165a285a,"[""1IwlHlWukqYF3ykD0oLwWCCSSkLc8irGEU""]","[""1mP6wdnCIMDOShVnvZ7sGRckiSSgLl5yCW"", ""19dNj001eEo8dnNzoCXB1BhEOgzIafLMsF""]",[0.01488799],"[0.00742079, 0.00742079]",4.64e-05,P2WSH
d7580fa9b8de07abe2152b9914230061572de17a7cce43c43d540ff20c2f9330,"[""1GbjPmUjrp0QsUcYg1T1UIoWXrP5y78tIa""]","[""1lQ9QHpIC6N6d6A9qQCwV2nrABamfJbT8A"", ""1sMeQIsxfUoLOaxX2Mv6WCulgKeWmJNpAS"", ""1GbjPmUjrp0QsUcYg1T1UIoWXrP5y78tIa""]",[1.82750835],"[0.60689411, 0.60689411, 0.60689411]",0.00682603,P2SH
87d01115a9c587073a3aaa460758d08984fb93ccd0c06f862c804a0d5ab1ef34,"[""1ExtEpU21D6USsKZpaGv27mMh6gYTlxda9KBx""]","[""18EG0W8jl0IbL9HsENCgQygIO2O30zG9kO""]",[0.00532466],[0.00526501],5.965e-05,P2WPKH
705bf312c08ddab7b5cef4bdc6e074fa3ca43c3557317f32ee1b2e9e323ab2d8,"[""1BZvV7yVbq9Ew6AQOfMXSfjSNTtgatwqil""]","[""1EkXkSE4HNdc06PVz0oRaFxMPMDEaIaGr8"", ""1BZvV7yVbq9Ew6AQOfMXSfjSNTtgatwqil""]",[3.306455],"[1.65285533, 1.65285533]",0.00074434,P2WPKH
6001d1437fc5e22bf4f7bf1e6599e281e438a0abe90d2e15aa3677ca6ceae6ea,"[""1lQ9QHpIC6N6d6A9qQCwV2nrABamfJbT8A""]","[""1ses0RPxkkqUQyjBIZ9BAiB3Qi61R6mI5D"", ""1Qwh3AFDd3RXG69KoduwoaWQ6Limzf4KB6"", ""1epktMfDYKMupgovduX6WMVMJfdct0eh4B""]",[0.01414133],"[0.00470731, 0.00470731, 0.00470731]",1.939e-05,P2WPKH
b22f895580e9eda35b44baad19acb5d62e0a06afb8a1f733b8b37c5bb106e5ef,"[""1ElEiNfGSnAELScQMNovG7202PENLHsn73"", ""1VABpAk7Ovyh201LQbqn0zIuPzYAqdEnNc""]","[""19aVl5pEfur8hx5gubCRDMqOucMC694Xi1"", ""1ElEiNfGSnAELScQMNovG7202PENLHsn73""]","[0.06661103, 0.06661103]","[0.06641797, 0.06641797]",0.00038612,P2SH
ff5536faad6c3205e887ba8de471f50c123d617ed20936d3b4853aabc1e2123b,"[""134o3QJq5QrHOl0amiYY5sIJ0PHxTXQeUv""]","[""1mP6wdnCIMDOShVnvZ7sGRckiSSgLl5yCW"", ""134o3QJq5QrHOl0amiYY5sIJ0PHxTXQeUv""]",[1.26759677],"[0.6312221, 0.6312221]",0.00515258,P2TR
4c91f989793e6be9bb8351368d5a766390beb88523ab7a5c5facfeea95ffebf5,"[""1BwGKGyqEAB5E8ZihSiR1hnDU6w7LzhJcj""]","[""10wPAh03aiOu37qTxvhyCZQDA2kiT80g4D"", ""1x9sEXiKd33nYEhv1zJJ3WDSLVFCBB1uXP""]",[0.81875594],"[0.40818319, 0.40818319]",0.00238956,P2SH
8cabbaa1be3ce683d161ecf3493a643b96d509100c2706870e2400ee8a0bbbcb,"[""186eNwXQ7iLWceWwxJLQ6xVJGyOphTExIq""]","[""1lichKFOwKHjDLs8GOioYIdv8NmelDQCQ0""]",[1.59534716],[1.59275055],0.00259661,P2TR
95449c17165cabc38769477f53c81d6c9dc206dd04b63673357dfce5219bc760,"[""1oORaDioQaRY9AiexTgt2iVUi9iGaOBSMj"", ""1nqZuJJEvQdgWCh1Ba7mQiOj5qOpx4kysR""]","[""1kTE6I5NBldlDkCh3EB9ICgSjvmrZUYIPn"", ""1nqZuJJEvQdgWCh1Ba7mQiOj5qOpx4kysR""]","[2.06912071, 2.06912071]","[2.0688868, 2.0688868]",0.00046782,P2WPKH
f8257eea6720c76fe9e8f7a9e8680cbfbf6ef2bad4f928856f8757c8dab021e2,"[""1Wx1jwAY4j6nbDqmEjZ0rlLEA0EPvg7RLi""]","[""1RIjgxJ0n2PvDHYglg7yAydvLnThCH6jnJ"", ""19WdYW8nnbVApkiqf2BAn3ld3A7sm6DHW7""]",[0.73391716],"[0.36632217, 0.36632217]",0.00127282,P2TR
23fdd1155b1a974bd7d7072a3b797403070d3581cbdd5dafbfa3fb24c13e5f57,"[""11rDqaNy557F3530daCsgvSyaAmG3z4aVp""]","[""1Xye4JSnE2NiiUHUAKw9iEU1jjQKxKDpI6"", ""1TZi7XhvaQdZALaDrfAMTlrhqRPADWgTLl""]",[0.7010175],"[0.35040675, 0.35040675]",0.000204,P2WSH
dc394068de798378f1dc38663a10de22e6f09beda046478f5f5633585a9c10e7,"[""1RM1Jr1Fna4TLYYtojweDwYIysSpP61oIf""]","[""1BC7D0nd6rLtdlVr1hNjMdhcQ1JcSdSqpQ"", ""1YCoxjWAT9VACiwBbmZCwXUD9UDSnEtoal""]",[4.02012079],"[2.00936008, 2.00936008]",0.00140064,P2TR
ca7ad28920225b65b3c2751d4d16d9fdbec6614fae2625161584f4b230cea053,"[""1bk4rsihgtblrbJydUE4UVhqHUNH7T1CIg""]","[""1iMKpPGNdzSgVaI5z52Dm7tO4fJHS64k2k"", ""1RrLxpqLbCteaIgi8wVZzHhFJWnHHFM2iq""]",[3.76095849],"[1.87859256, 1.87859256]",0.00377336,P2SH
cd628c566d92040b153fc2adc2508a32b277f3796d38d5e2d46540efb1cd4f98,"[""1NVurgNLv5a5A1hjlVC7DOtiteber8f40Y"", ""19p53chDAToKUIyAp8OgJuLxabOJYs8pc5"", ""19Qq31MAzuBkY5t1EBHbB7V7lFLApWqzxi""]","[""1h6CpwL7SWktJ5J4x6mKZpRsQXXJcHPeOa"", ""1AEAw3CjkGOM5WCZKtp5rBUJPuEuEvqrK2""]","[0.66315019, 0.66315019, 0.66315019]","[0.99331295, 0.99331295]",0.00282468,P2WSH
ea74bbddcfebc8af05d49531b8b2045d6a184643bebfd72ab00936d946b4ecd7,"[""1RIjgxJ0n2PvDHYglg7yAydvLnThCH6jnJ""]","[""1JjNcJdql7LIbSPrfB91kZLXYlOqSvCKox"", ""1gm1FAjfDMcWFhDiLZ3WOGwcGoXWxKTVRg"", ""19WdYW8nnbVApkiqf2BAn3ld3A7sm6DHW7""]",[4.22492407],"[1.40436895, 1.40436895, 1.40436895]",0.01181722,P2SH
03dea6874d94e6fc32510589412f228b7378bf46e70b21121b81bd7f6b010d23,"[""1pXl61oSl8qrUT44ismpVDg2dWeDBDgKLs"", ""1ExPenmjLThmEJNaUYW3TwcM7Fq70HeXBG""]","[""1HcogFhemJZQeArbLw83x6sbwsjKgntSUW"", ""1pXl61oSl8qrUT44ismpVDg2dWeDBDgKLs""]","[2.02860441, 2.02860441]","[2.02370222, 2.02370222]",0.00980439,P2TR
c0c02fcdd010605e1216a5bc7e060a324faeaa89d80c52ac4eef6b699019be40,"[""1kTE6I5NBldlDkCh3EB9ICgSjvmrZUYIPn""]","[""1WDKxfjfM59MdNRXho8WUXBlQwi3EBsRll"", ""19aVl5pEfur8hx5gubCRDMqOucMC694Xi1""]",[3.54748077],"[1.7708877, 1.7708877]",0.00570538,P2WPKH
52440eaf97f1bd0a66fe9f0425a4e279e4c23cd9349db98cd8b24e30a2baf95b,"[""1MIJuy5zAsuq35Utpe3Ly5KUpR1rBo22qG"", ""1XyYZcX9OS3JrU7jXfPE3dq9s0doXZ6kYL""]","[""1GXkHYTldmi0asfxafpqjSCbkDGfCW3DtU"", ""1avcmNIlgs0GxK9EE09nBNB6NjawFTkwm7"", ""1POIjcuALD59PHVG1qpga3JiQhDcu3GlNW""]","[1.49844979, 1.49844979]","[0.99770488, 0.99770488, 0.99770488]",0.00378494,P2SH
5f4446d279e901c0c41ed3e23223547eae438b255df1e19d392df6f5a6c7edab,"[""1zlcXU2mJUZP2YwdMJ2pFtnluESSCyU5DK"", ""1EPRIcKmKaRKw3knH4UrIFjmLuuqhrbLOF""]","[""1oORaDioQaRY9AiexTgt2iVUi9iGaOBSMj""]","[2.02259034, 2.02259034]",[4.04218285],0.00299783,P2WPKH
ebbcaf21c23c2464dcac2daf4d3dd89bc62fad59a0b3d7926595028618552d94,"[""1ExtEpU21D6USsKZpaGv27mMh6gYTlxda9KBx""]","[""1bZDkLvgLvMGDFmDcGmUUZJi6DoZA1kWMg""]",[0.00226025],[0.00218148],7.877e-05,P2WPKH
d8357e10e78f23970a18e68837cad6c09d0ea83a032df3450a355e19da715408,"[""1ZQsQQfJZaGxEv4gjnl3MZGGIUhCeY5Dtw"", ""1FmtL64wj0wxrv82fTB9XrX8A3iKfmD19e""]","[""1YbIHYEGKSWhU73lLlIXhhmjI0c8FwHA6a"", ""1FmtL64wj0wxrv82fTB9XrX8A3iKfmD19e""]","[0.84783345, 0.84783345]","[0.84611515, 0.84611515]",0.00343659,P2TR
0c7500961a7554c9cbca86becff6ed38a6c488237825e8dcce72e1270cc5f3f2,"[""1kMsVlAePMbPvmSnH0cJ0n1dNkj6keUF4g""]","[""1Cv272J5fWNk56UPfmr1FdZ4J9fQELhyNT""]",[4.3816315],[4.36886455],0.01276695,P2SH
9e6100859d9d813fc87e6fd8a07c7f129973fb337641d07764caf5a89a471d17,"[""1ExtEpU21D6USsKZpaGv27mMh6gYTlxda9KBx""]","[""1AwP2t66pdDGqyO1T1OjY4tYiPIF3QZdVm""]",[0.00733177],[0.00723234],9.943e-05,P2WPKH
6c9d70b87d1ef00a8ca0899a1479391b9b4f10c2e9024404ce6df4c557259195,"[""19IiRghzekNuIr1y2dLnqzdhpiff24m4J9""]","[""17Ufz4zISUilxIcZZsICbaq7ZDO3zEQphr""]",[3.71477576],[3.69788403],0.01689173,P2PKH
69e6fbac699a1bf072b59d23d590625e1101909b05c3f881a123c02375b1808a,"[""1xse0V8J56WwF8hEsfUExleHXNifSyiqkL"", ""1yCaoAI3JD9OEMwxKlCeCxQobfAR9C7GI2""]","[""1QIbJu4Xej0vxHkLlhWt1Sqf2xZsGkxcmf"", ""1xse0V8J56WwF8hEsfUExleHXNifSyiqkL""]","[2.28625673, 2.28625673]","[2.27694775, 2.27694775]",0.01861797,P2PKH
c9c63d929f587d61be6f4844830602be17bf83ffbf0c77ae6499dc86b58766d0,"[""1ExtEpU21D6USsKZpaGv27mMh6gYTlxda9KBx""]","[""1TNAyo5YHWlCQsHNV7XrQc7LygwD1CGiEA""]",[0.01592013],[0.01582048],9.965e-05,P2WPKH
2897f339dedf45a116ea99f6d36fc30c34211eb38de19cf222ba4019eb0f6cd7,"[""1gGoEd9Sf53GRx8ffiYeJA7oqtXRTtqemW""]","[""1lichKFOwKHjDLs8GOioYIdv8NmelDQCQ0""]",[4.32501115],[4.3141175],0.01089365,P2SH
ae633e78f651a4ad14667a6d37bd18888952e7749914d8dfdb062f6177c3bcaf,"[""1ZpSmx98uHZq3uosc5RNge2BFFeA9rpPwq""]","[""1QyLv2eLY1NJgsoGvbi9mYjnLjoruepcUT""]",[2.7991725],[2.7985437],0.0006288,P2PKH
daa90f4e506f95e3a1c8a73ba60fe0dfb6d45db8ce7995857e33706c263a84bd,"[""1ExtEpU21D6USsKZpaGv27mMh6gYTlxda9KBx""]","[""1syXtemmde2SFwBn2YDRSS9Qrl4BzbEolg""]",[0.04689537],[0.04679549],9.988e-05,P2WPKH
3b07e1b6e9a22b8e21a1a3e93df9cada0c8ec55338b364afa15912836733ab3c,"[""1ExtEpU21D6USsKZpaGv27mMh6gYTlxda9KBx""]","[""1L0M3xJ0pxXrCLdZtIpqaEGb0Aw9a6c5X3""]",[0.0077505],[0.00767688],7.362e-05,P2WPKH
316b7c4d01e9652c922125b6008de1354e915249a350436f99bed9ed93dd4715,"[""1aguQBkl3w3951qWg6euLYqkiCh1U37zBh"", ""1JrN194r0y34cNefXSrUyItLyRC07hxMbc""]","[""14FL2oIvHquilA0mXnNGMeSHTtkr0bVWWQ"", ""1JrN194r0y34cNefXSrUyItLyRC07hxMbc""]","[2.31796529, 2.31796529]","[2.310952, 2.310952]",0.01402657,P2SH
f60028e2a6fc72da6ec615c117a1b2f4f99f67c8fca964724666cbc28285d401,"[""1RIjgxJ0n2PvDHYglg7yAydvLnThCH6jnJ"", ""19WdYW8nnbVApkiqf2BAn3ld3A7sm6DHW7""]","[""1WgVrgrWQMiuaP8jrh0KRw7S0eUOXnPKhR"", ""1RIjgxJ0n2PvDHYglg7yAydvLnThCH6jnJ""]","[2.47827055, 2.47827055]","[2.47203286, 2.47203286]",0.01247539,P2TR
2ee96c54e6a38ad9b63734c0d597e861d61d699b3f9b4000fe6c53a09bbc69c9,"[""1B2zZOHT7ZDNEZzMZ6lqxNo2BWDjF5ltc7"", ""1YpUkNne44TIqEonS6ihse8KT9VfS7Pidx""]","[""1Qh2UVvsjaSS8VFgM0Fmxk754LEgw9YooJ"", ""1Xye4JSnE2NiiUHUAKw9iEU1jjQKxKDpI6"", ""1YpUkNne44TIqEonS6ihse8KT9VfS7Pidx""]","[0.17814243, 0.17814243]","[0.11826672, 0.11826672, 0.11826672]",0.00148472,P2WPKH
f1e6ccd37d814b4b86d552e5513ed9701bbb5b07ab93d67cffd31870b16498c2,"[""1aguQBkl3w3951qWg6euLYqkiCh1U37zBh""]","[""1GWIGcHHR9kjQN1o5SH7Amd8yyGADtSseR"", ""1v2VCf1VqWAbHf8ZhShvCI678lY2FiQWmU""]",[3.84291127],"[1.92125253, 1.92125253]",0.00040621,P2PKH
e3fe806aa015b096349222466c0c1701fcf6e2f650177e5364c4fba49fa947f1,"[""1Peel7W9gRJz37e4247ZWihRSvGlWdYqFI0KQt""]","[""1PeelSqAzQE3hAv04NnrJvdoFPyOyvGiS52l3V"", ""1Peel0b9938IEp4z3PJY5wpHhUQ1mp2cnqYriN""]",[28.20725384],"[0.23658451, 27.97056331]",0.00010602,P2PKH
6aa0730cac694bfe3b2754834da87b0a48a97c0c8575acac91ffebd8d289e6f5,"[""1aW7zE9j2oL74SzVNSXxaDZFnuOTFG39LL""]","[""1ozWjXwaHf0lNuj9QOau96QzjeO6eJuyCK"", ""1aW7zE9j2oL74SzVNSXxaDZFnuOTFG39LL""]",[0.29445259],"[0.14667716, 0.14667716]",0.00109826,P2PKH
929892adbfd88410a0c9bc67a08773c250e7bffed43fd43b8765fabc8a673e2c,"[""1gGoEd9Sf53GRx8ffiYeJA7oqtXRTtqemW"", ""1X87eCr0uIamIsMCKEVm3Vpazov026aO0T""]","[""19IiRghzekNuIr1y2dLnqzdhpiff24m4J9""]","[0.68278633, 0.68278633]",[1.35979317],0.00577949,P2SH
3ba37163cc063aa664d3222ce831bb31ca3d90ee2dd7b58835457fabba134a65,"[""1wIdRYw11oRytxxHPDlx50j9PieaSEB9fN""]","[""13o1mz9eQ8BiTngp4z9N33f5LfpLU6oDrk"", ""18a7uQIJalgsVpXKMP7JwxM3u1wVHEAIQg"", ""1wIdRYw11oRytxxHPDlx50j9PieaSEB9fN""]",[2.46977689],"[0.82078695, 0.82078695, 0.82078695]",0.00741603,P2WPKH
1332a2e5fc74d3754a08f45cf866659f61d77a45d7323408af9277851d28b25a,"[""1iT6TKsZXDlMmlNvf5DeCYSb8i6ZwHgcgJ""]","[""1FMrWELWZ8wzjH4QDoafgJE6WeS4NC8qdY"", ""1iT6TKsZXDlMmlNvf5DeCYSb8i6ZwHgcgJ""]",[3.16446551],"[1.5782041, 1.5782041]",0.00805731,P2WSH
a30f066a4e5e384390763aef9c39534a66f1771aa8330a507b424ff2c48534c3,"[""1Psqd71uiyF8fr9ompgDgiCXPklakfEYHl""]","[""1iT6TKsZXDlMmlNvf5DeCYSb8i6ZwHgcgJ""]",[1.44124609],[1.43607484],0.00517125,P2PKH
7e497d2f4b079f307db1e433a055f233d6b95ce5c15cca5f876eb67fcb8d6820,"[""1Peel94xiwGT3Eta8VUOkQOsCx6zQ6lxqRWmz5""]","[""1PeelpJVKdLu3y9dyySh9weqBCT7SO20FfTw1U"", ""1Peel2QDNPpz5DMkXtUyCRusKScflKLLLfsI86""]",[26.78658262],"[0.23658451, 26.5497736]",0.00022451,P2PKH
1f05fcad59d6e22c4abd3fdd48f942df146fc8e1609ec1f8063a2580721ebf18,"[""1wPQyshaga81mOOBMWlsCDbkjR7D1KmJZd""]","[""1Q0N7HE96MT5jotYfLQqmvoi7968lwdGnq"", ""1wPQyshaga81mOOBMWlsCDbkjR7D1KmJZd""]",[1.2180277],"[0.60770711, 0.60770711]",0.00261347,P2TR
0f789898e59fdbc012dc7235d114f5076a5e7cbf31b18165a4398f1b011aa0dc,"[""1miHX1tRGi98i54tI6ht2TV2zzB535qWgl"", ""1VLqJooQwQDFLSx0EilbVaqzU9Ue591EuC""]","[""1lvf066vjFToJgJanlr3H8gnFRwKB7lvxn""]","[1.05669522, 1.05669522]",[2.10376122],0.00962922,P2TR
51ad39ae633699f3ea6425d1443445593c38ad37b9ebc04b7b7af98f01f6c124,"[""1K1g2WmXMCaULEkFF6s1prItB86Et8DkeA""]","[""1h6CpwL7SWktJ5J4x6mKZpRsQXXJcHPeOa"", ""1K1g2WmXMCaULEkFF6s1prItB86Et8DkeA""]",[0.20684068],"[0.10332451, 0.10332451]",0.00019166,P2TR
89c100118b25e4be3c838133ed669f17c810c185325d9961ff467a952488e4ca,"[""17nvdE2ODH0A2TVwyJmIeFVr9Qh8yXv6Um"", ""1EmLtST18iwItCqpgrxMp1juJtVEFEtb6F"", ""1JSKkMM0jQb6gbtjQzW52TdimuPGtk4vvV""]","[""1yCaoAI3JD9OEMwxKlCeCxQobfAR9C7GI2"", ""1xse0V8J56WwF8hEsfUExleHXNifSyiqkL"", ""17nvdE2ODH0A2TVwyJmIeFVr9Qh8yXv6Um""]","[1.35310193, 1.35310193, 1.35310193]","[1.35237382, 1.35237382, 1.35237382]",0.00218433,P2PKH
7068aafd4371e831cfe1f245eee35bdc45d746f4e39f60a9b2603e661cfb8f0e,"[""1GbjPmUjrp0QsUcYg1T1UIoWXrP5y78tIa""]","[""1BC7D0nd6rLtdlVr1hNjMdhcQ1JcSdSqpQ""]",[2.5476918],[2.53618013],0.01151167,P2TR
cdcce8d3420deb253c67d5c04a8deaa0ac107d2a9e1ff479a6564c85ce2ced35,"[""1EJpZVBnQFKrJhLYeYq207indC40gz0OON""]","[""12qZXzo3zajxYYLu79o8lNZXJhN8k4GBgX""]",[3.62851343],[3.61938497],0.00912846,P2WPKH
870beff3f1909fc91e81018a60bdeada2b0845a37022c74ac80443d8ffccb9d4,"[""1K1g2WmXMCaULEkFF6s1prItB86Et8DkeA""]","[""1ypPiyQTGOPtsb2UiS0Ag7pCcy6Nj6xs2l""]",[0.763867],[0.76147299],0.00239401,P2SH
1f8cd4680d39215c18a54170a4acc83a07823239c1513bf06ea42648f7478005,"[""1G8hnMnlUI0YDtNZkXOmgeL0brHeLUtINc""]","[""1SDtlD9aRmfCfMKeN2valr4ATwV5INmKgn""]",[4.17418824],[4.16272504],0.0114632,P2WSH
b12ab9c457aa735c6e9570bfa5e0c1640ebf6f683ec500cc62271207be20d5ec,"[""1vggcfYxmUfTpbRdL6AZoiSNFddk9mKIKL""]","[""1Hk2qIL62GFJvnTRxFlNydZU9Vmrs5OY1J"", ""1vggcfYxmUfTpbRdL6AZoiSNFddk9mKIKL""]",[4.53502033],"[2.25789994, 2.25789994]",0.01922045,P2TR
375f55aea4dee3b5f8fce565098e26b5289c8d11957e67f2c1362fbef0b87a6d,"[""1SER69nCHPuJ26iHQtaLSwh8MGTTpLVllO""]","[""1eqG9W0M4M6HMHXp8yMB5xt3fvqtOgMSQd""]",[4.80510705],[4.80070727],0.00439978,P2TR
4848ec3bde48b1bfc1022f744fc1af466e694b2ce65b31d1fbdf88744c78d9a0,"[""13LVvSbYn1iohieQWeWUcgXFdhpePUW5m3""]","[""1CY4RBwl3yymVObMrW7dM8EGxjM4FSjZtJ"", ""1ozWjXwaHf0lNuj9QOau96QzjeO6eJuyCK"", ""13LVvSbYn1iohieQWeWUcgXFdhpePUW5m3""]",[2.09051625],"[0.69447648, 0.69447648, 0.69447648]",0.00708681,P2PKH
53c4c552c43742361832de5694bcafadcd33c122a1de9d4c3ea0b3b10fac7b1c,"[""12ZA7Eo0cwLCDkOxIjTvkyCvsYUEHwAL2u""]","[""1x9sEXiKd33nYEhv1zJJ3WDSLVFCBB1uXP"", ""12ZA7Eo0cwLCDkOxIjTvkyCvsYUEHwAL2u""]",[4.15611639],"[2.06939754, 2.06939754]",0.01732131,P2PKH
7c2d095c65b0d43b7714270e4b6abd1f9e963b4a77ed50c48978118cfc52a670,"[""1hG2KYfvJrqgctUlXQWI2yKqQSOiJq4NwW"", ""1c64sHiEt49LFQPcci1niIKrTAIqOkC6P6"", ""1imNqNOSIOFkYtWx7pqGQzuf4WjXqg8n7W""]","[""1HcogFhemJZQeArbLw83x6sbwsjKgntSUW"", ""1B7zeIewEoWoZ95p4PPLXvhzFjE2mlCkzV""]","[1.46837555, 1.46837555, 1.46837555]","[2.19558654, 2.19558654]",0.01395356,P2WSH
85ee5be548fc3797530b2d8c6dacc52504e37c981acb52e4317856f0280a6c8f,"[""1ctylTxBZn4D6Fz2NoGEeLzIRWVcrrO9vZ"", ""1HzcBRef2PDFp5ibflmOHID8OKhcmsUyxF"", ""1aGqGsYtpDnPDnkIM1eP1jVD9ekMzM6ZzU""]","[""1iMa77gTuRmDIBkujdQMhZgsFZi4bAjOo2""]","[0.53462481, 0.53462481, 0.53462481]",[1.60027775],0.00359667,P2WSH
8f0acb303ba37f8fcb8988194db1562d35be6ab9bf9d083ae98db8718ed09fc4,"[""1RRRJtPRtkpLcKOLE4WGEneCBhzLUg47jE"", ""1zgdSu8Yr87EmyhmbAv1PBRKEmIu9XWLjY"", ""165Z3Bjvdoi0bdqzg7MbehBEC4cUqoVIYI""]","[""1CmLrKubduDiZxbAulMVNuUcFSSE5igkSf"", ""1WJ4RLYpI3t2xjtGC36TeylVSwWDnawMIW""]","[0.24507693, 0.24507693, 0.24507693]","[0.36724248, 0.36724248]",0.00074584,P2TR
353d9ccf55ddcb6b9286d01df99be59d24cd8d9a890938403e122fb23e3a52be,"[""1Iwgpqz9wojvAhyFyVkU2vEUKtrcdIFWh4""]","[""3MixkewKB8zaHTthIBs8oBmBGvBsUQvOwhhNH""]",[0.48525962],[0.48519619],6.343e-05,P2SH
52e60edeb498e09ce51230821d12c193a2528a5ef0536f0578274d97c4e417d1,"[""1acvyQg3Wwm46ygqJZ8P3sBdV44OGk2XbN"", ""1cyI3bHqZwgnIHI2XusYIMTq09Iz1a5Bwa""]","[""186eNwXQ7iLWceWwxJLQ6xVJGyOphTExIq"", ""1o5OsXqt3srWxnBk0YHtEfiuvgR1Kaphlf""]","[0.1018729, 0.1018729]","[0.10137267, 0.10137267]",0.00100046,P2TR
60cf45d9be84c462edd1521616a6f84a8ed77c4360d28f26fabbd1a9c7df1da6,"[""1gXKkmSABKqtgxmv3YB37pzL26GyhYAlpn"", ""1xitaQSnJtoernnIS6YPJOQAYmdEcrhCLK"", ""1ib91g5hiqle04mgXzEMnA3NBjs4ON0hvv""]","[""10OPk9pkjI7ozlNAbMmKyRmUYdg2luCq1G"", ""1ib91g5hiqle04mgXzEMnA3NBjs4ON0hvv""]","[0.1505909, 0.1505909, 0.1505909]","[0.22563845, 0.22563845]",0.00049579,P2WPKH
5a499915bd6fd1dbb15e4dac47b2bf927286492eff6f6f8db6446ea6fb953f91,"[""1tkDzREOhB03akRlljvxIi6SZmphQv0Jv5""]","[""3MixkewKB8zaHTthIBs8oBmBGvBsUQvOwhhNH""]",[0.48752749],[0.48738323],0.00014426,P2SH
e320944ed992ed0fa0aa2eb9628a1d999f0d7c3bff25206a4d271bfa7976d089,"[""1cyI3bHqZwgnIHI2XusYIMTq09Iz1a5Bwa""]","[""1OuaOnxydWPoZDwdTXctJX6OwASeJ4vAb5"", ""1n7QNlf1P0ARq1WDuUin8nQj75FNUs9v91""]",[3.59687135],"[1.79164051, 1.79164051]",0.01359033,P2PKH
e29ac83aa651aa881c9e3a78910d55e614a36fa2c68ecc034bb66fb79de7c606,"[""1BwGKGyqEAB5E8ZihSiR1hnDU6w7LzhJcj""]","[""1kVFWtDFCcdP2xNfSrjxhzXF9wdtkJTIcD"", ""1HJ7ALXrqnTVbzxH52hR3oR6hD4KTiGHoh""]",[2.90172128],"[1.45047821, 1.45047821]",0.00076486,P2PKH
88a3f89265862a4841c3f03aea7da429fc09e777da22e9a714d0081807dbd3b2,"[""1sZWMdnIjxGlBRxPqUIjyWmzD1i5t5LT2P"", ""1Wfa1d0t3mjn0w4KZDRrgI3jzHMjID8Q48""]","[""1i2eySDzzJhteCGhZIKViF1ZGsk5n6Grem"", ""17rMMfNKKkM3u5c1f6VqnJMb3HNspYzCQj""]","[0.26341284, 0.26341284]","[0.26332038, 0.26332038]",0.00018492,P2TR
e579fedb6e7bd76919ed4ffb8ff81364f6a1cf5b346c0b897b3104ace8a13c5f,"[""1HXg1iwWKaqhAhdBwKCnMT4OsNb90AgSB3""]","[""1hG2KYfvJrqgctUlXQWI2yKqQSOiJq4NwW"", ""1HXg1iwWKaqhAhdBwKCnMT4OsNb90AgSB3""]",[0.11560835],"[0.05754706, 0.05754706]",0.00051423,P2SH
71db7a33fae4b850950cfde3b86e32573c6c679283f6848b392de28f31d0d808,"[""1AdAUhY4FWS08glAV1ea6RpFM2ACc1CdLw""]","[""1kprBNqWe8ykBFTVYXbx0V5KjTpCCxLeiD"", ""1Orb0upH4PpQSLxtBa1elNimfKZ5oeStSp""]",[2.3993494],"[1.19509665, 1.19509665]",0.0091561,P2TR
43f1dc389e63fe0852d5e3149289aa8e1bd7974f6b68fb3a09c516dd51a6fc06,"[""1pXl61oSl8qrUT44ismpVDg2dWeDBDgKLs""]","[""1p3TC4lJy6o1qMs4RSnE9I9egVuBpFCeRU"", ""171imARDL6KFQraidyYG42CJTr2CRSsMYk""]",[2.99437599],"[1.49363162, 1.49363162]",0.00711275,P2SH
6b6f82d2af066d1bda70ca154671d54ffe8ccd1e702a7cd572c1fdff0315cf07,"[""1ExtEpU21D6USsKZpaGv27mMh6gYTlxda9KBx""]","[""1E5aXA1thM0BWXTOZzcsrB749qwB06d89U""]",[0.03552138],[0.03546618],5.52e-05,P2WPKH
1dd70c67ff5d41a5afec2c81f5c66b3fd267185417f22aed3d86e8ac163ec101,"[""108twQXGLnyHCi6ZECLjPXRLt9h9RDZERx""]","[""1HzcBRef2PDFp5ibflmOHID8OKhcmsUyxF"", ""18uZnTYRd1lEy9O09HuQ9UyGrRm1yiUJX0""]",[3.57352926],"[1.78079436, 1.78079436]",0.01194055,P2PKH
6fba156fcb2311e7832449a5e7b9c91a2b08fdbcc454c89260cd5071c9361e9c,"[""1IqijJcifY1TxOogd1S7OkCnBSnIKlZblj"", ""11J7ESh3L0KaJBkuPKV4SnRYi66GibP8iw""]","[""1x9sEXiKd33nYEhv1zJJ3WDSLVFCBB1uXP"", ""1BwGKGyqEAB5E8ZihSiR1hnDU6w7LzhJcj""]","[2.29344383, 2.29344383]","[2.2841827, 2.2841827]",0.01852226,P2PKH
765497a5d1c909026a6e759454357daa852d6fe8885bb085c7ed319b513e3fd3,"[""1Peel2QDNPpz5DMkXtUyCRusKScflKLLLfsI86""]","[""1PeelhFmYAjpU0rwDQT9GkMxSvzfB9wIjnw2Qu"", ""1PeelEb9BaPVH1k5Xwi0GEx3v4Os6zP0EzPtCj""]",[26.5497736],"[0.23658451, 26.31308605]",0.00010304,P2PKH
d0dbb03eb2f49361e63c0c21e01e8cd348a90ad3f8366c88ae727ccf8e9ad508,"[""1Rx0rliJogqoAxj7jXkE90GSWsIJyQdYDN"", ""1tsqNqB1wK7zlbTP6Rekgd2IbyVfqjO2tp""]","[""1esM2wleOV911xCZkwPRQeNHpCq5QnuVdY"", ""1Xye4JSnE2NiiUHUAKw9iEU1jjQKxKDpI6""]","[0.4258342, 0.4258342]","[0.42406627, 0.42406627]",0.00353584,P2WSH
b73bcfa278ea8c09db30703628b06ab3410cf9dd444749829d203a680039aa44,"[""1ONfFcDAU1Nmt1KZWcmVbZzlwY67KBebQB"", ""1FdJ5khYao3bQxAh4FNPIXDxafsxXr4oI5""]","[""1eYcas6YoUEgZVIcU2U2j9vS89SqKr8CG1""]","[2.27083879, 2.27083879]",[4.53553275],0.00614484,P2WSH
1c3c94f981823e301a15c123e1afa8675e00707bf219f5ae3d0bd162850b0b48,"[""1lgHldl6RjWt1eTbc3APwaVH4Fpj3fyni5"", ""1RfIcd9voHYLnHx6FK3Xr7tdfFkUkdIMHM"", ""1BfvkSIlA7gXSkv4WG4SQJAVFnxIfKtUQD""]","[""1p6AwyRsymAKDMcEbtbR1xHgQMv8EbcE4D"", ""1OBHQ3v48ivNU0J8XZyZ29HGJpI6TQWEuZ""]","[0.43139086, 0.43139086, 0.43139086]","[0.64479038, 0.64479038]",0.00459182,P2WPKH
105960cf16feebe87a2abccca64d62a6055cc701152a9adeae56c524a2903c4f,"[""1TWxYA4hkrbRau0M6FYlyiWxxsBg5a1roW""]","[""1tIhCZf5f4lftMbkaNC26tQ61UTtxrrJzZ"", ""1TWxYA4hkrbRau0M6FYlyiWxxsBg5a1roW""]",[1.60260506],"[0.79830079, 0.79830079]",0.00600349,P2WSH
e5e5b40a9bfe3989d914c71e7b9ab8b5c3f9aeddf2d10ecfa1605c2dc133a077,"[""1ExtEpU21D6USsKZpaGv27mMh6gYTlxda9KBx""]","[""1cezOSTyod35M2Mty3UBz8zXv15Ux9iw8x""]",[0.02552731],[0.02543248],9.483e-05,P2WPKH
a3b1cb9fad08306e7e20a0dab75c070df173491476bb152f54d1b66c343db450,"[""1YZ8fOcR9GLw4yWQdNuuIxp07LjfP4tOPh"", ""1CQwBgBye1UnWeNGmWv7OjgpkjVe6MCIJQ"", ""1RfINuhR694fPFbt6vVl9jsWFHTGP2MLjl""]","[""1pV4fLHpaUaGGxmXzgAKqHJL9ymIIlID9J"", ""1Wyi1hoW6gFWXMQdyNXZDLfqwLS5yOr7dV"", ""1YZ8fOcR9GLw4yWQdNuuIxp07LjfP4tOPh""]","[0.7402513, 0.7402513, 0.7402513]","[0.73908699, 0.73908699, 0.73908699]",0.00349293,P2WSH
ae39ae0d527b31cbdc624ffa7bf4699118a6bbffcc540a5a16927e9bc6ce83ae,"[""1m59rHVTE6T8B3ymPNQkklZHQY3vaHXeW7"", ""1ZpSmx98uHZq3uosc5RNge2BFFeA9rpPwq""]","[""1f566XoQUJK2WBjg87THM75FY0853siUB2"", ""1wF5JBFBakYqcDDf00xfKfOfj3PKXLA4jT"", ""1vART1HCvYk86khPRoupX8qb6pOrCT10ei""]","[0.83685356, 0.83685356]","[0.55736117, 0.55736117, 0.55736117]",0.0016236,P2WSH
5523c12fce9783cd5540f670153d0b489a6dfe28e9e2485487d1d4d8664a5dce,"[""165Z3Bjvdoi0bdqzg7MbehBEC4cUqoVIYI"", ""10iYCacdhWhmXTzoBr6EAcagTwgK1gvdfF""]","[""1tIhCZf5f4lftMbkaNC26tQ61UTtxrrJzZ""]","[0.92400004, 0.92400004]",[1.84555861],0.00244148,P2TR
98a8080c47dfb83ee90f42482e38f9d9285b1709efc1439c24056b1e389c2bfe,"[""1vXnNQpesIVhuyJ7ZmZ5DDcijC13CY5dGJ"", ""1FX4jvD2tuVg8G9mcy1htc02u3gVUbVNnm"", ""1QIbJu4Xej0vxHkLlhWt1Sqf2xZsGkxcmf""]","[""131BswI1p3tHgvz6Ee40GsIhSWcoBV7bZq"", ""175r9HASVq7C9o4rQr9VsJcrqpOVatOZ0B"", ""1QIbJu4Xej0vxHkLlhWt1Sqf2xZsGkxcmf""]","[0.5248919, 0.5248919, 0.5248919]","[0.5246693, 0.5246693, 0.5246693]",0.00066782,P2WSH
d9c0bac271d53b503fd474aaf14584272feadd2a401295827bf99dbbe74c0371,"[""1TyBKFnryifJdyfFViiIEOmMTpeWu5fPAv""]","[""1eTY8HhO6kGL75UQSyPx3BpdbIKaRdebuF"", ""1TSXkZQJ4KsTJedVvYz11oOLaWxscHjFnd""]",[4.43538472],"[2.20937734, 2.20937734]",0.01663004,P2WPKH
51942bcaf406c8a61492eea5a23ce6d6945419142352ed9c3caccc608266cc6f,"[""1hAislLSBielsdrLGXgT64J11f1BZzL8rQ""]","[""1aGqGsYtpDnPDnkIM1eP1jVD9ekMzM6ZzU""]",[4.39859476],[4.39385034],0.00474442,P2TR
643955044c09b80721e27b8d39800c651cfccc87b5ab9c4185995853d032bbe0,"[""186eNwXQ7iLWceWwxJLQ6xVJGyOphTExIq""]","[""1kEEeLViOPb7R7HDHv066Q3RthfVul7PWN"", ""1n7QNlf1P0ARq1WDuUin8nQj75FNUs9v91"", ""10rVq4jB6nBvbdFo9xb50OXirZRiRBaepZ""]",[3.89812295],"[1.29678607, 1.29678607, 1.29678607]",0.00776474,P2WPKH
b8b81086ddbf103b4b92224702cce67bbaed58bb32920d7fb3a2a495a881fa00,"[""1TsmiGJ1FhXsPI2kBhPonUOfASj53VnpD3""]","[""1LQKYuNdniKUYUOCsMBm2sXQ46S49KLF00"", ""1TsmiGJ1FhXsPI2kBhPonUOfASj53VnpD3""]",[3.68217022],"[1.83557537, 1.83557537]",0.01101947,P2PKH
812310a36625a88265dd005bff192520030382c8288b6a7d240539e71cecd632,"[""1BC7D0nd6rLtdlVr1hNjMdhcQ1JcSdSqpQ""]","[""1gGoEd9Sf53GRx8ffiYeJA7oqtXRTtqemW"", ""1X87eCr0uIamIsMCKEVm3Vpazov026aO0T""]",[0.19752905],"[0.0987039, 0.0987039]",0.00012125,P2PKH
d250779cec947014914379e88114d20d9410289aa5c1b918b3366b9bdb81e2ec,"[""19IiRghzekNuIr1y2dLnqzdhpiff24m4J9""]","[""1jM2C2WghRmUff6aXodetGDm9LlrP1dlak"", ""1miH8RRelt9kNKLFrAZTGO8pUedvTMYeVS"", ""19IiRghzekNuIr1y2dLnqzdhpiff24m4J9""]",[3.96408259],"[1.31676984, 1.31676984, 1.31676984]",0.01377306,P2SH
8ce313683654b2b610929eab8ca992d28776e2c47f15129edef41346344e39dc,"[""1OeC9VQPVpWrdy9qYle8myOgHAMgBqceTW""]","[""1Z3bdAMhnpvwc2qjQFPR5BC0ggLW6ZcgN1"", ""1aNS80TKIsEEKLQYESGAtd3zDE6vRbrlvo""]",[3.85411984],"[1.92468713, 1.92468713]",0.00474558,P2SH
36efd95fa39d0d0e4cab2d2c90c06a1ddb1b84abdc27e2ed695f535391f3afee,"[""1vggcfYxmUfTpbRdL6AZoiSNFddk9mKIKL""]","[""1BC7D0nd6rLtdlVr1hNjMdhcQ1JcSdSqpQ"", ""1vggcfYxmUfTpbRdL6AZoiSNFddk9mKIKL""]",[1.54289914],"[0.76939886, 0.76939886]",0.00410142,P2WPKH
6458b78e8af2e3dfaea53431dda4cf46ba19eb2666cef3b9a5e16c341c3c278d,"[""1K1g2WmXMCaULEkFF6s1prItB86Et8DkeA""]","[""1ypPiyQTGOPtsb2UiS0Ag7pCcy6Nj6xs2l"", ""1K1g2WmXMCaULEkFF6s1prItB86Et8DkeA""]",[4.147465],"[2.06897458, 2.06897458]",0.00951583,P2TR
e13b63b272644b1783be81b24a5f37bcacffe49caee5ba55a13ae7f27a18959c,"[""10iBczTV5V6mLThmuoHFq6cjn7zrlSaekU""]","[""1fGjWJNJjJsV3JX173g0YnWWAI7dMbIjNC"", ""1UaPFL4y9h8ymflLZZb6xdOeNeTdzkNmKB"", ""1f2tPIwqFV7t8lq0awuozbt6LpKR1Ajddi""]",[0.00807446],"[0.0026854, 0.0026854, 0.0026854]",1.826e-05,P2SH
c9581dd281add1f39e84925122a3b75bbc8ad88faadf1904b5d2941f6c0c8aba,"[""1Q0N7HE96MT5jotYfLQqmvoi7968lwdGnq""]","[""1Wx1jwAY4j6nbDqmEjZ0rlLEA0EPvg7RLi"", ""1GEnE7NutMLLGvxQhJDbwp6Q43N3DrvXR3"", ""1Q0N7HE96MT5jotYfLQqmvoi7968lwdGnq""]",[4.02577905],"[1.33588845, 1.33588845, 1.33588845]",0.01811371,P2TR
2c50df5f4df7d52bb5364829dbeb0c2a07af7283b1caf0461b70806af00ea075,"[""1YZ8fOcR9GLw4yWQdNuuIxp07LjfP4tOPh"", ""12N9u8tBDNXKveCcwrN8fKxJ7Tc4JlLF7B"", ""1QM3ScwS8LUWoo7W4mQJBVWFzkmL2dDx5S""]","[""1GbjPmUjrp0QsUcYg1T1UIoWXrP5y78tIa"", ""1QM3ScwS8LUWoo7W4mQJBVWFzkmL2dDx5S""]","[0.97984969, 0.97984969, 0.97984969]","[1.46314938, 1.46314938]",0.01325029,P2WSH
0e3c375dc4bd78957aef24325b3b6204555ec38c7bb394973ef524c6fcf29890,"[""1BZvV7yVbq9Ew6AQOfMXSfjSNTtgatwqil""]","[""1iMKpPGNdzSgVaI5z52Dm7tO4fJHS64k2k"", ""1BZvV7yVbq9Ew6AQOfMXSfjSNTtgatwqil""]",[4.60803416],"[2.29468467, 2.29468467]",0.01866482,P2PKH
13640c9355111e1c7817d049717a758f380f0feb7706a437713cf37cfd44b86f,"[""1dGY2QDMBWgNO4TtNhH7FpHxMJ9GW2VLs9""]","[""1xycs7mJzZjHp4ae1qDeD85EeC3M807qI3"", ""1m59rHVTE6T8B3ymPNQkklZHQY3vaHXeW7""]",[3.02589923],"[1.50988995, 1.50988995]",0.00611933,P2TR
48fd64c054527dd78c83b21f365d6a30a354844b58f95ed1e7968078b3eb352e,"[""1xse0V8J56WwF8hEsfUExleHXNifSyiqkL"", ""1yCaoAI3JD9OEMwxKlCeCxQobfAR9C7GI2""]","[""1YqmURakEgVzzrAkliEFgJnmUYl82B4gNe"", ""1xse0V8J56WwF8hEsfUExleHXNifSyiqkL""]","[1.15636911, 1.15636911]","[1.1538008, 1.1538008]",0.00513662,P2WPKH
2d737dd38176cb920ce85d272a2bce1d9aea3920501aadb40468ce7685c3d234,"[""1pIlDDDoNenqCw3e1M5UZDxKP0nTYcW4ua""]","[""3MixkewKB8zaHTthIBs8oBmBGvBsUQvOwhhNH""]",[0.48170335],[0.48154243],0.00016092,P2SH
e1d0101f8412b8866679ebd2fd480b1f5c2f31333b42ea37286c41e087b570a7,"[""1tIhCZf5f4lftMbkaNC26tQ61UTtxrrJzZ""]","[""1Ks7d0xbxBnxOHObV64UuZqUnbSM1W5UYI"", ""1tIhCZf5f4lftMbkaNC26tQ61UTtxrrJzZ""]",[2.67500508],"[1.33084618, 1.33084618]",0.01331271,P2WSH
5a3bdef27fe302156358a3dec5b348274aabe37a5db14f02684ff4dbf24878a6,"[""1miHX1tRGi98i54tI6ht2TV2zzB535qWgl"", ""1VLqJooQwQDFLSx0EilbVaqzU9Ue591EuC""]","[""1U4eS51H4Ogz5t2fuTif6a3cYzgj63pul4"", ""1ahKUQJYJ7pSopcey7rgangRzvBjOhw8xG""]","[0.74736976, 0.74736976]","[0.74501506, 0.74501506]",0.00470941,P2TR
8815d5004ff339d988e60291227071ab2f3e32883bcc59570f476e8d33f17fee,"[""1NPROqCQpL70aVN4yK3GlAZps7Oxtz2TfN"", ""1jlaFSE568xENKzc5xJmBp4SFEQRO5TpcY"", ""1Orb0upH4PpQSLxtBa1elNimfKZ5oeStSp""]","[""1dWnmyQ6fK4e9mOYf0Yh6d5ASExAv4rBjM""]","[1.11892002, 1.11892002, 1.11892002]",[3.35005695],0.00670312,P2WPKH
20e975eb8a96c125b835154e55707cbb159549bc3da34a21765c35852bf9dd60,"[""1CmLrKubduDiZxbAulMVNuUcFSSE5igkSf"", ""1WJ4RLYpI3t2xjtGC36TeylVSwWDnawMIW"", ""17Et2mYl5Lsd2GFpxR0smsbNAwW9BxjBt6""]","[""1ut6Fx2QR5LOJDfEvGNpqqrFt44JvsZGzq""]","[0.7594013, 0.7594013, 0.7594013]",[2.27641504],0.00178886,P2PKH
16a9341f0a1a497f1d825bb90590970fa5c2a8921355ea259a77fc346266e92d,"[""1BfvkSIlA7gXSkv4WG4SQJAVFnxIfKtUQD"", ""1rQ75CU9I8B11fKKAkc7oP2X2iwGeCCbKa""]","[""1WDKxfjfM59MdNRXho8WUXBlQwi3EBsRll"", ""1vTrZ4IejsqwaNxlb1WoSOHyGEIMuNgGeZ""]","[0.70486887, 0.70486887]","[0.70189187, 0.70189187]",0.00595401,P2WSH
f2fa3a63de51ec1c01ca34508f528038a9ac1830ded9bc36046f27bfc5261499,"[""1AdAUhY4FWS08glAV1ea6RpFM2ACc1CdLw"", ""1ramWOrCWNgnRnLTLCAKHDIvtZj0EGkyyO""]","[""1QnBow8w3Ndr86ZfnN8du9WmZIKYoWWKr9"", ""1ramWOrCWNgnRnLTLCAKHDIvtZj0EGkyyO""]","[1.48055427, 1.48055427]","[1.47862411, 1.47862411]",0.00386031,P2PKH
6d8f91648a12817e7f9839062112cd877dccc5dedcf5762132ba40344c368041,"[""1K1g2WmXMCaULEkFF6s1prItB86Et8DkeA""]","[""13LVvSbYn1iohieQWeWUcgXFdhpePUW5m3"", ""1K1g2WmXMCaULEkFF6s1prItB86Et8DkeA""]",[1.65780222],"[0.82732238, 0.82732238]",0.00315747,P2WPKH
dc274ecd4c1bccfc3cc63a62695f9a92f0daa1cad0f9a2cc216bd989a4014bf7,"[""1V3FAV7ybF5276m8Uiu78tVXCkaj2seomf"", ""1liKxxKcRN1aAuOg4sClbYCJAyZpxuQs82""]","[""1GXkHYTldmi0asfxafpqjSCbkDGfCW3DtU""]","[1.26803787, 1.26803787]",[2.53472013],0.00135561,P2SH
c579ca95a893701f4df88eb042bbb8a97e6a10d309eb8981389e74436a92dbe2,"[""1ExtEpU21D6USsKZpaGv27mMh6gYTlxda9KBx""]","[""1mm0Mit9enAJ1AmAQmO38QKXxAVwUK94xo""]",[0.03344672],[0.0333482],9.852e-05,P2WPKH
f739ad2e3a381787da4deefa16273879f991ea90d9f55dc75409a329993d6c9c,"[""1OElbZt5VUX9gkY7Dappd8ZVsW3liOavnK""]","[""14Xg2Tx85dpcUBxNbkgBiNImEQnUAGWfb7"", ""1rgKwrxXCYjrhyJcOOB4vi2CajF1n3GFkj"", ""1OElbZt5VUX9gkY7Dappd8ZVsW3liOavnK""]",[4.77246887],"[1.58705967, 1.58705967, 1.58705967]",0.01128985,P2SH
e58aae49b3cbf41ea38baa307e061de934cb83ca0c5493c839175cd03379a17a,"[""1tIhCZf5f4lftMbkaNC26tQ61UTtxrrJzZ""]","[""1IFgfILW1azWSI9pGQkqqjkrsWw6SEMCia"", ""1XZe0XPispjAxBLKH51zc8RYK4gpPkLINO"", ""1tIhCZf5f4lftMbkaNC26tQ61UTtxrrJzZ""]",[1.94066015],"[0.64553089, 0.64553089, 0.64553089]",0.00406748,P2PKH
f239c4ec390ef90eb621fa918401e65337a10abc43cadca168b84a18ec937bf7,"[""1HtKE5vlbGxf8HrlVj7Qd7lSsgi3p63doL"", ""1y3vcPBrfkbNVtNNf7HU7GUFbOG7rmZ0Jf"", ""1MOkd5qpQ90n0rkHefRZS92nFX26N8RqPt""]","[""1bk4rsihgtblrbJydUE4UVhqHUNH7T1CIg"", ""1eqG9W0M4M6HMHXp8yMB5xt3fvqtOgMSQd"", ""1oFF6qtIebN4bIKgVOhJB0FWiHkp77IcY7""]","[0.37547339, 0.37547339, 0.37547339]","[0.37526922, 0.37526922, 0.37526922]",0.0006125,P2TR
7bee1d971e006592b9d56ebd3e0adedfa5acc328ac43bab3a6958afd06764eb1,"[""1NVurgNLv5a5A1hjlVC7DOtiteber8f40Y""]","[""1AuBu25jmGjXabuJgmabmzBTh3WwYBAWLv""]",[4.08928048],[4.07534418],0.0139363,P2WPKH
509e206653524328619c87da0ff52cb5a13aa7c585c6498acbed8eda2e641276,"[""1EUXGQaNQXwR2P1UyTuCcPk3kU0qlGCyiZ"", ""1CY4RBwl3yymVObMrW7dM8EGxjM4FSjZtJ"", ""1cKVqALrHbj3cucLTPH8LQFsi2uTFNOrCH""]","[""1v2VCf1VqWAbHf8ZhShvCI678lY2FiQWmU"", ""1ozWjXwaHf0lNuj9QOau96QzjeO6eJuyCK""]","[0.48275888, 0.48275888, 0.48275888]","[0.72199668, 0.72199668]",0.00428328,P2WPKH
aeaac3aee4dfc259a37336fa85c99017e643b998be79729d998913e8347bdd45,"[""1eTY8HhO6kGL75UQSyPx3BpdbIKaRdebuF"", ""1Qh2UVvsjaSS8VFgM0Fmxk754LEgw9YooJ""]","[""1f566XoQUJK2WBjg87THM75FY0853siUB2"", ""1y6P0PdcvSqXWAvc3Nkr3QIuxg5K1ONlN2"", ""1esM2wleOV911xCZkwPRQeNHpCq5QnuVdY""]","[0.02759337, 0.02759337]","[0.01832603, 0.01832603, 0.01832603]",0.00020865,P2SH
4193097945dce61efda7e8769c7e37789b331356a1ba3f744ca1385bfea60e41,"[""1VLqJooQwQDFLSx0EilbVaqzU9Ue591EuC"", ""1miHX1tRGi98i54tI6ht2TV2zzB535qWgl""]","[""1vymcpRiPCCfOSBDrkZLkhTkPaqBlS3HBc"", ""1NGPOgQBLdxmp4mabaYQd7fZPScFYuMM5y"", ""1miHX1tRGi98i54tI6ht2TV2zzB535qWgl""]","[1.11010668, 1.11010668]","[0.73652028, 0.73652028, 0.73652028]",0.01065251,P2WSH
836ed891f163a56f6e3bffab48a985268dfa7afc121dbe1134c3ce05e2dacccc,"[""1gyHapidhLFZTM27evWPoE4wpY1JfPWaAl""]","[""3MixkewKB8zaHTthIBs8oBmBGvBsUQvOwhhNH""]",[0.48593612],[0.48583314],0.00010298,P2SH
71b64e72e2490dfbf5d296bfb8106e8cbebdaf6976e7ee1e66bf0b61ad0ec70f,"[""17t0qv7f9HktgQZPlCayzY55W71re522zH"", ""1F0WsCejdmaz5XsJ98htqmdT2UH6juN0LU"", ""1kpWbyQXNfhPLVHejp1AtuKr2FleGKAbzq""]","[""1JNTJ8WGX0f5L9UVArB2TOeOvGQYAbJaZb"", ""1VeWSt04B2lDCuQRpUbhzyEcG4FbBbFXWE"", ""1kpWbyQXNfhPLVHejp1AtuKr2FleGKAbzq""]","[1.32500071, 1.32500071, 1.32500071]","[1.31975931, 1.31975931, 1.31975931]",0.0157242,P2TR
57e1dc42b3fb178bb67bafbd01812ac7767965f2051af77d93e4ac989efc4ac1,"[""1wIdRYw11oRytxxHPDlx50j9PieaSEB9fN""]","[""1GEnE7NutMLLGvxQhJDbwp6Q43N3DrvXR3"", ""1Wx1jwAY4j6nbDqmEjZ0rlLEA0EPvg7RLi"", ""1wIdRYw11oRytxxHPDlx50j9PieaSEB9fN""]",[0.69942807],"[0.23309408, 0.23309408, 0.23309408]",0.00014582,P2WPKH
44ab3739fc8cd9fd4a9cbe855f1199ec43fb1f08dd36365f58826a96df2d141a,"[""1OIC1iWO5e0D7LlRFOqRKKKZebToPEQuoV""]","[""186eNwXQ7iLWceWwxJLQ6xVJGyOphTExIq"", ""1W1uhw3U3x8EE5GXTeLYHteOtLAQvc1v9r"", ""14Xg2Tx85dpcUBxNbkgBiNImEQnUAGWfb7""]",[1.148988],"[0.38167653, 0.38167653, 0.38167653]",0.0039584,P2SH
d1a63420330db91100310c4aba1bbfc0bf6cdbf91d2c50055d9a5dd7cec0e832,"[""1B7zeIewEoWoZ95p4PPLXvhzFjE2mlCkzV""]","[""18CizRUsR1S6NmMsvP8O7FRthvDJPzU0r0"", ""1HcogFhemJZQeArbLw83x6sbwsjKgntSUW""]",[1.2012986],"[0.60023591, 0.60023591]",0.00082677,P2PKH
a50eed75aa3ccc1ff2dddd3d42224cb609181190329b30816cf3e63ad0cada0b,"[""1EkXkSE4HNdc06PVz0oRaFxMPMDEaIaGr8"", ""18IipmO50fSlqPL2lVSID1u7a67h9DpLm4"", ""1bYPX4gfjlGYqyxzJ9oQ0O1VfxIdakEAWJ""]","[""159yE6752aJg8r9HE60DlgkCplTXJUk13Z"", ""1LlpIn8srmRtv5XqhPx8Y7XsrSvBpDmH5R""]","[1.15543884, 1.15543884, 1.15543884]","[1.72877637, 1.72877637]",0.00876378,P2PKH
8c28a58ded79855e6c824840cab9fa9fd36284d4ac016e15bf5c0ecba87246a4,"[""1VhnMIeO46NrMBUQLv9C5jHwiNk792wbXi"", ""1CSHoy0v6AzTBywuySmnlm2OM3HVzNnigO"", ""1sZWMdnIjxGlBRxPqUIjyWmzD1i5t5LT2P""]","[""1ses0RPxkkqUQyjBIZ9BAiB3Qi61R6mI5D""]","[1.11563911, 1.11563911, 1.11563911]",[3.34311106],0.00380627,P2WPKH
dccb5067b40cd60ab00f436b6822d95420563dd9ca259d4e3bfb5224fa456207,"[""18uzUEHGNyjZYBh4qoNId0ncnoj1FuUPbV"", ""1EPRIcKmKaRKw3knH4UrIFjmLuuqhrbLOF""]","[""19IiRghzekNuIr1y2dLnqzdhpiff24m4J9""]","[2.01748347, 2.01748347]",[4.03064072],0.00432622,P2WPKH
03159c1df2707ef2243e054b0561ce6073045e8d75934b701f0419fc2eb15af9,"[""1HEZc2Ig3lraSIWC8bkp1mVnyl8hKWxPxv""]","[""1ubptnmKxqAlCe2JwJxtdwCawgGCPAoetr""]",[1.02966554],[1.02742069],0.00224485,P2WSH
9082a54127396726a21877cdbf2411e520bb39da88e1c96f4aeb82e1c4024e8a,"[""1MdwNq3BLyd62TVziibXUEMDxcjRLVqyGH""]","[""1JjNcJdql7LIbSPrfB91kZLXYlOqSvCKox"", ""1Mq5AJvZWQBU1oYphFH9zuJBTERHNy5hDd""]",[3.05686687],"[1.52125511, 1.52125511]",0.01435664,P2PKH
3e3fc50668089313317619da86344d4864cd43233a7968e411876a8e30f8bdd2,"[""1EblLusMVOGECsEFHYHbV92hB0BckOW2kA""]","[""1bweeJYjlUURszuWRrj2bUFaZQ2IZ4FRAj"", ""1Roa9bI75dv01Ysi084pZdi7Rxb7xRPeZ1"", ""1EblLusMVOGECsEFHYHbV92hB0BckOW2kA""]",[3.79943634],"[1.26015565, 1.26015565, 1.26015565]",0.01896938,P2SH
2859814cf6121a245c746697470de340f8159a31f240bef537d00ba06d7798a0,"[""1gm1FAjfDMcWFhDiLZ3WOGwcGoXWxKTVRg""]","[""1FX4jvD2tuVg8G9mcy1htc02u3gVUbVNnm"", ""1QIbJu4Xej0vxHkLlhWt1Sqf2xZsGkxcmf"", ""1JjNcJdql7LIbSPrfB91kZLXYlOqSvCKox""]",[2.24301753],"[0.74679233, 0.74679233, 0.74679233]",0.00264053,P2PKH
a53a727904879557491aedd7b79c9d4184bb8d137b6ef76bb0751d997e1dd57f,"[""1JNTJ8WGX0f5L9UVArB2TOeOvGQYAbJaZb""]","[""1esM2wleOV911xCZkwPRQeNHpCq5QnuVdY"", ""1Xye4JSnE2NiiUHUAKw9iEU1jjQKxKDpI6""]",[0.26011707],"[0.12989481, 0.12989481]",0.00032745,P2WSH
60d6eb3dda84ab75fcf200977d030b5e1192a61ba4ef566ceed987d5674b7031,"[""17uXggnUIQnxCQQj9Ds5fZTvvWGvgSCecS"", ""1IFgfILW1azWSI9pGQkqqjkrsWw6SEMCia"", ""1XZe0XPispjAxBLKH51zc8RYK4gpPkLINO""]","[""1ryUvIltnJlU5lTopqoZZwWhe7Ea170xt3"", ""1y0x1BAZOKsLRDlytTN8WurWw5m9lVbT6m""]","[1.17901337, 1.17901337, 1.17901337]","[1.76137026, 1.76137026]",0.01429961,P2TR
e01791340ba27a360647367421ce86bfd12081c0323039cb885aba6bf678daaa,"[""1kMsVlAePMbPvmSnH0cJ0n1dNkj6keUF4g""]","[""1ZpSmx98uHZq3uosc5RNge2BFFeA9rpPwq"", ""1dGY2QDMBWgNO4TtNhH7FpHxMJ9GW2VLs9"", ""1qCEtk4JbeyHiLbwSjKht15zcKtPKopPYO""]",[3.13267031],"[1.04083123, 1.04083123, 1.04083123]",0.01017662,P2SH
7a74c5a58f760fb99498f12cfd844ede1029848b3731ca3a25155fe61ea9527c,"[""1mY3wzHelT4NEZJDvMIieAxeeWshoLun65""]","[""1egabdaraBT7gwO8TxrOschiC584hN7X25"", ""1kgSC2RqbIdQnyxcACka3O72SSmqP7lQY9""]",[0.5139345],"[0.25693507, 0.25693507]",6.436e-05,P2WSH
4b4dfefb1bba827fb8eb285eeec13b3b994e949dfb1fdf7774bc45def60df9e6,"[""1iMKpPGNdzSgVaI5z52Dm7tO4fJHS64k2k"", ""1LlpIn8srmRtv5XqhPx8Y7XsrSvBpDmH5R""]","[""1Jqzges6X72YJR7IVU7CCKbheN9Pot7GaZ"", ""1LlpIn8srmRtv5XqhPx8Y7XsrSvBpDmH5R""]","[1.0228174, 1.0228174]","[1.02072621, 1.02072621]",0.00418239,P2WSH
52dbb6567dc9930bc47195039be2e4312cea9f67372e746bab6aaac7b0f82628,"[""19RGILZUawoFIVy35I4Wz71KzUHr1iRF83"", ""1XfwyfsgZmnkMnAT6gXBtaM7j1XrVfWkxG"", ""1wn9FIyw7Eqx0uLUVrqatM23ZeZ4LkmZuo""]","[""17uXggnUIQnxCQQj9Ds5fZTvvWGvgSCecS"", ""1sNNiHJqy11m755vkeQuHu9D4vkJzK1nGW""]","[1.10064246, 1.10064246, 1.10064246]","[1.645646, 1.645646]",0.01063536,P2WSH
eb190bf9bf0ba4c623cabef667b6bede1e7c9a694b1ed52e5753034f7ee005df,"[""1JNTJ8WGX0f5L9UVArB2TOeOvGQYAbJaZb""]","[""1fdXIJoqyNAbPHNMUKRe5gWsfVByODHiyX""]",[3.45802633],[3.45698468],0.00104165,P2PKH
1aee07b1a622f74dc33dcd2a63be53d9b8a6d6a8c6d1b4307ad4722ad1387a11,"[""1aguQBkl3w3951qWg6euLYqkiCh1U37zBh""]","[""1vXnNQpesIVhuyJ7ZmZ5DDcijC13CY5dGJ"", ""1FX4jvD2tuVg8G9mcy1htc02u3gVUbVNnm"", ""1aguQBkl3w3951qWg6euLYqkiCh1U37zBh""]",[4.53210385],"[1.50583509, 1.50583509, 1.50583509]",0.01459859,P2PKH
3a026658ceb22f31a222f70c5e9eb32690b88a492b15aee0e83a68495f99867a,"[""1VeWSt04B2lDCuQRpUbhzyEcG4FbBbFXWE"", ""1JNTJ8WGX0f5L9UVArB2TOeOvGQYAbJaZb""]","[""1xxK3ep8nzYvX3a2BoFrjjLYOzuhPDKOzp"", ""1sNs271O7a2icJyHfnTTn40ilMphPJdU9I"", ""1VeWSt04B2lDCuQRpUbhzyEcG4FbBbFXWE""]","[1.77688176, 1.77688176]","[1.17939531, 1.17939531, 1.17939531]",0.01557761,P2WPKH
5f3a88a05ae05100f575f60647b2675d7634412c044c5acd04e0283064dc105a,"[""12ZA7Eo0cwLCDkOxIjTvkyCvsYUEHwAL2u""]","[""1t5K0kA29RTX2pIX4FAnxdaGtqFoYIfJJE""]",[3.46899542],[3.45467566],0.01431976,P2PKH
8a20a5d9ad725db1bbb84f6db4690c85684654417487f26ca8d049bb637cccba,"[""1PeelyQejR4VpYhPq2BTF8aqQkSeIqWI2OpV6I""]","[""1Peel5pTGbFXLa04FHqlr0vc0gScx6n7GZAXKN"", ""1Peel7W9gRJz37e4247ZWihRSvGlWdYqFI0KQt""]",[28.44401023],"[0.23658451, 28.20725384]",0.00017188,P2PKH
44284131603c918c734a4bb71c17d6d4e78fd4195c4996a8b52fd4949f397713,"[""15WoWi8EAqNTMIStulPk0i1ghFEMBd4GNw""]","[""1TWxYA4hkrbRau0M6FYlyiWxxsBg5a1roW""]",[3.86640091],[3.84953791],0.016863,P2SH
8e03c826c88f73157004e4aea6c19d8471e1e5012923fb46565a7c562a3b44e5,"[""1K4RIUHyRmfL2zqSHy5g7Y3sJf9BcHPqEZ"", ""11rSrpFAZ8fgXpEKPgWRIZxG5xLKX7JhVw"", ""1qXmVHtyvY01uMTZoZgSNtElxqRvX3U7ug""]","[""1K76Wy7Rp9KddvHBrD2e8TZ2KJIBuHOIYQ"", ""1f1vQYmgotsVDQ5nPulykjPuGDKzToq5Zw"", ""1DOshUCe84vq9x3gCK2QXVng9LLw1PZ7AN""]","[0.47108897, 0.47108897, 0.47108897]","[0.46982445, 0.46982445, 0.46982445]",0.00379355,P2PKH
5e3fd8b98bf7b34d4bbbb1c9ef5970f90b426133559e55770d6df177f428bc59,"[""1aceXH36b1TVWVPEJHIW15ySkOaAupDg5T""]","[""1iT6TKsZXDlMmlNvf5DeCYSb8i6ZwHgcgJ""]",[3.18623732],[3.18244859],0.00378873,P2PKH
50e599eebd2edbed339061f15e329a73ff7a915f625b5ec10b95c3eae22c799e,"[""18PtV4RL7JTtwYwsEHUokQz2uX6z1CjTx6""]","[""1hM4vv4ofazUYHcX2pddBrtL39iyOOe6mR"", ""18PtV4RL7JTtwYwsEHUokQz2uX6z1CjTx6""]",[1.5861218],"[0.78938985, 0.78938985]",0.0073421,P2WPKH
2e59175fe96334ab5e0782d437016e78335f8bd7c7df1042e96557bca50de8b5,"[""1AOV3iVsQwHtXKkS2NmWZlOEpEqJHjLp7Y""]","[""1AWLZSy6JHNRcgC22pH8cyV7lB2Vrks4Q4"", ""1COfFlK3HyubC332fuOSkTfRNfRT8LjIck"", ""18al55C9KrJmdA8KDxhlwXd0rIqW5Qm3Ja""]",[3.36158442],"[1.11893332, 1.11893332, 1.11893332]",0.00478447,P2WSH
2426643d7c59a89b722e2ca5afd123d01a73f56a5aedfdda4681f19830a824ea,"[""1X87eCr0uIamIsMCKEVm3Vpazov026aO0T"", ""1gGoEd9Sf53GRx8ffiYeJA7oqtXRTtqemW""]","[""1N48AcDHk4eXDDaZAtdlBsuO5TDXFgJgAD"", ""1fBtDVNwiBGUTgWCwsXJmr3muEHnhnfWQo"", ""1X87eCr0uIamIsMCKEVm3Vpazov026aO0T""]","[0.6258015, 0.6258015]","[0.41627383, 0.41627383, 0.41627383]",0.00278151,P2TR
fbc2bca270c63726a44f57bee875d4daca774209f864671258ee60271d8d9dc0,"[""1Cv272J5fWNk56UPfmr1FdZ4J9fQELhyNT""]","[""1smn8ZmGK2hTYXfSCC2hc8ofQEiN9czcef"", ""1Cv272J5fWNk56UPfmr1FdZ4J9fQELhyNT""]",[2.8847465],"[1.4414516, 1.4414516]",0.0018433,P2TR
ca7fd34f9e45bb58dc81d9432eee1b17f912b91ac044faacf8f3a7816a758003,"[""1YdCDD65oQyqGArXxtG7gGv0LOqqXpKCPo""]","[""19IiRghzekNuIr1y2dLnqzdhpiff24m4J9"", ""113R5MCAYxnAaETSq5JccDwJ7eTG1UrGGL""]",[3.19073692],"[1.59030451, 1.59030451]",0.01012789,P2SH
330cbb1a925ee187c37e55682715026c4659916c60206a59139a8d081ed99d6f,"[""1hpSbGVFFEsOtff8VHMnNnQZmZ2TAYeQbS"", ""1sWIeRG7GWjHzv2Pus6MDIUOhvoN4pc2xX"", ""1m11BnNRwKTmSlB8e7Thcrqj0aC6c5LVM0""]","[""1kVFWtDFCcdP2xNfSrjxhzXF9wdtkJTIcD""]","[0.57731308, 0.57731308, 0.57731308]",[1.72671778],0.00522145,P2TR
d830645a91dfcc1734190269535c19abfc3e490f066e8063515ad97b5545c118,"[""1JrN194r0y34cNefXSrUyItLyRC07hxMbc"", ""1aguQBkl3w3951qWg6euLYqkiCh1U37zBh""]","[""19LaGphLHGVnw3bifQhqmfROCYB65pm0S7"", ""1JrN194r0y34cNefXSrUyItLyRC07hxMbc""]","[0.16420061, 0.16420061]","[0.16381957, 0.16381957]",0.00076208,P2PKH
4e7bfaf1e20694e5a0b6d93581e78d0d83a6008d43fa0d5371d37387c467118b,"[""1wDK1hpcrAs5jLJZiTwihTC11GKlKM07IA""]","[""1sMeQIsxfUoLOaxX2Mv6WCulgKeWmJNpAS""]",[2.19665202],[2.19265393],0.00399809,P2PKH
02effbd679905fc5f39115845c58cf5f2a8eb3398071c4f9bcc5940af4221638,"[""1Hk2qIL62GFJvnTRxFlNydZU9Vmrs5OY1J""]","[""1zJkmM6MuLbSXfR4VIOGwmjH1oX4unT6cb"", ""1piMDSJoVptujtJzaQUXHtOtRF19fgRxUk"", ""1Hk2qIL62GFJvnTRxFlNydZU9Vmrs5OY1J""]",[0.18822177],"[0.06244809, 0.06244809, 0.06244809]",0.00087749,P2PKH
bed2aa79f657863d682b3d9b57dc913e5f5a34e0c2d87fcd111c41f3a3d15634,"[""1P5NEXunJ5ev4USOW7BoqsgvKl6JhtxTtK""]","[""1P4AyUvW0JG6YMWPbJb6g5XT0pYv8pBcC9"", ""1qXmVHtyvY01uMTZoZgSNtElxqRvX3U7ug""]",[1.1018764],"[0.5489617, 0.5489617]",0.003953,P2WSH
53651c389017ddc46a5f9be3308b2a56e8a1a646116a0d3fa505621a853ea32d,"[""1YdCDD65oQyqGArXxtG7gGv0LOqqXpKCPo"", ""1eWpMrpTL4TOwkWolGc97KYZUzxOTkJ0dq"", ""113R5MCAYxnAaETSq5JccDwJ7eTG1UrGGL""]","[""174nzkgAu0esIi3uw7W1Ht6qhSCUEkypbu"", ""11J7ESh3L0KaJBkuPKV4SnRYi66GibP8iw"", ""1YdCDD65oQyqGArXxtG7gGv0LOqqXpKCPo""]","[0.39894797, 0.39894797, 0.39894797]","[0.3973063, 0.3973063, 0.3973063]",0.00492501,P2PKH
9dc51c15a9a808f9c7f5934c90321524b60e0d39921f4f37ba753702ec675306,"[""1tJQmiIsfJMHx2BiBt5SDAAzbI7AUMspFh"", ""13B7GqQ3yz9tcGvLAC8Xr8EQCj7MPsrXac""]","[""1emmo67tSkv7gHea03kgLagUoFPiEJvhne""]","[1.85636879, 1.85636879]",[3.70122648],0.0115111,P2WPKH
92ed79cb4bab1473fe5930b61ef77f7b1f91671c1314ddba39b3c1d1e3a0f7bd,"[""1TsmiGJ1FhXsPI2kBhPonUOfASj53VnpD3""]","[""1jM2C2WghRmUff6aXodetGDm9LlrP1dlak"", ""1TsmiGJ1FhXsPI2kBhPonUOfASj53VnpD3""]",[3.28358564],"[1.63774975, 1.63774975]",0.00808614,P2TR
9ccdd26ede7ca46b2184b9b2c3be0b93debd42dca36c751a8a4a5c1405efcb82,"[""1uMXvlX1djRigGweRPKuu8TBNEtRI3MwPY"", ""1dWnmyQ6fK4e9mOYf0Yh6d5ASExAv4rBjM""]","[""1nV5p7ByT8KG9ssn1bYQrII5jcwiwKoYfy"", ""1i2mEgJZOGRpwLe5mE3eXdI6zwRZqces67""]","[1.56173177, 1.56173177]","[1.55912008, 1.55912008]",0.00522338,P2SH
5d839f723c0fd068bd5815de16726d4b898814a757cdbdbb2e5cfbeb64c094e3,"[""1ExtEpU21D6USsKZpaGv27mMh6gYTlxda9KBx""]","[""1L3Et5lqevu77T0koXg5qo4p7i7CrNroSj""]",[0.03576088],[0.03570673],5.415e-05,P2WPKH
8d301a1fe46680e36cc0b4716594487a1712d264c464f978629204e178541439,"[""1piMDSJoVptujtJzaQUXHtOtRF19fgRxUk"", ""16gyEjsoVpqhWOiTqfeSVzaZLjTXmLtuFb""]","[""1ZdHSDcRoDqQS7PJrK7xnaEx0junNZenxp"", ""1piMDSJoVptujtJzaQUXHtOtRF19fgRxUk""]","[0.08540122, 0.08540122]","[0.08528361, 0.08528361]",0.00023522,P2WSH
33c4da190ee6238bcb873a2aa6414e93ef850e7ce4a8fbb21f3adcb66b7085d4,"[""1MBn3ihTvAXpNpLSr6b02mLlyOWXoxoNe3"", ""1awtx0AHkD9eKan56yrSVAyNHjfe58juKV""]","[""1X87eCr0uIamIsMCKEVm3Vpazov026aO0T"", ""1gGoEd9Sf53GRx8ffiYeJA7oqtXRTtqemW"", ""1awtx0AHkD9eKan56yrSVAyNHjfe58juKV""]","[1.07799091, 1.07799091]","[0.71553989, 0.71553989, 0.71553989]",0.00936216,P2SH
ceef141eead9d620f8c4424cf084c9a8c6aa5f9d5ce60e94c2c79840cbc4c528,"[""1HcogFhemJZQeArbLw83x6sbwsjKgntSUW"", ""1S6xKOjVO779J9NTHh2XLOGtmJ4uX8ot8Q""]","[""1wHuPpUV0lLi1SHqVrv96YUaO961oSnoKI""]","[1.68090402, 1.68090402]",[3.35528919],0.00651885,P2TR
1f7378cd78f58c356750a6bd17e0e9af5b3a2957ccd502c157c4adb8b69b6f0d,"[""1pEugPQViwYUKLorKfgNLc82YlBg6MsDVH"", ""162qi3s9MawTrpaO16KSQ6pMLmBumN1yBT""]","[""1liKxxKcRN1aAuOg4sClbYCJAyZpxuQs82"", ""1V3FAV7ybF5276m8Uiu78tVXCkaj2seomf"", ""1Mjhyqljbm1xGR8nAdAdgw6Sp3laOtrrLA""]","[0.20794439, 0.20794439]","[0.13839948, 0.13839948, 0.13839948]",0.00069033,P2WSH
af6227fafb040bd0cb3a6f80ccba37ada859820e0e3a959e286d1d4f4d978198,"[""1Qh2UVvsjaSS8VFgM0Fmxk754LEgw9YooJ"", ""1Xye4JSnE2NiiUHUAKw9iEU1jjQKxKDpI6""]","[""1iT6TKsZXDlMmlNvf5DeCYSb8i6ZwHgcgJ"", ""1Xye4JSnE2NiiUHUAKw9iEU1jjQKxKDpI6""]","[0.72652969, 0.72652969]","[0.72453744, 0.72453744]",0.0039845,P2WSH
7ccf748e116b7899c38558865e7693d230a847ee589ee48a1ead0c597f258cbb,"[""18uRDr68JjJ4BQT3iIty0BfdNKn6rbHBPf"", ""1ZQsQQfJZaGxEv4gjnl3MZGGIUhCeY5Dtw""]","[""1acvyQg3Wwm46ygqJZ8P3sBdV44OGk2XbN"", ""1mxQcqs6pL6yrvA3y4k6xWhuvL2i5Vl1ha"", ""18uRDr68JjJ4BQT3iIty0BfdNKn6rbHBPf""]","[0.5114327, 0.5114327]","[0.3401763, 0.3401763, 0.3401763]",0.00233651,P2WPKH
fad91b97338577b5324bbbbd74d6ad6a253773d81f9bba54062343fa49138267,"[""1SDtlD9aRmfCfMKeN2valr4ATwV5INmKgn"", ""1mKu44FaqONy9RqdJbSDLCkUOHgwMSRk0f""]","[""1D9UBJAMdsnZKUSwULY92SgnS3v8cpIfuZ"", ""1ZhBSt1r0OTuP33k9SwaPzPdlVjqkcLQzN""]","[0.07909795, 0.07909795]","[0.07884175, 0.07884175]",0.0005124,P2PKH
93215bdda985fbffd558558b6ff68dff5a23f23a1eb018f28356f9d5d7755d72,"[""1brnTP3fAbnFbmOHnKYaXRvj7uff0LYTH8""]","[""1wDK1hpcrAs5jLJZiTwihTC11GKlKM07IA"", ""1brnTP3fAbnFbmOHnKYaXRvj7uff0LYTH8""]",[2.33722907],"[1.16790524, 1.16790524]",0.0014186,P2PKH
f24c55c8356a36dbd5e08ec44a870c28cf39247baab381fb3437b82f831ec796,"[""1VABpAk7Ovyh201LQbqn0zIuPzYAqdEnNc"", ""1ElEiNfGSnAELScQMNovG7202PENLHsn73""]","[""1xm3VFz2zya9dSK5BCyKLnVQO9fQY8es1c"", ""1i6dfr9OT51Ue87JSRPTThN8rSj0iBw5Rg"", ""1ElEiNfGSnAELScQMNovG7202PENLHsn73""]","[1.14421141, 1.14421141]","[0.7595417, 0.7595417, 0.7595417]",0.00979772,P2PKH
bb59f101a666658735a1bef8cbb5579e2af931fe74d3be6e77755679506c7cfc,"[""1ExtEpU21D6USsKZpaGv27mMh6gYTlxda9KBx""]","[""1GPUehEn4ajcbqjCAWpZOVziAQw08r3Pqf""]",[0.02178099],[0.02174],4.099e-05,P2WPKH
7e3afaaa217e97ef5db6f4df9ee5a25a31b2620df253c7c457d702b700fbeea1,"[""1Wx1jwAY4j6nbDqmEjZ0rlLEA0EPvg7RLi"", ""1GEnE7NutMLLGvxQhJDbwp6Q43N3DrvXR3""]","[""1P5NEXunJ5ev4USOW7BoqsgvKl6JhtxTtK"", ""1GEnE7NutMLLGvxQhJDbwp6Q43N3DrvXR3""]","[1.8354695, 1.8354695]","[1.83519766, 1.83519766]",0.00054367,P2WPKH
9ec339696c4df4c9b4392b6366a76c32d4151b7f20baddb39437bf813952e12f,"[""1kgSC2RqbIdQnyxcACka3O72SSmqP7lQY9""]","[""1IT3COGWJZzp6k1hce90h4xsbEUnWUBKVi"", ""1kgSC2RqbIdQnyxcACka3O72SSmqP7lQY9""]",[1.41332346],"[0.70577285, 0.70577285]",0.00177775,P2SH
ed56d6c6ac878e3a5e458e342968ff8d855f028b152815a36f649b656baa3158,"[""1awtx0AHkD9eKan56yrSVAyNHjfe58juKV"", ""1MEFd1kjV3PhTa1acw5l7cXSOnp4tZJhPd"", ""1MBn3ihTvAXpNpLSr6b02mLlyOWXoxoNe3""]","[""1TsmiGJ1FhXsPI2kBhPonUOfASj53VnpD3""]","[1.03331421, 1.03331421, 1.03331421]",[3.09693125],0.00301138,P2SH
23ec6c8accc67b46461d1e75fe9a32feeec5f9a26b303a2bd175a471de146ae7,"[""1w3fll1lETObklyLeep48gGTYLxbZVNcpf"", ""1jOtySWDeJ7rf9lxtAQzXuXOpzEHHYxKAJ"", ""1x2Zgkgg7wMh553LlGLQjPsYvg4P5YSea5""]","[""1kgSC2RqbIdQnyxcACka3O72SSmqP7lQY9"", ""1x2Zgkgg7wMh553LlGLQjPsYvg4P5YSea5""]","[0.50027512, 0.50027512, 0.50027512]","[0.74751502, 0.74751502]",0.00579533,P2WSH
1e5c5a2ae697b25ea85c4f3e62128f49568fa7e19be2eccd6ef3c3d6e79def58,"[""1rgKwrxXCYjrhyJcOOB4vi2CajF1n3GFkj"", ""14Xg2Tx85dpcUBxNbkgBiNImEQnUAGWfb7""]","[""1uY2rEq9EYKA7tpuU4gHeBEYiKVEgwj0NV"", ""1YCoxjWAT9VACiwBbmZCwXUD9UDSnEtoal"", ""1rgKwrxXCYjrhyJcOOB4vi2CajF1n3GFkj""]","[1.46216156, 1.46216156]","[0.9738489, 0.9738489, 0.9738489]",0.00277644,P2SH
ecb57ecff22ca0e77c945a365f71134cf5bf7f19e9d1c8efdef1c5a0bb562da8,"[""1P5NEXunJ5ev4USOW7BoqsgvKl6JhtxTtK""]","[""1Roa9bI75dv01Ysi084pZdi7Rxb7xRPeZ1""]",[3.65338202],[3.64127175],0.01211027,P2PKH
73263244d31b70037c3b8bec5dd2494c8ef55d077e71f7ff2f90c86bbffd09d6,"[""1zJkmM6MuLbSXfR4VIOGwmjH1oX4unT6cb"", ""1piMDSJoVptujtJzaQUXHtOtRF19fgRxUk""]","[""1WtQTzdDKCSvj0K1oWq0D1UiTlRkNDgeCx""]","[2.01224213, 2.01224213]",[4.01402465],0.01045961,P2TR
d87f25812689831417b67ecc1e7643b0de342d1504a4b01eb1d9e9e0af95a0cf,"[""1HEZc2Ig3lraSIWC8bkp1mVnyl8hKWxPxv""]","[""1VpvdAIBgMEVNinGqUcp3aGBmsDPI3icox""]",[4.16151157],[4.1414846],0.02002697,P2WPKH
35d1e2536b87d8fe7521dd2a5831c7258bfb3adc60ec7eafe4ed4bd14d4a3eda,"[""18uRDr68JjJ4BQT3iIty0BfdNKn6rbHBPf"", ""1FmtL64wj0wxrv82fTB9XrX8A3iKfmD19e"", ""17Ufz4zISUilxIcZZsICbaq7ZDO3zEQphr""]","[""1RIjgxJ0n2PvDHYglg7yAydvLnThCH6jnJ"", ""19WdYW8nnbVApkiqf2BAn3ld3A7sm6DHW7"", ""19eUKJ1MDRhFJ0kdt2ikqA4wrG6FVlfUH2""]","[0.52714837, 0.52714837, 0.52714837]","[0.52484104, 0.52484104, 0.52484104]",0.006922,P2TR
dafc90eee6f286f0e291723dfb27f2a3555fc7846aa145b922807ffef7af48c5,"[""1pV4fLHpaUaGGxmXzgAKqHJL9ymIIlID9J"", ""1Wyi1hoW6gFWXMQdyNXZDLfqwLS5yOr7dV""]","[""12ksRqEJvNBNZcZxHnRvYXmRFZXfVqCbhO"", ""1liKxxKcRN1aAuOg4sClbYCJAyZpxuQs82""]","[2.30517642, 2.30517642]","[2.29891537, 2.29891537]",0.01252208,P2WPKH
3dec5d8025ecfa6d22bbc056d3c947f10e2173b301f10057958aa49380e2d823,"[""1IwlHlWukqYF3ykD0oLwWCCSSkLc8irGEU"", ""1Xyi34pySxmi7pjNgxv422esYIc80eutFa"", ""1IT3COGWJZzp6k1hce90h4xsbEUnWUBKVi""]","[""13B7GqQ3yz9tcGvLAC8Xr8EQCj7MPsrXac"", ""1rKdsAOapvr1PVjfq9mKfnDvYNA7gqstIQ"", ""1IwlHlWukqYF3ykD0oLwWCCSSkLc8irGEU""]","[0.67751043, 0.67751043, 0.67751043]","[0.67439271, 0.67439271, 0.67439271]",0.00935317,P2WPKH
7a744e098edc6ebfbac6e1150da9582c26798f07b18e04a3e163de24006f5232,"[""1ExtEpU21D6USsKZpaGv27mMh6gYTlxda9KBx""]","[""1thCfcXAeZCUgU2aBDpF8wBGADXAEQLjZI""]",[0.01323374],[0.01316271],7.103e-05,P2WPKH
ecca5d32108a10c7d758d45627570305c9310c9360db3b0e1623fb94c836a4c2,"[""1ExtEpU21D6USsKZpaGv27mMh6gYTlxda9KBx""]","[""1pmhlQoEeCVnJObgHida9xiDXyZBQhAqDj""]",[0.04429022],[0.04419575],9.447e-05,P2WPKH
f21592448377a1592f1c23aeb4a188cbed0d81b9eae135d3968e31771ec4bdf5,"[""1zgdSu8Yr87EmyhmbAv1PBRKEmIu9XWLjY""]","[""1TyBKFnryifJdyfFViiIEOmMTpeWu5fPAv"", ""1TSXkZQJ4KsTJedVvYz11oOLaWxscHjFnd"", ""1zgdSu8Yr87EmyhmbAv1PBRKEmIu9XWLjY""]",[1.91222517],"[0.63732657, 0.63732657, 0.63732657]",0.00024547,P2PKH
70938364f7979951da210841b349357f3bd578e72001b037612b4e384ed7d3f1,"[""1PeelCf8AIw4ixVrCWPr90rpeUloRZAPADJdAN""]","[""1PeelgPdaopT0kbfHDDMvn1UrinoMih2EBlCwP"", ""1Peelc9OG2lg5GAcSloZSHHFsYaUPC3M2VpPXt""]",[27.73377582],"[0.23658451, 27.4969632]",0.00022811,P2PKH
555b1a5cf9fc59d2b96834c8581562e8f5c47de0b5abcbacb59a74574ddd8c1c,"[""1fdXIJoqyNAbPHNMUKRe5gWsfVByODHiyX""]","[""1Z3bdAMhnpvwc2qjQFPR5BC0ggLW6ZcgN1"", ""1aNS80TKIsEEKLQYESGAtd3zDE6vRbrlvo"", ""1fdXIJoqyNAbPHNMUKRe5gWsfVByODHiyX""]",[3.77507372],"[1.25493099, 1.25493099, 1.25493099]",0.01028076,P2WPKH
1940aa131b68809f92dbff8d0d48ee68eddb0e71b930ee068aa756a9ef18a8fc,"[""1BC7D0nd6rLtdlVr1hNjMdhcQ1JcSdSqpQ""]","[""1bweeJYjlUURszuWRrj2bUFaZQ2IZ4FRAj"", ""1BC7D0nd6rLtdlVr1hNjMdhcQ1JcSdSqpQ""]",[3.31695452],"[1.65202704, 1.65202704]",0.01290044,P2WPKH
1a94dfc7f291bcc589c78ec655ca860fda335790dfef6935d7936deca85beb43,"[""1o78QUijJJ2jT6cVoqoPGXy42cOg8NqTJJ""]","[""1kgSC2RqbIdQnyxcACka3O72SSmqP7lQY9"", ""1egabdaraBT7gwO8TxrOschiC584hN7X25"", ""1sNs271O7a2icJyHfnTTn40ilMphPJdU9I""]",[1.57846709],"[0.52450348, 0.52450348, 0.52450348]",0.00495665,P2WPKH
5d010cdcb04d07bb51567918349d6f43a6cf2e1534a04312b37bb489eb961595,"[""1NFq25RBDjltQlME6TpzjpjzB4As2uFFhN""]","[""3MixkewKB8zaHTthIBs8oBmBGvBsUQvOwhhNH""]",[0.48171259],[0.48160487],0.00010772,P2SH
fb4205ce0bb779c0d14be3952059337cab70354c8a9db34970ee3e19e1b2deed,"[""1ExtEpU21D6USsKZpaGv27mMh6gYTlxda9KBx""]","[""10F4d4EcTkkPxFbHeBiNgLW9BncdnIaH02""]",[0.01450055],[0.01440697],9.358e-05,P2WPKH
59aceaa4b0aed0aabfb7967b3811d00aed347b92838ec6c1697472d387a5f4be,"[""1avcmNIlgs0GxK9EE09nBNB6NjawFTkwm7""]","[""1h6CpwL7SWktJ5J4x6mKZpRsQXXJcHPeOa"", ""1AEAw3CjkGOM5WCZKtp5rBUJPuEuEvqrK2"", ""1avcmNIlgs0GxK9EE09nBNB6NjawFTkwm7""]",[2.01401753],"[0.67123718, 0.67123718, 0.67123718]",0.00030599,P2SH
e856d8bb82d7755426eeddfbd21d0ac37243b7e47b94a1dc1a6d0dd15fe1dc14,"[""1brnTP3fAbnFbmOHnKYaXRvj7uff0LYTH8""]","[""1P5NEXunJ5ev4USOW7BoqsgvKl6JhtxTtK""]",[1.39411654],[1.39168798],0.00242856,P2TR
484d7904493ee2201a6f2ee54d0f3f65249663a72a757d1d75ebc404122fde30,"[""159yE6752aJg8r9HE60DlgkCplTXJUk13Z"", ""1iMKpPGNdzSgVaI5z52Dm7tO4fJHS64k2k"", ""1LlpIn8srmRtv5XqhPx8Y7XsrSvBpDmH5R""]","[""1S3x27QIOeSbJwbBBABvq4qjnKGGmcxcoR"", ""159yE6752aJg8r9HE60DlgkCplTXJUk13Z""]","[0.05885983, 0.05885983, 0.05885983]","[0.08786391, 0.08786391]",0.00085166,P2TR
906cef9f0dbbd0ccd8af82ff314f5ad81070dec322cfa104d3aaeea30bbcf09f,"[""1VLqJooQwQDFLSx0EilbVaqzU9Ue591EuC""]","[""13o1mz9eQ8BiTngp4z9N33f5LfpLU6oDrk""]",[4.67392183],[4.65293933],0.0209825,P2WSH
32b982a9602e9a26bd06a153fea76691e60149366f6ec323fbc6c1e381c323be,"[""1n7QNlf1P0ARq1WDuUin8nQj75FNUs9v91"", ""1fSKntHwlDaipAjaMOfTft6JUA6zGOzJGn""]","[""1E6ja3amndbGpsSzogaGJW9hhXb70xUMYi"", ""1f2tPIwqFV7t8lq0awuozbt6LpKR1Ajddi"", ""1kEEeLViOPb7R7HDHv066Q3RthfVul7PWN""]","[1.78321395, 1.78321395]","[1.18662838, 1.18662838, 1.18662838]",0.00654277,P2PKH
9e860afa8ff7d3d2625adfe589f319c045ddc40b6518059ebce08b187939c24a,"[""1miHX1tRGi98i54tI6ht2TV2zzB535qWgl"", ""1VLqJooQwQDFLSx0EilbVaqzU9Ue591EuC""]","[""1Hk2qIL62GFJvnTRxFlNydZU9Vmrs5OY1J"", ""1VLqJooQwQDFLSx0EilbVaqzU9Ue591EuC""]","[0.99568877, 0.99568877]","[0.99087377, 0.99087377]",0.00962999,P2TR
d021e19dcdbbdb87a9398de2fb96aff172f2f389652bd6699d7f640b8a3ca463,"[""1v62AFRVdHM479uM37wVpxJjwed7JJNyA4""]","[""1bEOacyjuyaRVDzTYeoxQWhH9usd9Ow0v0"", ""1VGQ9taaezGQvSpcMdK3nLh7fLxVOXlgls""]",[3.83839111],"[1.91486606, 1.91486606]",0.008659,P2PKH
236975d897b9df5652a2481a30d9af5e3811f70bcf2ef8f5c2a44b93a1578a11,"[""1AWLZSy6JHNRcgC22pH8cyV7lB2Vrks4Q4""]","[""16gyEjsoVpqhWOiTqfeSVzaZLjTXmLtuFb"", ""1qmqODsf7ID4HpbEyxHgn8yowINuY8fk1E"", ""1COfFlK3HyubC332fuOSkTfRNfRT8LjIck""]",[1.29178179],"[0.42881059, 0.42881059, 0.42881059]",0.00535003,P2TR
582c6b4e8f756ab7bed0d036c4529990d3b680a3368466b64618acad7303b6c9,"[""1ses0RPxkkqUQyjBIZ9BAiB3Qi61R6mI5D""]","[""108twQXGLnyHCi6ZECLjPXRLt9h9RDZERx"", ""1WtQTzdDKCSvj0K1oWq0D1UiTlRkNDgeCx""]",[3.61730155],"[1.80648234, 1.80648234]",0.00433687,P2WSH
15dcd5018ff39c50eae15a5c33dfac83ef236e5fa3d2da06f95d9dcffc9e927a,"[""1LQKYuNdniKUYUOCsMBm2sXQ46S49KLF00""]","[""1VeWSt04B2lDCuQRpUbhzyEcG4FbBbFXWE"", ""1LQKYuNdniKUYUOCsMBm2sXQ46S49KLF00""]",[3.51525016],"[1.75658916, 1.75658916]",0.00207184,P2WPKH
88729336f0680d66edf4ddc9eff65300847a9f1d9535c953b83680387283aa53,"[""10OPk9pkjI7ozlNAbMmKyRmUYdg2luCq1G""]","[""1wF5JBFBakYqcDDf00xfKfOfj3PKXLA4jT"", ""10OPk9pkjI7ozlNAbMmKyRmUYdg2luCq1G""]",[1.68401387],"[0.83801019, 0.83801019]",0.0079935,P2SH
1a93309ea0b33280b7d9886dbd291ee6be49cec5cd60f7fb286480052e4ea2fe,"[""1PmTKeUiDj888yjzKpvo6iyTKPmiruNGGV"", ""1GWIGcHHR9kjQN1o5SH7Amd8yyGADtSseR""]","[""1XRByQkNzM5t5q6Q93Pl3W3w7a1VRdtu15"", ""1n2XwpVZu4Ad18AUBKnSpsHmskXx848s4H"", ""1v2VCf1VqWAbHf8ZhShvCI678lY2FiQWmU""]","[1.1829673, 1.1829673]","[0.78584823, 0.78584823, 0.78584823]",0.0083899,P2WPKH
8ede7ed0fb7ab7786f9f6119a394ca740915979185f7da2156db7c8ee74e6d5d,"[""1ExtEpU21D6USsKZpaGv27mMh6gYTlxda9KBx""]","[""1sSHWXHmN9BTohnmdpqk0tb12atowOFimq""]",[0.03680677],[0.03673007],7.67e-05,P2WPKH
2d48600378c00763e7eb3dc9f55f667f67b8baf509880daf61f8d4cbf6b80505,"[""1EblLusMVOGECsEFHYHbV92hB0BckOW2kA""]","[""1kpWbyQXNfhPLVHejp1AtuKr2FleGKAbzq""]",[3.04739189],[3.04540765],0.00198424,P2WPKH
cc3c96577c95332a7a61d5a7d470bc9318dfb686e54c0579bcd32808b2dab618,"[""1qXmVHtyvY01uMTZoZgSNtElxqRvX3U7ug""]","[""1v62AFRVdHM479uM37wVpxJjwed7JJNyA4""]",[2.18022133],[2.17886339],0.00135794,P2TR
9e833e7c633b430ebe51801b1f6c904f4e80ea276e98cc5c5a78993730b51e72,"[""1JjNcJdql7LIbSPrfB91kZLXYlOqSvCKox""]","[""1rutoDz5PPTsR3Owyvd0XyYC7W1BYURO7U""]",[4.04857957],[4.03403134],0.01454823,P2WSH
d5e1492de52d13fa310f3ae3c68577abf39c8de57b32ba85028bf837c1cfe56d,"[""1VhnMIeO46NrMBUQLv9C5jHwiNk792wbXi"", ""1CSHoy0v6AzTBywuySmnlm2OM3HVzNnigO"", ""1Wfa1d0t3mjn0w4KZDRrgI3jzHMjID8Q48""]","[""1X87eCr0uIamIsMCKEVm3Vpazov026aO0T""]","[0.16323585, 0.16323585, 0.16323585]",[0.48802245],0.0016851,P2PKH
f3a946c9b3d1736721bf3abf6e635d5e31eeec04cd371ecc1e281e1addefeec1,"[""1hpSbGVFFEsOtff8VHMnNnQZmZ2TAYeQbS"", ""1sWIeRG7GWjHzv2Pus6MDIUOhvoN4pc2xX""]","[""1ljMuCOZW6Pepi7EXcd8D0OUK0fO4IRGUN"", ""1sXJxekNEH8gQjxkB0VFYBM53Xh55gQKkg"", ""1m11BnNRwKTmSlB8e7Thcrqj0aC6c5LVM0""]","[0.40059666, 0.40059666]","[0.26575911, 0.26575911, 0.26575911]",0.00391599,P2TR
64445ee69a43c24990f3c84e8d7a1640673943573287c1d87695a568ea4312e5,"[""171imARDL6KFQraidyYG42CJTr2CRSsMYk"", ""1SCXtlVRmBIxJh6aYZvzQzWHubW5j7uNLL"", ""1p3TC4lJy6o1qMs4RSnE9I9egVuBpFCeRU""]","[""1Rx0rliJogqoAxj7jXkE90GSWsIJyQdYDN"", ""1tsqNqB1wK7zlbTP6Rekgd2IbyVfqjO2tp"", ""118myHlgJB3fgIbQEle7roOedGk1zjgHDe""]","[0.78146657, 0.78146657, 0.78146657]","[0.78131771, 0.78131771, 0.78131771]",0.00044657,P2SH
019c688d01c3b8d439d6d91e2a62c9a215a31b17519677ea45fef87ff4bee1c9,"[""17Ufz4zISUilxIcZZsICbaq7ZDO3zEQphr""]","[""18PAfaO4sff09nrYHgM5KVDGaVVAHsiHJM""]",[0.58460185],[0.58392844],0.00067341,P2SH
f40ce334fe6f57b474f7ecbd327dc4dd6871a27a39e71de77c7fe25d13da7346,"[""12ZA7Eo0cwLCDkOxIjTvkyCvsYUEHwAL2u""]","[""1lQ9QHpIC6N6d6A9qQCwV2nrABamfJbT8A""]",[2.45718673],[2.45634805],0.00083868,P2SH
773153930c7e7b4e9820fd16fcf9ea826035fe313329ffba880e8a2ac7ce1e4b,"[""186eNwXQ7iLWceWwxJLQ6xVJGyOphTExIq"", ""1W1uhw3U3x8EE5GXTeLYHteOtLAQvc1v9r""]","[""10OPk9pkjI7ozlNAbMmKyRmUYdg2luCq1G"", ""10rVq4jB6nBvbdFo9xb50OXirZRiRBaepZ""]","[0.26340046, 0.26340046]","[0.26294066, 0.26294066]",0.00091962,P2TR
8e95b9df355ea2547e5db968f30afb07ae93761abc1bca1c559e8def2172ccae,"[""1hU6BJavoUKS6P0osPYJixTgGlWCjAzfAi"", ""16BVSGeuyVAyc5jJ88X28z2R2StvZ3LjzN""]","[""10rVq4jB6nBvbdFo9xb50OXirZRiRBaepZ"", ""16BVSGeuyVAyc5jJ88X28z2R2StvZ3LjzN""]","[0.32114205, 0.32114205]","[0.32086307, 0.32086307]",0.00055795,P2WSH
edd8ac27d2dcbe55dd01e089f7550bea5bb0da03318d806acbbc4df28c021c95,"[""1UaPFL4y9h8ymflLZZb6xdOeNeTdzkNmKB"", ""1fGjWJNJjJsV3JX173g0YnWWAI7dMbIjNC""]","[""1wIdRYw11oRytxxHPDlx50j9PieaSEB9fN"", ""1HjOfIJvN5nIYgZ2VYtu5h0WyjKV0q30Zk""]","[2.103802, 2.103802]","[2.09814881, 2.09814881]",0.01130638,P2WPKH
a154070fd05e8663a13f8e5f6d909d9ff2f710b7e5da59a06e39d4ce71b0999e,"[""1FX4jvD2tuVg8G9mcy1htc02u3gVUbVNnm"", ""1QIbJu4Xej0vxHkLlhWt1Sqf2xZsGkxcmf""]","[""1p6AwyRsymAKDMcEbtbR1xHgQMv8EbcE4D"", ""1vXnNQpesIVhuyJ7ZmZ5DDcijC13CY5dGJ""]","[1.48925249, 1.48925249]","[1.48744608, 1.48744608]",0.00361283,P2WPKH
a5375ee96a76089895f5753f0f1fdd5e93c260c437b55397398517e0af538800,"[""1E5UKGVTTMyHTs9661HDppd5Y8FQphgZ7f"", ""1E6ja3amndbGpsSzogaGJW9hhXb70xUMYi"", ""12SYRHfF5OFKV8j3iGFequio4Nlt6n9bsj""]","[""18YGPI5g2q3UjrnvQ0Fp4dNZcui8kBRIg6"", ""1QjcwIAcw58cwQPvI28U5okXkzl5WzPTpj"", ""1f2tPIwqFV7t8lq0awuozbt6LpKR1Ajddi""]","[1.03587221, 1.03587221, 1.03587221]","[1.03202102, 1.03202102, 1.03202102]",0.01155356,P2TR
2107204ca90f7f26924c186377509474e95493db4b3189383a0c3844fdd4e0c3,"[""1AuBu25jmGjXabuJgmabmzBTh3WwYBAWLv"", ""1YpUkNne44TIqEonS6ihse8KT9VfS7Pidx""]","[""18YhA9A9MZp44eyyurC2WMGAzjKV65IgrH"", ""1vzxELcriLRc3uoU53bYsrERg1i8BZqzOl"", ""1AuBu25jmGjXabuJgmabmzBTh3WwYBAWLv""]","[0.86489467, 0.86489467]","[0.57631353, 0.57631353, 0.57631353]",0.00084875,P2TR
57268a3c6ebfadf77e9a9823e79c5333b0b98d38c400a4c62044f83fbf20b068,"[""1xxK3ep8nzYvX3a2BoFrjjLYOzuhPDKOzp""]","[""1TWxYA4hkrbRau0M6FYlyiWxxsBg5a1roW""]",[4.25990713],[4.24723084],0.01267629,P2PKH
c713ed34a9b27be61f7a15ab1468097abbfa3d588e7ee7e28ff6584046a66128,"[""10rVq4jB6nBvbdFo9xb50OXirZRiRBaepZ"", ""1ITGgrscAXCg4KbFpiAMozPf8eGF9IyDN8"", ""1pbWvTMVTucHYkWCRNYdWCscmc5F9HpUlw""]","[""175r9HASVq7C9o4rQr9VsJcrqpOVatOZ0B"", ""1Ks7d0xbxBnxOHObV64UuZqUnbSM1W5UYI"", ""1W1uhw3U3x8EE5GXTeLYHteOtLAQvc1v9r""]","[1.24607314, 1.24607314, 1.24607314]","[1.242438, 1.242438, 1.242438]",0.01090542,P2TR
97c50c80b23107e7a9620b9a020f847bb51c08301844408644b67ae496d414e3,"[""1Z3bdAMhnpvwc2qjQFPR5BC0ggLW6ZcgN1"", ""14jsBFTgOui0BzVpYvFfxUwPjUAoXzzC0X"", ""1aNS80TKIsEEKLQYESGAtd3zDE6vRbrlvo""]","[""134o3QJq5QrHOl0amiYY5sIJ0PHxTXQeUv"", ""14jsBFTgOui0BzVpYvFfxUwPjUAoXzzC0X""]","[0.12929741, 0.12929741, 0.12929741]","[0.19314883, 0.19314883]",0.00159457,P2TR
b9dc9840267a6ed5762af20f8a2fc30b5c8e237add56ce5ee663816cf16457d3,"[""1G8hnMnlUI0YDtNZkXOmgeL0brHeLUtINc""]","[""1kB8cAkXEUHysAs5PGMxOiGmMSGpC65S0i"", ""1G8hnMnlUI0YDtNZkXOmgeL0brHeLUtINc""]",[0.24926074],"[0.12456441, 0.12456441]",0.00013191,P2WPKH
14638539d4c84f68d0c8a8931d8b588e7c90931469fde3dda124b6febec8636c,"[""1ExtEpU21D6USsKZpaGv27mMh6gYTlxda9KBx""]","[""1Eb7UDPPDX0DmGtqjggHhhHBBYARydLKL3""]",[0.00994543],[0.00985673],8.87e-05,P2WPKH
c3689d3e70dfb8abbac5467507183b957f2c96c705dc941ad3ba31dbe72d3adf,"[""17t0qv7f9HktgQZPlCayzY55W71re522zH"", ""1efb46SaTAu7VT8qxc2O38znNx7gfowSX8""]","[""12BGCSzOjD8uQO001xtSV2ceN59UAgN2BR"", ""14cXsxjGJXke1Mo4iCppaX3QjBvKNAp0mx""]","[1.41595356, 1.41595356]","[1.41155495, 1.41155495]",0.00879722,P2WSH
758149b21c5c4feb6894b223c5197ee76a936c0bc767e27f491e24eb5924dc60,"[""1VeWSt04B2lDCuQRpUbhzyEcG4FbBbFXWE""]","[""1GXkHYTldmi0asfxafpqjSCbkDGfCW3DtU"", ""1JNTJ8WGX0f5L9UVArB2TOeOvGQYAbJaZb""]",[3.70789155],"[1.84893183, 1.84893183]",0.01002789,P2TR
86b6b48dfbe344aec70e80d4f31ef1f6962def41d94e861e72330be861dd519b,"[""1NxPDM6uLONCROhcc9hoHyx6RHKT2OZM6r"", ""1QnBow8w3Ndr86ZfnN8du9WmZIKYoWWKr9"", ""14uzmW2wFqk467s1XDeUnPPy0IfyqhwUqx""]","[""1brnTP3fAbnFbmOHnKYaXRvj7uff0LYTH8"", ""1gxwsRbZya1W84UZ3WoXnlpUVQigMcWcwi""]","[0.60348857, 0.60348857, 0.60348857]","[0.90137548, 0.90137548]",0.00771476,P2WPKH
9be5d12085248b2ddae6dcf2e44d5e292930a669b802c771c6434586ef4c3f0e,"[""1CSHoy0v6AzTBywuySmnlm2OM3HVzNnigO""]","[""1poOnapbLZzIJz0KM38UR8Xqw36tw7i19p"", ""1sZWMdnIjxGlBRxPqUIjyWmzD1i5t5LT2P""]",[3.52013899],"[1.75687491, 1.75687491]",0.00638917,P2SH
c36a8fca9073709eceb7b05c886f4fa8f292b58af85f9eb2ab302f79ab48e954,"[""1tJJr5shO1giLp2d8zoxX2w6t4KHJ9jlRK""]","[""3MixkewKB8zaHTthIBs8oBmBGvBsUQvOwhhNH""]",[0.48796697],[0.48783817],0.0001288,P2SH
be8cbca7a7be8948736b907364f05478bfc85f0f033664beb4e5d3285c41d9fb,"[""1Roa9bI75dv01Ysi084pZdi7Rxb7xRPeZ1"", ""1bweeJYjlUURszuWRrj2bUFaZQ2IZ4FRAj""]","[""174nzkgAu0esIi3uw7W1Ht6qhSCUEkypbu"", ""1IqijJcifY1TxOogd1S7OkCnBSnIKlZblj"", ""1Roa9bI75dv01Ysi084pZdi7Rxb7xRPeZ1""]","[1.50050745, 1.50050745]","[0.99970988, 0.99970988, 0.99970988]",0.00188525,P2TR
4cf8c44fc6df10fac07cd3bddc759d999101aa4c246f477c179a17d69a6d9f66,"[""1hU6BJavoUKS6P0osPYJixTgGlWCjAzfAi"", ""13MMBvYOW2fHyS2GHnFtvNb3HqZsAFT0qF"", ""16BVSGeuyVAyc5jJ88X28z2R2StvZ3LjzN""]","[""1kTE6I5NBldlDkCh3EB9ICgSjvmrZUYIPn"", ""1xAmnZTllXb8oBpKOfD28ynxALeId5DvLP"", ""1hU6BJavoUKS6P0osPYJixTgGlWCjAzfAi""]","[1.05304138, 1.05304138, 1.05304138]","[1.04899046, 1.04899046, 1.04899046]",0.01215276,P2TR
4f442015cd98971554bcf9db9cd2c37d5a1ff02cf0c1a049c4c7eaeeda4fba48,"[""1VABpAk7Ovyh201LQbqn0zIuPzYAqdEnNc"", ""1ElEiNfGSnAELScQMNovG7202PENLHsn73""]","[""1brnTP3fAbnFbmOHnKYaXRvj7uff0LYTH8"", ""1ElEiNfGSnAELScQMNovG7202PENLHsn73""]","[1.1932965, 1.1932965]","[1.1915105, 1.1915105]",0.00357201,P2PKH
29d351b66181184b5bc4398b8ff72450b08097cc5894310aea71911fd561e5aa,"[""1kgSC2RqbIdQnyxcACka3O72SSmqP7lQY9""]","[""19IiRghzekNuIr1y2dLnqzdhpiff24m4J9"", ""1kgSC2RqbIdQnyxcACka3O72SSmqP7lQY9""]",[4.33783961],"[2.16769548, 2.16769548]",0.00244865,P2TR
e7eb4bebdf88b63a7542231f1ce215f0834155e41cbef77ae3c9910c73b94681,"[""1iLNtD3hOwMSDU0mni6nffz2golOu8PGJ2"", ""17UYl2gkEsM4qtWu3c24cxLGja3f9gD81H"", ""1ViAOJ5c4xcmlicXktJDvMYJCnMHhrV5u3""]","[""1LQKYuNdniKUYUOCsMBm2sXQ46S49KLF00"", ""1ViAOJ5c4xcmlicXktJDvMYJCnMHhrV5u3""]","[1.14952585, 1.14952585, 1.14952585]","[1.71725196, 1.71725196]",0.01407363,P2WSH
33f2a5319469cbef6fd9da0c7a13a1460f8ff6554c7ba8776cefc7d56d530cd7,"[""1zoTiTKkwOc2pHd9PObQzxHDjRNsPPqLiZ"", ""1RJlTnHW4PF002lghqYVlQufwUtWuqs0D1"", ""1K6e3F1xsd0imzJ4CtSWENkNaqVkVEVfMN""]","[""126h6b10mdBmVKh8FJGkm6Tw9znfFDF6bx"", ""1tj1KVHOmY53SJljtgH6chve15Omk9o5Vb""]","[0.13815091, 0.13815091, 0.13815091]","[0.2067056, 0.2067056]",0.00104152,P2TR
b72af81901f2b6196600df5be44c6c81a02a4fb7ffbfb4c975ef23db848d017d,"[""1TsmiGJ1FhXsPI2kBhPonUOfASj53VnpD3""]","[""1fdXIJoqyNAbPHNMUKRe5gWsfVByODHiyX""]",[4.98406769],[4.97274884],0.01131885,P2WSH
a84a26dd87191329ed4bd06d9cad414ec0e02fbbf8622045ada7cdff2cb20c63,"[""1ZdHSDcRoDqQS7PJrK7xnaEx0junNZenxp"", ""17OQqNMbr7EVR0CI5RKwboUeay7M8VaQJa"", ""1v62AFRVdHM479uM37wVpxJjwed7JJNyA4""]","[""134o3QJq5QrHOl0amiYY5sIJ0PHxTXQeUv""]","[1.43674215, 1.43674215, 1.43674215]",[4.30286262],0.00736382,P2WPKH
37e551f57d98bb0e8b74d9f5e222e0dcd3a54e48caf991cf7ac7e89a54acb051,"[""1VLqJooQwQDFLSx0EilbVaqzU9Ue591EuC""]","[""1BC7D0nd6rLtdlVr1hNjMdhcQ1JcSdSqpQ"", ""1VLqJooQwQDFLSx0EilbVaqzU9Ue591EuC""]",[0.87832631],"[0.43770762, 0.43770762]",0.00291107,P2WPKH
97268c172dfd4b3b3bb8a37e25f025b4b732bacf5c9972a06d5d9857619b9fba,"[""1iT6TKsZXDlMmlNvf5DeCYSb8i6ZwHgcgJ""]","[""1k7Gdp0CXP9K63LSFZH3UDqpNVGMrerqtH"", ""1ioRRdzHzmA4KR1VxavU07zUHLnnBbuQzk"", ""1iT6TKsZXDlMmlNvf5DeCYSb8i6ZwHgcgJ""]",[1.38111481],"[0.4594151, 0.4594151, 0.4594151]",0.0028695,P2WPKH
1ea620f1cd6714e016cc08831bb51421fdc74b1dcf0695a177d5d7d5fc9e3b01,"[""1hG2KYfvJrqgctUlXQWI2yKqQSOiJq4NwW"", ""1imNqNOSIOFkYtWx7pqGQzuf4WjXqg8n7W"", ""1c64sHiEt49LFQPcci1niIKrTAIqOkC6P6""]","[""1tSJsSPjXhL1po0KjawF1GD38NKFGx5O1D"", ""1ExPenmjLThmEJNaUYW3TwcM7Fq70HeXBG""]","[0.71050828, 0.71050828, 0.71050828]","[1.06552584, 1.06552584]",0.00047316,P2WPKH
02460b893548262feb77a30a4a7b4b34b8fae5b709f762d2e35bba9d90365556,"[""1QIbJu4Xej0vxHkLlhWt1Sqf2xZsGkxcmf""]","[""1uY2rEq9EYKA7tpuU4gHeBEYiKVEgwj0NV"", ""1QIbJu4Xej0vxHkLlhWt1Sqf2xZsGkxcmf""]",[1.7848019],"[0.88909536, 0.88909536]",0.00661119,P2PKH
ac28c41ddb7ed3010a33ce077c50277b6001c33ebf677714dd4de5c9c8eb0568,"[""1tIhCZf5f4lftMbkaNC26tQ61UTtxrrJzZ""]","[""18EMK9wpF84btkORq9uq9OOub25aJsmDyR"", ""14gc2DDVK9wBJBbEPvvfwkMP4g57mNsXWv"", ""1tIhCZf5f4lftMbkaNC26tQ61UTtxrrJzZ""]",[1.7109983],"[0.56760929, 0.56760929, 0.56760929]",0.00817044,P2WSH
22c0cd384e15355d448f2277e1a126c4574640e25fb7e152171c5252bfa2fc8f,"[""1rutoDz5PPTsR3Owyvd0XyYC7W1BYURO7U""]","[""16LclE6MWvaohGfwVHnVOrmXQ8DkPcNrAu"", ""1iZXVKuhizRIB5cg0LWaEalfO2zYVQmNGz""]",[2.88368903],"[1.44042067, 1.44042067]",0.00284768,P2SH
81733df3245aeaec77365cffa58fdd2d1cdd9ad5a21a55f0c2dd201876abbb93,"[""1zl262n65OM48mRkyAqfw6hSA5CPhSl1Wr""]","[""1HcogFhemJZQeArbLw83x6sbwsjKgntSUW""]",[0.13423482],[0.13385021],0.00038461,P2TR
8458d946e223d658987c5ed10a86994a225129eeef3e541a93ef2ac5f2739e6d,"[""1mY3wzHelT4NEZJDvMIieAxeeWshoLun65""]","[""1TGlwR4g63SemmNa5mQ5aoYZ99ZxZcipP2"", ""1AJ1Mm2TqQzzr3YELMyRBPnNh3Elu6pQ5y""]",[3.46742488],"[1.73305664, 1.73305664]",0.00131161,P2WSH
0b166dd2a64b41b7f5bd89033b2f56ee7e80de3bb5c386c55ab83641aafd57f9,"[""1lIhGNxJ0L7TM4maon5MiDae8iYADsVoyV"", ""1RwZteLnkNriBBRph3Ol11VvAM25lx59mw""]","[""1vggcfYxmUfTpbRdL6AZoiSNFddk9mKIKL"", ""1mKu44FaqONy9RqdJbSDLCkUOHgwMSRk0f""]","[1.37684609, 1.37684609]","[1.3724072, 1.3724072]",0.00887778,P2WSH
41d8fba49e901bed9a99fed26939feb4e687f7ed64ba58130ccf7adf9f993bda,"[""12BGCSzOjD8uQO001xtSV2ceN59UAgN2BR"", ""14cXsxjGJXke1Mo4iCppaX3QjBvKNAp0mx""]","[""19IiRghzekNuIr1y2dLnqzdhpiff24m4J9""]","[1.35450752, 1.35450752]",[2.70176016],0.00725488,P2SH
d42ff92c851657c5215ad8ea386726b52126274c3c7d43699dd1152bd9ee1e09,"[""1iLNtD3hOwMSDU0mni6nffz2golOu8PGJ2""]","[""1rQ75CU9I8B11fKKAkc7oP2X2iwGeCCbKa"", ""17UYl2gkEsM4qtWu3c24cxLGja3f9gD81H""]",[3.95536343],"[1.96881522, 1.96881522]",0.01773299,P2WSH
560768f2f004b70d5ee3c5be79ad955c5bcba21efd40ce6ab935953c3e472748,"[""1c9yoUf0fueXDnXOsXAHmyMCVlbR1Jn7UC"", ""1SEgPOQJD0FyE8Mv8tbcZvUb3vgvwvOpOK"", ""14esubuC1J3qRK9xyJYgPuFVvMwBE0W0Hr""]","[""1ude7xyl71f0kWrUOhEAXtQiPZFE2DIAUY"", ""1c9yoUf0fueXDnXOsXAHmyMCVlbR1Jn7UC""]","[0.1635029, 0.1635029, 0.1635029]","[0.24473464, 0.24473464]",0.00103941,P2WSH
1e3701049db58659d476bdb4b7928c089b965535418333b906d77fcff70998ff,"[""1WtQTzdDKCSvj0K1oWq0D1UiTlRkNDgeCx"", ""1ses0RPxkkqUQyjBIZ9BAiB3Qi61R6mI5D""]","[""1OeC9VQPVpWrdy9qYle8myOgHAMgBqceTW"", ""1WtQTzdDKCSvj0K1oWq0D1UiTlRkNDgeCx""]","[1.09299704, 1.09299704]","[1.08869648, 1.08869648]",0.00860111,P2WPKH
c5cd96a916422be3cc1dc94c4c5dd22bf2dd50eb1c2cc45d3f4a58b329e8cca2,"[""1RaMxQGsURLJmQMu5F4wdxCcwORIViuHOT"", ""10jr7MjHlkR4Xjh9JBwmRP8jB8Hhb5V65j"", ""1U2RUVt3FAdxCFZDGZ3CwPQ82l2fyl7ekg""]","[""1Q0N7HE96MT5jotYfLQqmvoi7968lwdGnq"", ""1U2RUVt3FAdxCFZDGZ3CwPQ82l2fyl7ekg""]","[0.03886134, 0.03886134, 0.03886134]","[0.05805585, 0.05805585]",0.00047233,P2WSH
ede5680c18cb788e438319492b116ede0fcb6381f6acc554f42d429af10ee046,"[""19p53chDAToKUIyAp8OgJuLxabOJYs8pc5"", ""1NVurgNLv5a5A1hjlVC7DOtiteber8f40Y"", ""19Qq31MAzuBkY5t1EBHbB7V7lFLApWqzxi""]","[""1RIjgxJ0n2PvDHYglg7yAydvLnThCH6jnJ"", ""19Qq31MAzuBkY5t1EBHbB7V7lFLApWqzxi""]","[0.69288833, 0.69288833, 0.69288833]","[1.03692451, 1.03692451]",0.00481597,P2PKH
c135f5b84301c95413a7097fa4dbb0feaf4dd16142347c2d97ab9b3ea8f8fea0,"[""15WoWi8EAqNTMIStulPk0i1ghFEMBd4GNw""]","[""1FmtL64wj0wxrv82fTB9XrX8A3iKfmD19e""]",[2.16996364],[2.16646598],0.00349766,P2PKH
bdae2b022e75a8731638a1d24c0bc1fcb6a25751af98ef8ee3c465cd8d770efa,"[""1miHX1tRGi98i54tI6ht2TV2zzB535qWgl"", ""1VLqJooQwQDFLSx0EilbVaqzU9Ue591EuC""]","[""1mY3wzHelT4NEZJDvMIieAxeeWshoLun65"", ""1miHX1tRGi98i54tI6ht2TV2zzB535qWgl""]","[1.21986014, 1.21986014]","[1.21596044, 1.21596044]",0.00779938,P2WPKH
7e3b884d39875f305772a5da90825555ceb0d732ae619c46ffca6dcccb6708bf,"[""18uzUEHGNyjZYBh4qoNId0ncnoj1FuUPbV"", ""1zlcXU2mJUZP2YwdMJ2pFtnluESSCyU5DK""]","[""1HrJghZ26IEh9DgoZlVXoMBiLc5VlntJ6v"", ""165vmNyjsdlmOB2epGIi7dQzHMk5wigoxI""]","[1.837034, 1.837034]","[1.83455514, 1.83455514]",0.00495771,P2SH
808c38dcfccf9918927ee772b4e7cce6d31bc160c7e5af4452ed5b40479267e3,"[""1VrmI7OsygQE2Blcb9oyXNE7Y7bvuSznOG"", ""1bEOacyjuyaRVDzTYeoxQWhH9usd9Ow0v0""]","[""1TGlwR4g63SemmNa5mQ5aoYZ99ZxZcipP2"", ""165vmNyjsdlmOB2epGIi7dQzHMk5wigoxI"", ""1VGQ9taaezGQvSpcMdK3nLh7fLxVOXlgls""]","[0.25822169, 0.25822169]","[0.17179038, 0.17179038, 0.17179038]",0.00107226,P2WPKH
2bda467a5eb7a3b7b58393772cc397a9829a733e85e6be4bed1d038aba156a29,"[""1t5K0kA29RTX2pIX4FAnxdaGtqFoYIfJJE""]","[""1BC7D0nd6rLtdlVr1hNjMdhcQ1JcSdSqpQ""]",[1.11418013],[1.11401352],0.00016661,P2PKH
94c38d0087afa0d52c55fcdcc990a6abdfe0bda9157a38f7c372808769cdae7d,"[""1fdXIJoqyNAbPHNMUKRe5gWsfVByODHiyX""]","[""1kRHzG4ksr6WsU3PSKBI2Z3uSvG6T0diBK"", ""1fdXIJoqyNAbPHNMUKRe5gWsfVByODHiyX""]",[1.49299237],"[0.74600983, 0.74600983]",0.0009727,P2SH
29d46d8fd5155b876dd353d02a02f2d468df5c3c58f588def086881699c997a4,"[""3MixkewKB8zaHTthIBs8oBmBGvBsUQvOwhhNH""]","[""bc1qo4AteUrpl5gA1JtAWOrf2D9O5NsA2pgQ6""]",[0.48499559],[0.48486409],0.0001315,P2WSH
41f1c4046dadce26352567eea72470805cb905b7f080d01426470f01233ebfb2,"[""1X5L6qwsquyfnHx2slZjPi1mClzOboBJFQ""]","[""18uzUEHGNyjZYBh4qoNId0ncnoj1FuUPbV""]",[3.76942379],[3.75343914],0.01598465,P2WPKH
76acd06ed6600c3cd88669e1885fe343bf32058b1054259f33b2754691fdd14b,"[""1kseJveSC98VB568EwrzMQBFMtfzB29c8d"", ""1fJc9Dcft8U7FtywiPu3FFWbXD1cjQeM7o""]","[""1AOV3iVsQwHtXKkS2NmWZlOEpEqJHjLp7Y"", ""1tJLxngfSBTxMxHq2EWGtEMZLxRLRxWmtz"", ""1fJc9Dcft8U7FtywiPu3FFWbXD1cjQeM7o""]","[0.52336746, 0.52336746]","[0.34786679, 0.34786679, 0.34786679]",0.00313453,P2WPKH
74779484b627d413338fcdb9ab68d1af91b64d4e72bcd4508460a241407554e7,"[""1a1yZ5bhG6UpCQ1FOaN6tN28TQoETXv66D"", ""1YqmURakEgVzzrAkliEFgJnmUYl82B4gNe"", ""1fhdboEVaq7PWcnXxG7qEULuQvtowyL82X""]","[""1OuaOnxydWPoZDwdTXctJX6OwASeJ4vAb5"", ""1fSKntHwlDaipAjaMOfTft6JUA6zGOzJGn"", ""1fhdboEVaq7PWcnXxG7qEULuQvtowyL82X""]","[0.99815773, 0.99815773, 0.99815773]","[0.99774729, 0.99774729, 0.99774729]",0.00123132,P2WPKH
317d9310962fa9a34d3751538eaf5ac395e5c3484a39146fffa9917749ad0c25,"[""1AEAw3CjkGOM5WCZKtp5rBUJPuEuEvqrK2""]","[""1liKxxKcRN1aAuOg4sClbYCJAyZpxuQs82"", ""1V3FAV7ybF5276m8Uiu78tVXCkaj2seomf"", ""1IGlozIoDSBbszpPwIv9IvCtoStU6QlTrK""]",[2.28505722],"[0.76109136, 0.76109136, 0.76109136]",0.00178313,P2PKH
0c3adeb3b64783eab840e6edc02b3a83922c2500ff1aeaefa3b9c7a1b7720705,"[""1BC7D0nd6rLtdlVr1hNjMdhcQ1JcSdSqpQ""]","[""1QEPcyLasnipuaUkxRFZXe1cb51JJRzhbu"", ""1BC7D0nd6rLtdlVr1hNjMdhcQ1JcSdSqpQ""]",[2.57123343],"[1.28539819, 1.28539819]",0.00043706,P2SH
6dfec1dd142089bbe524e5f29b1d9a295ec01076bab03080b5e16b2c04008869,"[""1pV4fLHpaUaGGxmXzgAKqHJL9ymIIlID9J"", ""1Wyi1hoW6gFWXMQdyNXZDLfqwLS5yOr7dV""]","[""1RfINuhR694fPFbt6vVl9jsWFHTGP2MLjl"", ""1pV4fLHpaUaGGxmXzgAKqHJL9ymIIlID9J""]","[0.44944828, 0.44944828]","[0.44846738, 0.44846738]",0.00196178,P2WPKH
bca209101a78e83f220104d38ae87fe5abf9ffed508e64633ff1c98d987b5f42,"[""17Et2mYl5Lsd2GFpxR0smsbNAwW9BxjBt6"", ""1CmLrKubduDiZxbAulMVNuUcFSSE5igkSf""]","[""1ElEiNfGSnAELScQMNovG7202PENLHsn73"", ""1VABpAk7Ovyh201LQbqn0zIuPzYAqdEnNc"", ""1CmLrKubduDiZxbAulMVNuUcFSSE5igkSf""]","[1.07540605, 1.07540605]","[0.71618652, 0.71618652, 0.71618652]",0.00225255,P2SH
792e840d13d6b0b388b4ca5d9b1e112a1549157c6bf04a7bd903c9b1a9e8e6cd,"[""14JJVYo29GzrIKTkQIcvNxGRzslHon1iCd"", ""1uyf8D6axBquKJqwoPCjQ53VQN6wn7DC9x""]","[""1x6GYnvzUgNCZ3laXFgie6ozZHfYbbhlWe"", ""1OBHQ3v48ivNU0J8XZyZ29HGJpI6TQWEuZ"", ""1bpaneARHd39DrliNT7x3B4xe72i1h9yh8""]","[1.09470782, 1.09470782]","[0.72848063, 0.72848063, 0.72848063]",0.00397375,P2PKH
f898836e615f4e776ff8a5ed8e379962d5662a2a4043ecede99c749d18e21aec,"[""1SER69nCHPuJ26iHQtaLSwh8MGTTpLVllO""]","[""1V3FAV7ybF5276m8Uiu78tVXCkaj2seomf"", ""1liKxxKcRN1aAuOg4sClbYCJAyZpxuQs82"", ""1SER69nCHPuJ26iHQtaLSwh8MGTTpLVllO""]",[4.18271321],"[1.39078322, 1.39078322, 1.39078322]",0.01036354,P2TR
cecacf9ceca3177363a1c030f4f643c203a0628f48f3ff4881a670fc6ee07191,"[""14cXsxjGJXke1Mo4iCppaX3QjBvKNAp0mx"", ""12BGCSzOjD8uQO001xtSV2ceN59UAgN2BR"", ""15FYrsK9EjHvIHCtlRJoWcURYxPY8EcFK1""]","[""18a7uQIJalgsVpXKMP7JwxM3u1wVHEAIQg"", ""12BGCSzOjD8uQO001xtSV2ceN59UAgN2BR""]","[0.5788336, 0.5788336, 0.5788336]","[0.86711992, 0.86711992]",0.00226096,P2WPKH
7ad88aee57fc189193d42d760ddf47298c5e27ed634f86583bedce2ced1d7487,"[""1ioRRdzHzmA4KR1VxavU07zUHLnnBbuQzk""]","[""1BC7D0nd6rLtdlVr1hNjMdhcQ1JcSdSqpQ"", ""1k7Gdp0CXP9K63LSFZH3UDqpNVGMrerqtH""]",[0.15410755],"[0.07683969, 0.07683969]",0.00042816,P2WPKH
436d0d0bdff618000cb253242bfafe12778c3ff10855092e1bf65e2c8889c426,"[""1c64sHiEt49LFQPcci1niIKrTAIqOkC6P6"", ""1imNqNOSIOFkYtWx7pqGQzuf4WjXqg8n7W"", ""1hG2KYfvJrqgctUlXQWI2yKqQSOiJq4NwW""]","[""1lvf066vjFToJgJanlr3H8gnFRwKB7lvxn""]","[1.22135582, 1.22135582, 1.22135582]",[3.64779519],0.01627226,P2PKH
db023406cd3dbb6f6195b3a73fd5e8b9e631b402fffbff243a6d149b3969db9f,"[""1dKWWsc7ymsVSJvsLkl0xAZf8pWP5T6ItP"", ""1K7n6bp7HrMyjf16Aadz28z8y72coyjJXw""]","[""1AEAw3CjkGOM5WCZKtp5rBUJPuEuEvqrK2"", ""1IGlozIoDSBbszpPwIv9IvCtoStU6QlTrK"", ""1dKWWsc7ymsVSJvsLkl0xAZf8pWP5T6ItP""]","[0.33400762, 0.33400762]","[0.22233355, 0.22233355, 0.22233355]",0.00101458,P2SH
076080030d17ac5b1802766175b276e0684344af804fb89cdcd48c541d007e7a,"[""1Wyi1hoW6gFWXMQdyNXZDLfqwLS5yOr7dV"", ""1pV4fLHpaUaGGxmXzgAKqHJL9ymIIlID9J""]","[""1S3x27QIOeSbJwbBBABvq4qjnKGGmcxcoR"", ""1jMIpGpjiB2lzke2MJW21TrDAkb7LeVqWH"", ""1pV4fLHpaUaGGxmXzgAKqHJL9ymIIlID9J""]","[0.59594861, 0.59594861]","[0.39563192, 0.39563192, 0.39563192]",0.00500145,P2SH
506487b490448ea7778fad235d154773afe8a713c5428660bcc23cc087049f66,"[""1IFgfILW1azWSI9pGQkqqjkrsWw6SEMCia"", ""17uXggnUIQnxCQQj9Ds5fZTvvWGvgSCecS"", ""1y0x1BAZOKsLRDlytTN8WurWw5m9lVbT6m""]","[""14VGMf94mmMvjWkSLlT1WvS7v3OnokNVBR"", ""17uXggnUIQnxCQQj9Ds5fZTvvWGvgSCecS""]","[1.06328149, 1.06328149, 1.06328149]","[1.58876533, 1.58876533]",0.01231383,P2WSH
119e2681224277346443a149925f43d2a3a559f17b53e591d8b08594a38c4348,"[""1y0x1BAZOKsLRDlytTN8WurWw5m9lVbT6m"", ""1XZe0XPispjAxBLKH51zc8RYK4gpPkLINO""]","[""1N48AcDHk4eXDDaZAtdlBsuO5TDXFgJgAD"", ""1XZe0XPispjAxBLKH51zc8RYK4gpPkLINO""]","[1.76791868, 1.76791868]","[1.76150542, 1.76150542]",0.01282654,P2WPKH
4ba8d41c6a3d300d5af5439c4c104fdd3b3002161f39a54fcd92b05c297efc0c,"[""1zgdSu8Yr87EmyhmbAv1PBRKEmIu9XWLjY"", ""10iYCacdhWhmXTzoBr6EAcagTwgK1gvdfF"", ""165Z3Bjvdoi0bdqzg7MbehBEC4cUqoVIYI""]","[""1hAislLSBielsdrLGXgT64J11f1BZzL8rQ""]","[0.05195674, 0.05195674, 0.05195674]",[0.15514244],0.00072779,P2WSH
f9a73bbe51e6bc8096c20361ce38c01918b076a4ff366ecc43eb0205f8214662,"[""1eYcas6YoUEgZVIcU2U2j9vS89SqKr8CG1""]","[""1fdXIJoqyNAbPHNMUKRe5gWsfVByODHiyX""]",[3.05233908],[3.04891698],0.0034221,P2WPKH
fd3a580728894db93d2947b48847c47949a39510830b24e4d4ed17e27d77f87e,"[""1VeWSt04B2lDCuQRpUbhzyEcG4FbBbFXWE"", ""1JNTJ8WGX0f5L9UVArB2TOeOvGQYAbJaZb""]","[""14esubuC1J3qRK9xyJYgPuFVvMwBE0W0Hr"", ""1c9yoUf0fueXDnXOsXAHmyMCVlbR1Jn7UC"", ""1VeWSt04B2lDCuQRpUbhzyEcG4FbBbFXWE""]","[1.92883508, 1.92883508]","[1.28131294, 1.28131294, 1.28131294]",0.01373134,P2PKH
e6fe9c7c99ca9ec523f54eb1a62a41043ae587c90a9348440004099df98937dd,"[""1E5UKGVTTMyHTs9661HDppd5Y8FQphgZ7f"", ""1f2tPIwqFV7t8lq0awuozbt6LpKR1Ajddi""]","[""1vXnNQpesIVhuyJ7ZmZ5DDcijC13CY5dGJ"", ""12SYRHfF5OFKV8j3iGFequio4Nlt6n9bsj""]","[1.50947034, 1.50947034]","[1.50867568, 1.50867568]",0.00158933,P2TR
2803e1638298d2c5196b97bb78943ee816f61428c9bf5e167dabe8791b88c841,"[""1Hk2qIL62GFJvnTRxFlNydZU9Vmrs5OY1J""]","[""19eUKJ1MDRhFJ0kdt2ikqA4wrG6FVlfUH2"", ""1Hk2qIL62GFJvnTRxFlNydZU9Vmrs5OY1J""]",[2.18146379],"[1.08735037, 1.08735037]",0.00676306,P2PKH
53e6e614ae0b388125dba32ee200ca17771deb3e63d6173231e50385b102ad2b,"[""1avcmNIlgs0GxK9EE09nBNB6NjawFTkwm7"", ""1GXkHYTldmi0asfxafpqjSCbkDGfCW3DtU""]","[""1RPx4GpdmRqC6eOP4wgs2x8FS4ELfm7ISc""]","[1.19115638, 1.19115638]",[2.37478109],0.00753168,P2WSH
f9ac85215d20665434c20e2859536d2563ad8ce6ffd4ed8251699087811cd3e9,"[""11J7ESh3L0KaJBkuPKV4SnRYi66GibP8iw""]","[""1LQKYuNdniKUYUOCsMBm2sXQ46S49KLF00""]",[0.6616236],[0.66137753],0.00024607,P2SH
6668bf8eec885f41efc7cc1a2dc8444fb97a4f26728da1977c5aa1f5b75cb5ab,"[""1ConAxj0pfUsGocFuBAwEqbBqe3sFHeroh""]","[""1MdwNq3BLyd62TVziibXUEMDxcjRLVqyGH"", ""1ConAxj0pfUsGocFuBAwEqbBqe3sFHeroh""]",[1.14632976],"[0.57141661, 0.57141661]",0.00349654,P2WPKH
64740a5d9b215c73d539092f4cd868c47f365847e0166f106b618e36e70e8c68,"[""1k6Zq4pfzcqVwArvOTi3zKTwfPJ2Z5YIpF""]","[""3MixkewKB8zaHTthIBs8oBmBGvBsUQvOwhhNH""]",[0.48703107],[0.48696081],7.026e-05,P2SH
c1af4367363429c0650c8d90843313930f7d02cdb51c1d5f49b1e0ea9dc6e1cb,"[""3MixkewKB8zaHTthIBs8oBmBGvBsUQvOwhhNH""]","[""bc1qGMIRqbMkbSOvLDJFGBjyd6TLNke6fL1cQ""]",[0.48502264],[0.48486409],0.00015855,P2WSH
437d4c3c04abd513e37db2c438f71b1a1783ff82a1daf2a538d26e6c9b490959,"[""1FMrWELWZ8wzjH4QDoafgJE6WeS4NC8qdY""]","[""15FYrsK9EjHvIHCtlRJoWcURYxPY8EcFK1"", ""14cXsxjGJXke1Mo4iCppaX3QjBvKNAp0mx""]",[0.92234097],"[0.45941066, 0.45941066]",0.00351966,P2SH
36bc7c255990926aca7617e033efab687af0f63e2ee5c82b49b35af917f67e5e,"[""1OeC9VQPVpWrdy9qYle8myOgHAMgBqceTW"", ""161HToeTEb4MpOaN4YgLZdYhKMdmuZTyhQ"", ""1VrmI7OsygQE2Blcb9oyXNE7Y7bvuSznOG""]","[""1Hk2qIL62GFJvnTRxFlNydZU9Vmrs5OY1J"", ""1bEOacyjuyaRVDzTYeoxQWhH9usd9Ow0v0""]","[0.11654317, 0.11654317, 0.11654317]","[0.17428315, 0.17428315]",0.00106321,P2SH
0aa4bc694003deb68ad673a643d3defb97c2f93acdec677f491d968ffc13b897,"[""1s9BvYB9WoYKvSNkimmdvrHuRrq19Qf7W4""]","[""1mY3wzHelT4NEZJDvMIieAxeeWshoLun65""]",[3.44041214],[3.42473953],0.01567261,P2WSH
4b908911ad676f2ba900cdadf299498be801e60079bccaad9a7a1aeba1c62487,"[""1Cv272J5fWNk56UPfmr1FdZ4J9fQELhyNT""]","[""1imNqNOSIOFkYtWx7pqGQzuf4WjXqg8n7W"", ""1Cv272J5fWNk56UPfmr1FdZ4J9fQELhyNT""]",[0.40555395],"[0.20264727, 0.20264727]",0.00025941,P2TR
a48dd454c1a1e2fd2ca6320b5cbf57899f71e709a9fd1e0cf2275c1192ad0672,"[""1pNPPQHJM4HaC4Juv8skRLsWqNJJOsTbEh"", ""1eWpMrpTL4TOwkWolGc97KYZUzxOTkJ0dq"", ""1YdCDD65oQyqGArXxtG7gGv0LOqqXpKCPo""]","[""1K1g2WmXMCaULEkFF6s1prItB86Et8DkeA""]","[0.27019779, 0.27019779, 0.27019779]",[0.80932769],0.00126569,P2WPKH
42eb70fc5f1a5cc212faa9a3fbb9c6b8296d4d275394e6925f8fbdd61d15dbc4,"[""1oDErVDfVSvZpO1ReEnPDxEvYVFt6RO0gi"", ""1mlkrLGgdpgh3JoGr2RzynZQEkmNRral4M"", ""1T0QkQkuC7PAb82kVavDa2DcbQsoFUWgXu""]","[""1TWxYA4hkrbRau0M6FYlyiWxxsBg5a1roW"", ""16cQeRwPEb8q1WyQPEXySS9S64um7BI9qx"", ""14xCMmyeAQ6JgCggbCqDGvhIvnyAuBwdx5""]","[0.62773461, 0.62773461, 0.62773461]","[0.62761843, 0.62761843, 0.62761843]",0.00034855,P2SH
fae98e33ea3e5fd988801b0fa1d9ad7284ed9b7a7237777fa1eb0e1e6552d716,"[""1y3vcPBrfkbNVtNNf7HU7GUFbOG7rmZ0Jf"", ""1HtKE5vlbGxf8HrlVj7Qd7lSsgi3p63doL""]","[""1OIC1iWO5e0D7LlRFOqRKKKZebToPEQuoV""]","[0.60587989, 0.60587989]",[1.21088528],0.00087451,P2PKH
6fa4497549944c891b11d65184de0dfaa9751bff50eeaef38e192babe9a94b05,"[""1EJpZVBnQFKrJhLYeYq207indC40gz0OON""]","[""1hU6BJavoUKS6P0osPYJixTgGlWCjAzfAi""]",[2.73507916],[2.7307826],0.00429656,P2PKH
d6a4b166122e31c03a779b316d67595b1ee1568e0c42101c1f80240393283efd,"[""1jOc0PZs5dzlPLQKWkCJ5fswxeAIsiRrGG"", ""1RLgTM9DQ59rLtG9viIGNElLR8abMh0X9z"", ""1JOj1lSAtVBMhimMpC1Ha2oKDzeLpHMIZd""]","[""1AoguaOannOrMc2zVE9SX5JpfuNy5VikVQ""]","[0.80588631, 0.80588631, 0.80588631]",[2.40768344],0.00997548,P2WSH
2c72b108506aac6aec8c33d03af9e5b1bd398af3aadc423337431a8c4be2d792,"[""1vOVkvYXMB5oQjTfTpMjZrvXsDuTnHUIM9"", ""15sEUbQws98rdpy9966nvyiTGQ2QzJAtLB""]","[""1xm3VFz2zya9dSK5BCyKLnVQO9fQY8es1c"", ""1i6dfr9OT51Ue87JSRPTThN8rSj0iBw5Rg"", ""15sEUbQws98rdpy9966nvyiTGQ2QzJAtLB""]","[1.78742348, 1.78742348]","[1.1894523, 1.1894523, 1.1894523]",0.00649005,P2WPKH
08337a7c130d239180828aa6dce4b58bfc11ddf46ae4e26ab21aef75b310fe80,"[""18al55C9KrJmdA8KDxhlwXd0rIqW5Qm3Ja"", ""1AOV3iVsQwHtXKkS2NmWZlOEpEqJHjLp7Y""]","[""17OxQXOW1OrOwhfEPFbJJqUXlENAJgd4Xl"", ""1CkiRsinUTaTJQ9j6A05f8ld8OK8MzcoEQ"", ""1tJLxngfSBTxMxHq2EWGtEMZLxRLRxWmtz""]","[1.6294187, 1.6294187]","[1.08615827, 1.08615827, 1.08615827]",0.0003626,P2WSH
caf1bc670da870c1f62704cbf216d77492a5a3326a7e9205fa7e10bb96418020,"[""1rutoDz5PPTsR3Owyvd0XyYC7W1BYURO7U""]","[""1GXkHYTldmi0asfxafpqjSCbkDGfCW3DtU"", ""1avcmNIlgs0GxK9EE09nBNB6NjawFTkwm7"", ""1rutoDz5PPTsR3Owyvd0XyYC7W1BYURO7U""]",[4.90582711],"[1.63486678, 1.63486678, 1.63486678]",0.00122678,P2PKH
a0b901dd4a19e1d3e8ba039ca6ffa0a702edeeb6458c9765ddef62d38937ad99,"[""1ExtEpU21D6USsKZpaGv27mMh6gYTlxda9KBx""]","[""1d5THEKIkvEvC9Ast06ncVxz3d3Rn4fJ9S""]",[0.03555409],[0.03545417],9.992e-05,P2WPKH
2edf8f573ba6e5bac0a28d4b7d54199dad5ca48380ea04e02ea5543e43f261fa,"[""1xycs7mJzZjHp4ae1qDeD85EeC3M807qI3""]","[""1i2mEgJZOGRpwLe5mE3eXdI6zwRZqces67"", ""1YuPGPZKQXWpYAq6s89dKXpZI0n7CjgHwU""]",[2.60380565],"[1.29672389, 1.29672389]",0.01035788,P2WPKH
5c75d53253230ef28cd87027cef809295da56379c73862eb791f208592e63e8d,"[""1sMeQIsxfUoLOaxX2Mv6WCulgKeWmJNpAS"", ""1lQ9QHpIC6N6d6A9qQCwV2nrABamfJbT8A"", ""1epktMfDYKMupgovduX6WMVMJfdct0eh4B""]","[""1vggcfYxmUfTpbRdL6AZoiSNFddk9mKIKL"", ""1sMeQIsxfUoLOaxX2Mv6WCulgKeWmJNpAS""]","[0.08168352, 0.08168352, 0.08168352]","[0.12213573, 0.12213573]",0.00077909,P2WPKH
14b21839af46bd5fd6761551bcd43019618b9124a81a566273052238fe5e0c30,"[""1x9sEXiKd33nYEhv1zJJ3WDSLVFCBB1uXP"", ""1BwGKGyqEAB5E8ZihSiR1hnDU6w7LzhJcj""]","[""13o1mz9eQ8BiTngp4z9N33f5LfpLU6oDrk"", ""1UT5E9X3gFoJaR5UIkT8JPlYoclZmsdBMb"", ""1BwGKGyqEAB5E8ZihSiR1hnDU6w7LzhJcj""]","[0.36229775, 0.36229775]","[0.24109387, 0.24109387, 0.24109387]",0.00131389,P2WPKH
b55b9e9e9df0ab0b0f39f3db61e08d10651c93f121fe12e2cddfd5152ef3a426,"[""1FmtL64wj0wxrv82fTB9XrX8A3iKfmD19e"", ""17Ufz4zISUilxIcZZsICbaq7ZDO3zEQphr""]","[""1OAhjqZUgkzv4XngNe3EpqsBWRJKVjrnww"", ""18FgLu5jC7acP191ezqShWOHbDTsyYVwSF"", ""18uRDr68JjJ4BQT3iIty0BfdNKn6rbHBPf""]","[2.37675978, 2.37675978]","[1.58226706, 1.58226706, 1.58226706]",0.00671838,P2PKH
2f6e478e8814c1d946936e97b8ca315ad3e72e451375e7119210ad1e6d96f725,"[""1qB2r49U5Pim0Ub37HXaZbm6JTGZsgR0BA"", ""16f3KwOxBFK6gsvI3J0AutliYT9nGJMgrh""]","[""1rP1jylP6pEqdaCd3dCrz2irAaWGKvNBQr"", ""1ahKUQJYJ7pSopcey7rgangRzvBjOhw8xG"", ""1UhcAQ9i144vyISh33KM9cTwBzBZrDilV4""]","[0.55333959, 0.55333959]","[0.36816026, 0.36816026, 0.36816026]",0.0021984,P2WPKH
9009e0ff1b1224db0432b37f21a098161ffb55b443554fade61fa916d5b552fe,"[""1FmtL64wj0wxrv82fTB9XrX8A3iKfmD19e"", ""18uRDr68JjJ4BQT3iIty0BfdNKn6rbHBPf"", ""17Ufz4zISUilxIcZZsICbaq7ZDO3zEQphr""]","[""1vggcfYxmUfTpbRdL6AZoiSNFddk9mKIKL"", ""1ZQsQQfJZaGxEv4gjnl3MZGGIUhCeY5Dtw""]","[1.16820454, 1.16820454, 1.16820454]","[1.74381731, 1.74381731]",0.016979,P2WSH
810c28e9cb1b8cf9f911aff3e1043abf3f3c6301bdeca64d882dc0df777e62aa,"[""1ZdHSDcRoDqQS7PJrK7xnaEx0junNZenxp"", ""17OQqNMbr7EVR0CI5RKwboUeay7M8VaQJa"", ""1v62AFRVdHM479uM37wVpxJjwed7JJNyA4""]","[""174nzkgAu0esIi3uw7W1Ht6qhSCUEkypbu"", ""1IqijJcifY1TxOogd1S7OkCnBSnIKlZblj"", ""1ZdHSDcRoDqQS7PJrK7xnaEx0junNZenxp""]","[1.04301588, 1.04301588, 1.04301588]","[1.0427053, 1.0427053, 1.0427053]",0.00093174,P2TR
f438a1e112b58990b18147c2da8217823755dce8a1c17ff88b3681b5ec07eb68,"[""1BZvV7yVbq9Ew6AQOfMXSfjSNTtgatwqil""]","[""1Cv272J5fWNk56UPfmr1FdZ4J9fQELhyNT"", ""1BZvV7yVbq9Ew6AQOfMXSfjSNTtgatwqil""]",[0.79506836],"[0.39571187, 0.39571187]",0.00364461,P2PKH
261c5414bd307f193dcac44b2990632b7cbfe422484f749291047c1df5658527,"[""10OPk9pkjI7ozlNAbMmKyRmUYdg2luCq1G""]","[""1Ks7d0xbxBnxOHObV64UuZqUnbSM1W5UYI"", ""175r9HASVq7C9o4rQr9VsJcrqpOVatOZ0B""]",[1.46673619],"[0.732222, 0.732222]",0.00229219,P2WPKH
e9e6173559f4e2a06299877468a830021b28fe5d2ec678a04429a0928da10f09,"[""1tIhCZf5f4lftMbkaNC26tQ61UTtxrrJzZ""]","[""1LQKYuNdniKUYUOCsMBm2sXQ46S49KLF00"", ""1tIhCZf5f4lftMbkaNC26tQ61UTtxrrJzZ""]",[3.99430101],"[1.99071043, 1.99071043]",0.01288016,P2PKH
c64be3fb0edd1c98c70d471562635578941e8e96c1b9169c5d3b52b82e1febb2,"[""1RuX0Wzv6SIEq44fPtFhYXgexjXW1aaY1M""]","[""1Sgz5ZKVBO7iEGd50DF5kJThyL2Fx84Vq7""]",[0.57579247],[0.57329189],0.00250058,P2PKH
ec76ba38b829df16968b7a0dc73d8fe65fa6d3c26011d987e02d7a0e6c2436ac,"[""1epktMfDYKMupgovduX6WMVMJfdct0eh4B"", ""1sMeQIsxfUoLOaxX2Mv6WCulgKeWmJNpAS"", ""1lQ9QHpIC6N6d6A9qQCwV2nrABamfJbT8A""]","[""1pEugPQViwYUKLorKfgNLc82YlBg6MsDVH"", ""1lQ9QHpIC6N6d6A9qQCwV2nrABamfJbT8A""]","[1.53013948, 1.53013948, 1.53013948]","[2.28456313, 2.28456313]",0.0212922,P2SH
b5e0b8d7ddc3b2ecac4fc64877a7cdad1427bb7b4898b745c73f4c1ee2357f9e,"[""1c9yoUf0fueXDnXOsXAHmyMCVlbR1Jn7UC"", ""14esubuC1J3qRK9xyJYgPuFVvMwBE0W0Hr"", ""1SEgPOQJD0FyE8Mv8tbcZvUb3vgvwvOpOK""]","[""1ConAxj0pfUsGocFuBAwEqbBqe3sFHeroh"", ""1wHuPpUV0lLi1SHqVrv96YUaO961oSnoKI""]","[1.31209007, 1.31209007, 1.31209007]","[1.95946928, 1.95946928]",0.01733167,P2PKH
55834ac4318b41f6b59b29652fe7e8c59ecde4efb3fc5be6caae47f0fa9de94a,"[""1mY3wzHelT4NEZJDvMIieAxeeWshoLun65""]","[""10OPk9pkjI7ozlNAbMmKyRmUYdg2luCq1G""]",[4.24554924],[4.24239169],0.00315755,P2WSH
cfe7bf7c8d294f42ab5eb81ade0abdb1a88cae54cbec42c28d4bb1161f76c67e,"[""1RnLR9miekS9Y79PRIssjRRkwn9XoEwJC8""]","[""1tSJsSPjXhL1po0KjawF1GD38NKFGx5O1D"", ""1ExPenmjLThmEJNaUYW3TwcM7Fq70HeXBG"", ""17rMMfNKKkM3u5c1f6VqnJMb3HNspYzCQj""]",[0.30742231],"[0.10216322, 0.10216322, 0.10216322]",0.00093266,P2TR
181f42a6151ec07ddc3c92e21b878ae4fa2d3e539a02b00b6acd8103b43e959d,"[""10OPk9pkjI7ozlNAbMmKyRmUYdg2luCq1G""]","[""1HXg1iwWKaqhAhdBwKCnMT4OsNb90AgSB3"", ""1tjhMKSxLsFAXhO2I1A3zZyTttp7QDffAU"", ""10OPk9pkjI7ozlNAbMmKyRmUYdg2luCq1G""]",[0.73623982],"[0.2446858, 0.2446858, 0.2446858]",0.00218242,P2WSH
119492b94c72d59f89691e5c6c07913ec5aa9e04d6c7735bab3b19a623505e58,"[""19WdYW8nnbVApkiqf2BAn3ld3A7sm6DHW7"", ""1RIjgxJ0n2PvDHYglg7yAydvLnThCH6jnJ""]","[""1HEZc2Ig3lraSIWC8bkp1mVnyl8hKWxPxv"", ""19WdYW8nnbVApkiqf2BAn3ld3A7sm6DHW7""]","[1.31027594, 1.31027594]","[1.30863916, 1.30863916]",0.00327357,P2WPKH
43468ca89389370a31369cf644566a59e734749f6a67cc7c7b3d5b0b94a45c43,"[""12JrlVFyUhGA6cv1WChGtaPxgw1lqq7vlA"", ""1ryUvIltnJlU5lTopqoZZwWhe7Ea170xt3""]","[""1K1g2WmXMCaULEkFF6s1prItB86Et8DkeA"", ""12JrlVFyUhGA6cv1WChGtaPxgw1lqq7vlA""]","[1.51601067, 1.51601067]","[1.50877255, 1.50877255]",0.01447626,P2SH
fddbd8af52da3386dc423560f25711104fc5a83a17048198ce709654e58007b2,"[""15WoWi8EAqNTMIStulPk0i1ghFEMBd4GNw""]","[""1XyYZcX9OS3JrU7jXfPE3dq9s0doXZ6kYL"", ""15WoWi8EAqNTMIStulPk0i1ghFEMBd4GNw""]",[2.85995625],"[1.42286541, 1.42286541]",0.01422542,P2TR
480706e8e9b522c577ccbe131b8bbdc25b9d51cca76310d9f06d1a2e26981d88,"[""19IiRghzekNuIr1y2dLnqzdhpiff24m4J9""]","[""1S6xKOjVO779J9NTHh2XLOGtmJ4uX8ot8Q"", ""1B7zeIewEoWoZ95p4PPLXvhzFjE2mlCkzV"", ""19IiRghzekNuIr1y2dLnqzdhpiff24m4J9""]",[1.1613717],"[0.38523851, 0.38523851, 0.38523851]",0.00565618,P2WPKH
26644e0d777d9fa4618b0302eeacbefe7a8240cddb6f31d63063f5e4a6db56f9,"[""1ExtEpU21D6USsKZpaGv27mMh6gYTlxda9KBx""]","[""1w2AFAI38dwxqIItE5RZJzDMaydeYzryZK""]",[0.02287903],[0.0228291],4.993e-05,P2WPKH
4b398a521b25748192c2d6f3331b0c5e5422ca9dded264f23458fa3fd5eb1749,"[""1ramWOrCWNgnRnLTLCAKHDIvtZj0EGkyyO""]","[""1iMKpPGNdzSgVaI5z52Dm7tO4fJHS64k2k"", ""159yE6752aJg8r9HE60DlgkCplTXJUk13Z""]",[4.12048995],"[2.05545959, 2.05545959]",0.00957076,P2SH
82e760cce0fc289709bf772d26239f216e9a0efc13ccd307e6e68d19f3182f45,"[""1tj1KVHOmY53SJljtgH6chve15Omk9o5Vb""]","[""1EJpZVBnQFKrJhLYeYq207indC40gz0OON"", ""1tj1KVHOmY53SJljtgH6chve15Omk9o5Vb""]",[0.18052192],"[0.08989256, 0.08989256]",0.0007368,P2WSH
c29c35fcb80775b11512815b64750e7764c39e809bea0ce7509f3377ba32717b,"[""1Xye4JSnE2NiiUHUAKw9iEU1jjQKxKDpI6""]","[""1JiDrBixcfTLUxpq4ZOKkoJg89OEyY6J8G""]",[2.16300076],[2.16022068],0.00278008,P2SH
5eb8ad16434a0fe90e578bf20e2b6e18627f990e9497a90baa2e060bfd791593,"[""3MixkewKB8zaHTthIBs8oBmBGvBsUQvOwhhNH""]","[""bc1qOHDYlah8fE2fbgOcghnnf7NOCbptKwZqb""]",[0.48499955],[0.48486409],0.00013546,P2WSH
5d4cee8ce7c3bce663e28fbbc5c05f2caab3c030b355f402ddeb5c118c69ba51,"[""3MixkewKB8zaHTthIBs8oBmBGvBsUQvOwhhNH""]","[""bc1qG6GR0GYhYIpDg1hekqjRF927BePmeT32q""]",[0.48500009],[0.48486409],0.000136,P2WSH
0102ed593b70ca0739d69f15985520af1af62705fe3617fc1eb632407e764047,"[""3MixkewKB8zaHTthIBs8oBmBGvBsUQvOwhhNH""]","[""bc1qYxQm9UixZohfdIjgdfBLKt5pugPJbe3a0""]",[0.48502765],[0.48486409],0.00016356,P2WSH
7d4475d1a414baae68b61939c1ff1efa47e6594e53b1f24eef111110b51dbe40,"[""1EUXGQaNQXwR2P1UyTuCcPk3kU0qlGCyiZ"", ""1cKVqALrHbj3cucLTPH8LQFsi2uTFNOrCH""]","[""1poOnapbLZzIJz0KM38UR8Xqw36tw7i19p"", ""1Hh8WFDtYLSSNI9CJdMEB7kIIdv1jQeSJ6"", ""1ozWjXwaHf0lNuj9QOau96QzjeO6eJuyCK""]","[1.02081993, 1.02081993]","[0.6793046, 0.6793046, 0.6793046]",0.00372607,P2WSH
83469b581c5a36d9c48c5f2d8c32653a22557963ea9a278881589d64c2fb9e49,"[""1Q0N7HE96MT5jotYfLQqmvoi7968lwdGnq""]","[""1nV5p7ByT8KG9ssn1bYQrII5jcwiwKoYfy"", ""1gSGlGpMlUzgNwCP2klyuj9Bvt9uxVATLI""]",[4.47912988],"[2.22934191, 2.22934191]",0.02044607,P2TR
8db810f7df15feb802e2415a511847ace9df1d1aea9dae8bb497275516d6d5dc,"[""1ctylTxBZn4D6Fz2NoGEeLzIRWVcrrO9vZ"", ""1cLAQ8eDpyUOkxsn1KESY6hki8LbEXAR3w""]","[""11rDqaNy557F3530daCsgvSyaAmG3z4aVp""]","[0.81998107, 0.81998107]",[1.63670401],0.00325812,P2WPKH
f3beb337ddc900a9c4f315bf57785b1d87608f4da06ef1be13c51216f070de48,"[""1GWIGcHHR9kjQN1o5SH7Amd8yyGADtSseR"", ""1PmTKeUiDj888yjzKpvo6iyTKPmiruNGGV""]","[""1vOVkvYXMB5oQjTfTpMjZrvXsDuTnHUIM9""]","[1.10170368, 1.10170368]",[2.19710631],0.00630106,P2WSH
69d98d66a045ada4ab86ed654e19dc9ce9c605fbf5b53411b4e5b6bddc0cd3be,"[""1ExtEpU21D6USsKZpaGv27mMh6gYTlxda9KBx""]","[""1a3csz0pCGnTHBkzr3KirAtAflcDue9gPg""]",[0.04114723],[0.04109253],5.47e-05,P2WPKH
7786a4040a90a5f351b363c3fb1d7c659a7e70c4c8deefa9487c7b028049687d,"[""15sEUbQws98rdpy9966nvyiTGQ2QzJAtLB"", ""1vOVkvYXMB5oQjTfTpMjZrvXsDuTnHUIM9""]","[""1RPx4GpdmRqC6eOP4wgs2x8FS4ELfm7ISc"", ""1vOVkvYXMB5oQjTfTpMjZrvXsDuTnHUIM9"", ""1vOVkvYXMB5oQjTfTpMjZrvXsDuTnHUIM9""]","[0.33579065, 0.33579065]","[0.22352919, 0.22352919, 0.22352919]",0.00099373,P2TR
70c8fa95ce769fee2e699673c96f1bd85744bd5887db76bdd527815d7e27479e,"[""1wIdRYw11oRytxxHPDlx50j9PieaSEB9fN""]","[""1K1g2WmXMCaULEkFF6s1prItB86Et8DkeA""]",[3.1247053],[3.12347376],0.00123154,P2PKH
e41a6111e9953bd96bc0a6b3a8af747b97ff11217e4a7cfffa71762d78d86f35,"[""1fdXIJoqyNAbPHNMUKRe5gWsfVByODHiyX""]","[""1FX4jvD2tuVg8G9mcy1htc02u3gVUbVNnm"", ""1fdXIJoqyNAbPHNMUKRe5gWsfVByODHiyX""]",[4.23460594],"[2.10735199, 2.10735199]",0.01990197,P2WSH
8e8c492cab931d05a83b7b641f781599ffc591589ed7bd3529c24149e1e3867b,"[""1Psqd71uiyF8fr9ompgDgiCXPklakfEYHl"", ""1Mq5AJvZWQBU1oYphFH9zuJBTERHNy5hDd"", ""1emmo67tSkv7gHea03kgLagUoFPiEJvhne""]","[""1oORaDioQaRY9AiexTgt2iVUi9iGaOBSMj"", ""1nqZuJJEvQdgWCh1Ba7mQiOj5qOpx4kysR"", ""1emmo67tSkv7gHea03kgLagUoFPiEJvhne""]","[1.5768341, 1.5768341, 1.5768341]","[1.5723162, 1.5723162, 1.5723162]",0.0135537,P2WPKH
ddc273278f4a9b42bfb0c3fd270b172c9de0825356be2f7595bf0a1742bb8761,"[""1NePpmJ6wPorelEuOQjJY7ktWSNrwQuDBW"", ""1EgOfrZ3mTMT30NYJVncq3HOjy3K1iFfwa"", ""1xxK3ep8nzYvX3a2BoFrjjLYOzuhPDKOzp""]","[""1bWrINcSWd3tsd73P2y00oJFhPJWGEfLVt"", ""1jqeATHuRVNlBNamsJgpSVOiKz6B2ikKur""]","[0.37785184, 0.37785184, 0.37785184]","[0.56614402, 0.56614402]",0.0012675,P2WSH
b80776facff981cf05ce267e04a7ff84a1ac01150322fb60ebe9585f6b2a498a,"[""1RfIcd9voHYLnHx6FK3Xr7tdfFkUkdIMHM""]","[""1QIbJu4Xej0vxHkLlhWt1Sqf2xZsGkxcmf""]",[3.59736637],[3.58176206],0.01560431,P2WPKH
8ce5761cb4dbd9cf1615cf6d47d27e95128dbbca8507151f582ba632d6555d9b,"[""1CCREtj8b8rhBafanAWExRbeUjqyHl3pxa"", ""1rHQEUsVXLXHl2BpSOZneMGXMRqOGqleig""]","[""19IiRghzekNuIr1y2dLnqzdhpiff24m4J9""]","[0.85684834, 0.85684834]",[1.71097005],0.00272662,P2WSH
f775461e17914e5954f7b27911a1bb14751c348e8ba9764628014cfc64231c79,"[""1hM4vv4ofazUYHcX2pddBrtL39iyOOe6mR"", ""1yw2jrHoGLtMH3K69OcAm3dmYuU4dEXILZ""]","[""1uY2rEq9EYKA7tpuU4gHeBEYiKVEgwj0NV"", ""1yw2jrHoGLtMH3K69OcAm3dmYuU4dEXILZ""]","[1.14718659, 1.14718659]","[1.14597237, 1.14597237]",0.00242842,P2TR
cd6eb41ffc351760ecb739b75c8b3037b6f70c8f014aae4c046f672f6c1b87dd,"[""1mhQRCCOdLUfgyilhSBSP5V5mMTcJAuHOC""]","[""1x2Zgkgg7wMh553LlGLQjPsYvg4P5YSea5"", ""1iMa77gTuRmDIBkujdQMhZgsFZi4bAjOo2"", ""1mhQRCCOdLUfgyilhSBSP5V5mMTcJAuHOC""]",[1.43989737],"[0.47783928, 0.47783928, 0.47783928]",0.00637954,P2SH
79df7c4d097431a47056fe2ce5cb3024b9363a1b6c45c2d8c6bd13feae08e156,"[""1NxPDM6uLONCROhcc9hoHyx6RHKT2OZM6r"", ""1QnBow8w3Ndr86ZfnN8du9WmZIKYoWWKr9""]","[""1UhcAQ9i144vyISh33KM9cTwBzBZrDilV4"", ""16f3KwOxBFK6gsvI3J0AutliYT9nGJMgrh"", ""1NxPDM6uLONCROhcc9hoHyx6RHKT2OZM6r""]","[0.13137369, 0.13137369]","[0.08741129, 0.08741129, 0.08741129]",0.00051352,P2PKH
a5397024531c159e8e197d2c2c3c8ea7401074f7594f612c1f202c587e79c2ed,"[""1ExtEpU21D6USsKZpaGv27mMh6gYTlxda9KBx""]","[""1WVupgGEEXsIWxwI6JP1vEIyTx73qTfs8U""]",[0.03205301],[0.0319583],9.471e-05,P2WPKH
d789195fb858313d64b9e7ee5440e7bd4515e8865380fdd15d6a91c6271fdd94,"[""1hgYXuOXHyzMH8xvYKWAWHoPe5JEKCIYk7"", ""1rtBhjqaMFmvtiRrpeMvBiDPgdAlKKZRMt""]","[""1SSwUVZAQZjxkck0AfjezARkSS2G3K7KuC"", ""18a7uQIJalgsVpXKMP7JwxM3u1wVHEAIQg"", ""1YSPH8UCiY5DCQSCon1M4yRPW2CbDvCkVL""]","[0.27211511, 0.27211511]","[0.18078265, 0.18078265, 0.18078265]",0.00188225,P2TR
eef0449ae365c9ec73b4cf72bb6ddc0527aeff5b8152514b5684071e703ec84a,"[""1og9hgiVRIcuhrLt8BIs1le0DQl9EgBOfi""]","[""1SDtlD9aRmfCfMKeN2valr4ATwV5INmKgn"", ""1og9hgiVRIcuhrLt8BIs1le0DQl9EgBOfi""]",[2.19882889],"[1.09630962, 1.09630962]",0.00620964,P2WSH
3e49f3aec0965089520227a951380dfb1875660531f5667321b2c11e2886b43c,"[""1QIbJu4Xej0vxHkLlhWt1Sqf2xZsGkxcmf"", ""1vXnNQpesIVhuyJ7ZmZ5DDcijC13CY5dGJ""]","[""1pXl61oSl8qrUT44ismpVDg2dWeDBDgKLs"", ""1FX4jvD2tuVg8G9mcy1htc02u3gVUbVNnm""]","[2.00041052, 2.00041052]","[1.99955044, 1.99955044]",0.00172016,P2WSH
d14876d6ab4fad7e19c686c8e6ceca443946f934f2e3ecddb477f2f7a50de57d,"[""1esM2wleOV911xCZkwPRQeNHpCq5QnuVdY"", ""1Qh2UVvsjaSS8VFgM0Fmxk754LEgw9YooJ""]","[""18Peb4BFTFRabVhoApeiEmxNoS9B2itWcX"", ""1Qh2UVvsjaSS8VFgM0Fmxk754LEgw9YooJ""]","[0.49852944, 0.49852944]","[0.49645375, 0.49645375]",0.00415138,P2TR
822aefa4503f45577da3f0b0ff44b70c6b3e1f5bc05c9f0bdb82985eaeadccfc,"[""1XVcT5kWEh3SKumPuWugT1xnDE3i5CyiSN""]","[""16cQeRwPEb8q1WyQPEXySS9S64um7BI9qx"", ""1XVcT5kWEh3SKumPuWugT1xnDE3i5CyiSN""]",[4.41253924],"[2.19976884, 2.19976884]",0.01300156,P2SH
59822bfac45e48cfb16b22ef7724f090e720fff3ae8b2b4ff9cb8c00e644902a,"[""1ExtEpU21D6USsKZpaGv27mMh6gYTlxda9KBx""]","[""1j7UMHm7C8WdGJkVvKqrC2yTH1bkWvziGz""]",[0.03775361],[0.03766343],9.018e-05,P2WPKH
7e0456ed8af07fe6496e201073b21fa4dec694276e9fefb536eca65de0ea79c8,"[""1VhnMIeO46NrMBUQLv9C5jHwiNk792wbXi""]","[""1dKWWsc7ymsVSJvsLkl0xAZf8pWP5T6ItP"", ""1CSHoy0v6AzTBywuySmnlm2OM3HVzNnigO""]",[0.23205463],"[0.11553337, 0.11553337]",0.00098788,P2SH
5d7717353d6d0950dca2fe414679982c9e474674e0edac49e849e4636fa2e135,"[""1VTqn4SbR2S1HTEktsQxTdJ6nEaK83874g""]","[""3MixkewKB8zaHTthIBs8oBmBGvBsUQvOwhhNH""]",[0.48769355],[0.48760908],8.447e-05,P2SH
126ed5e5ff28fe57aeff8e13564a53d491cd2710431fc2414c2d82c240da0c3d,"[""1ElEiNfGSnAELScQMNovG7202PENLHsn73""]","[""1GbjPmUjrp0QsUcYg1T1UIoWXrP5y78tIa"", ""1VABpAk7Ovyh201LQbqn0zIuPzYAqdEnNc""]",[1.67710408],"[0.83743141, 0.83743141]",0.00224125,P2PKH
698a9a8251b88e802cfeb5decaefd0fd5250076367587cf339681471aa7ad276,"[""1aLyeoEcsfxljtPDq7lyGgXvTOzYjhFQaO"", ""1jIWajgIynDxCp4yt5yurP2LHvP8b2lowF""]","[""1EkXkSE4HNdc06PVz0oRaFxMPMDEaIaGr8"", ""1IWxHwqFEg8D04wzInjq5JzjuxZEOQpY7N""]","[1.64941541, 1.64941541]","[1.64361294, 1.64361294]",0.01160493,P2SH
33a8ce46613ab38f3735f68b40b4c987106d46087468684c4a849e799b5463a9,"[""1ExtEpU21D6USsKZpaGv27mMh6gYTlxda9KBx""]","[""1s1DCqNyqMj1TFPsIaB3OebJIskFJpxqhF""]",[0.02240162],[0.02233621],6.541e-05,P2WPKH
8c38769e762d997b9750ef3599758573aa5f8819a5e1e362a6512916e35356bc,"[""14zEGxdXeRzWGJk2mdcdwmwCy5QpEB7DIv""]","[""175r9HASVq7C9o4rQr9VsJcrqpOVatOZ0B"", ""1Ks7d0xbxBnxOHObV64UuZqUnbSM1W5UYI""]",[3.66956165],"[1.83380084, 1.83380084]",0.00195997,P2WPKH
19086eadd347a9bf6a598c641a7fb3bf9b4169da2200caa06a8cb54f3286376a,"[""1xAmnZTllXb8oBpKOfD28ynxALeId5DvLP"", ""1XRYaFx8Pi3clkEvDfSAqt8E8rwA3qZ5GB"", ""19aVl5pEfur8hx5gubCRDMqOucMC694Xi1""]","[""1qir2EbNXStazn0h6Oj5sRzDDCilLUieV0"", ""19aVl5pEfur8hx5gubCRDMqOucMC694Xi1""]","[0.10478103, 0.10478103, 0.10478103]","[0.15666725, 0.15666725]",0.0010086,P2WSH
9b064927b3f56a0470d310d0ad490b42b74ab2a9ada5e41c12b54b512520fe2e,"[""1PeeleSuBoN7dMCEJiPFWxZs762QJRINYXbINb""]","[""1PeelyttuvpKUcRBNW9aFaq6FDljk13s8Q7ARh"", ""1PeelsG06vCKjuln4m6u6CPQEn3WiXVGDcPaRK""]",[27.26015807],"[0.23658451, 27.02337452]",0.00019904,P2PKH
6b0933f23feda8daff4489454dcc03841c5988ae5bbf2ebb8a4c1db2ddc3a6d1,"[""1GBr9BY8DztgjzEPyVcfphV1Za1CdGMEBd""]","[""1EJpZVBnQFKrJhLYeYq207indC40gz0OON"", ""1L8ZswsRhcds6NUgarDv7p1heEJQjY6fpI""]",[3.91907436],"[1.95169564, 1.95169564]",0.01568309,P2PKH
0d047c00eff919aef264c28868c588c15ab3b86d856e8c8e59301fad5942c163,"[""12ZA7Eo0cwLCDkOxIjTvkyCvsYUEHwAL2u""]","[""1ZQsQQfJZaGxEv4gjnl3MZGGIUhCeY5Dtw""]",[1.79012308],[1.78468623],0.00543685,P2SH
6a7a9a5c725e603b271fc0516ad10c83363ab53f9a6cf803cce6eabc0c88e508,"[""1CSHoy0v6AzTBywuySmnlm2OM3HVzNnigO"", ""1Wfa1d0t3mjn0w4KZDRrgI3jzHMjID8Q48"", ""1sZWMdnIjxGlBRxPqUIjyWmzD1i5t5LT2P""]","[""1y6P0PdcvSqXWAvc3Nkr3QIuxg5K1ONlN2""]","[0.62232542, 0.62232542, 0.62232542]",[1.85959571],0.00738054,P2SH
5045a6d6e006cd5431dbd41752a7e36cd9993a7048097ca8663298242f55748a,"[""1Wx1jwAY4j6nbDqmEjZ0rlLEA0EPvg7RLi""]","[""1ZpSmx98uHZq3uosc5RNge2BFFeA9rpPwq""]",[4.52358796],[4.50870119],0.01488677,P2WSH
5f44b746d9ce8948002efbaf223713a52ae028259b80238774e01618ba18dd94,"[""1N48AcDHk4eXDDaZAtdlBsuO5TDXFgJgAD"", ""1TL30ZYsHN4CfauJs75YWXmE2GyGfTNnFU""]","[""1y3vcPBrfkbNVtNNf7HU7GUFbOG7rmZ0Jf"", ""1kRHzG4ksr6WsU3PSKBI2Z3uSvG6T0diBK""]","[1.02038178, 1.02038178]","[1.01711898, 1.01711898]",0.00652561,P2SH
55d4d1853e460646814c1c5441cf08bb6aaf09e33fdb7c949b0b76e0ed11c3b2,"[""1ExtEpU21D6USsKZpaGv27mMh6gYTlxda9KBx""]","[""18q5N4855PAXrIkhyEtTQc8e21e2vNdNbe""]",[0.01431742],[0.01423246],8.496e-05,P2WPKH
4d917e63967cd9b90be4cf224b5f14f1f44e270a9578da1c4e3325b69efa98b5,"[""1HrJghZ26IEh9DgoZlVXoMBiLc5VlntJ6v"", ""1TGlwR4g63SemmNa5mQ5aoYZ99ZxZcipP2""]","[""1V3FAV7ybF5276m8Uiu78tVXCkaj2seomf"", ""1liKxxKcRN1aAuOg4sClbYCJAyZpxuQs82"", ""1HrJghZ26IEh9DgoZlVXoMBiLc5VlntJ6v""]","[0.22112307, 0.22112307]","[0.14717159, 0.14717159, 0.14717159]",0.00073136,P2WSH
99e8e289747d9738fc9afa94f3a3e27f1a49284410cef8e35780ce854ab6ee7e,"[""1brnTP3fAbnFbmOHnKYaXRvj7uff0LYTH8""]","[""1RnLR9miekS9Y79PRIssjRRkwn9XoEwJC8"", ""17rMMfNKKkM3u5c1f6VqnJMb3HNspYzCQj"", ""1brnTP3fAbnFbmOHnKYaXRvj7uff0LYTH8""]",[2.52592654],"[0.84011277, 0.84011277, 0.84011277]",0.00558824,P2SH
a7f33e5bf1a1d8732cbf7a83b07574023ccea031948700d372265a0132eee2f2,"[""1SEgPOQJD0FyE8Mv8tbcZvUb3vgvwvOpOK""]","[""1lQ9QHpIC6N6d6A9qQCwV2nrABamfJbT8A"", ""1c9yoUf0fueXDnXOsXAHmyMCVlbR1Jn7UC""]",[4.89426285],"[2.44366517, 2.44366517]",0.00693252,P2TR
943fb793fc427d81256ffaaa84d31020ef171f7fa61d3d25b04bb5d92a0aefe3,"[""1br5wfMsSoEwr4RmmYy1JEIOJQJeheqJoG""]","[""1B2zZOHT7ZDNEZzMZ6lqxNo2BWDjF5ltc7""]",[2.42790211],[2.42501295],0.00288916,P2SH
72ce6c058d575d7ce3717749a9f8e5325ec22b8356a692e047d70f541546270f,"[""1tSJsSPjXhL1po0KjawF1GD38NKFGx5O1D""]","[""1iT6TKsZXDlMmlNvf5DeCYSb8i6ZwHgcgJ""]",[4.81918731],[4.8086568],0.01053051,P2PKH
29c381062fb4a6be2d996f1c8e0f77f569576ededf59840464dafe7e13af7f7b,"[""1ExtEpU21D6USsKZpaGv27mMh6gYTlxda9KBx""]","[""18iLRFtANtv0juWyklL9k8AMcPg9qokS5I""]",[0.03427093],[0.03420414],6.679e-05,P2WPKH
8e03ac51698190902ba441241f5213807fed7fbe8777ea5d94eb44e0c93142f3,"[""1cKVqALrHbj3cucLTPH8LQFsi2uTFNOrCH"", ""1CY4RBwl3yymVObMrW7dM8EGxjM4FSjZtJ"", ""1ozWjXwaHf0lNuj9QOau96QzjeO6eJuyCK""]","[""18FgLu5jC7acP191ezqShWOHbDTsyYVwSF"", ""1OAhjqZUgkzv4XngNe3EpqsBWRJKVjrnww"", ""1CY4RBwl3yymVObMrW7dM8EGxjM4FSjZtJ""]","[0.90528662, 0.90528662, 0.90528662]","[0.90081103, 0.90081103, 0.90081103]",0.01342675,P2PKH
05cb0ad3c7c576fffb5da4ae9fc121e90fbf40a5665aeb5ac545ed0bbb13ec21,"[""1bYPX4gfjlGYqyxzJ9oQ0O1VfxIdakEAWJ""]","[""1oijKvbvYqrNXradi8CsHVEsBBt6Am3A9p""]",[4.5843333],[4.5615312],0.0228021,P2TR
7e7942a04aadb584b40c75b01f44933419daf3a16a68a803ac2cf035e0735e86,"[""16f3KwOxBFK6gsvI3J0AutliYT9nGJMgrh"", ""1q19ThveXTuFrNFWRt5A5Xt0O2cNaix6Pq"", ""1UhcAQ9i144vyISh33KM9cTwBzBZrDilV4""]","[""10wPAh03aiOu37qTxvhyCZQDA2kiT80g4D"", ""1q19ThveXTuFrNFWRt5A5Xt0O2cNaix6Pq""]","[1.46520335, 1.46520335, 1.46520335]","[2.18916029, 2.18916029]",0.01728948,P2SH
ef57a0e1b3127523b6c44cefa48030448488ab26b4ba96fe267d828443b6b38d,"[""1lQ9QHpIC6N6d6A9qQCwV2nrABamfJbT8A"", ""1sMeQIsxfUoLOaxX2Mv6WCulgKeWmJNpAS"", ""1epktMfDYKMupgovduX6WMVMJfdct0eh4B""]","[""165vmNyjsdlmOB2epGIi7dQzHMk5wigoxI"", ""1HrJghZ26IEh9DgoZlVXoMBiLc5VlntJ6v"", ""1epktMfDYKMupgovduX6WMVMJfdct0eh4B""]","[1.23367035, 1.23367035, 1.23367035]","[1.22751625, 1.22751625, 1.22751625]",0.0184623,P2PKH
73de7b8e4525f9b2d10618393f5d9caa83a447ac4c465a0b086318ae8bdc2148,"[""1n2XwpVZu4Ad18AUBKnSpsHmskXx848s4H"", ""1XRByQkNzM5t5q6Q93Pl3W3w7a1VRdtu15""]","[""1BuwI5pbh17mJOkWwPET3xrNikYuNJ0eko""]","[1.94090136, 1.94090136]",[3.88042764],0.00137509,P2SH
9f05cef7b3dd4f52e1174b11f57d92a0e97d7462fd2c77c2ae2a714a4302756d,"[""1rHQEUsVXLXHl2BpSOZneMGXMRqOGqleig"", ""1CCREtj8b8rhBafanAWExRbeUjqyHl3pxa""]","[""1JrN194r0y34cNefXSrUyItLyRC07hxMbc"", ""1aguQBkl3w3951qWg6euLYqkiCh1U37zBh"", ""1rHQEUsVXLXHl2BpSOZneMGXMRqOGqleig""]","[0.43194747, 0.43194747]","[0.28670919, 0.28670919, 0.28670919]",0.00376738,P2PKH
2b6568f203392c08adf03f90a378937dca4c613f2114c6576d4b29771e38d2d7,"[""1NBmOXrcLFokcoaj9WvyKGTefrZ4v7rLm5""]","[""1B2zZOHT7ZDNEZzMZ6lqxNo2BWDjF5ltc7""]",[2.76381972],[2.76289337],0.00092635,P2TR
912b01873081b278a6162722cb501993b7eca463969eae9342817e1476568a4f,"[""1YSPH8UCiY5DCQSCon1M4yRPW2CbDvCkVL"", ""1hgYXuOXHyzMH8xvYKWAWHoPe5JEKCIYk7"", ""1rtBhjqaMFmvtiRrpeMvBiDPgdAlKKZRMt""]","[""1kseJveSC98VB568EwrzMQBFMtfzB29c8d""]","[1.65476801, 1.65476801, 1.65476801]",[4.95381675],0.01048728,P2WPKH
ac6810b8ace47a7072f6c0e8487ea915ef11ea7aecf3a1ff8d9da5357600fdd0,"[""1LlpIn8srmRtv5XqhPx8Y7XsrSvBpDmH5R"", ""1iMKpPGNdzSgVaI5z52Dm7tO4fJHS64k2k""]","[""1qCEtk4JbeyHiLbwSjKht15zcKtPKopPYO"", ""159yE6752aJg8r9HE60DlgkCplTXJUk13Z""]","[2.15703608, 2.15703608]","[2.15002287, 2.15002287]",0.0140264,P2PKH
15a76aeae6c4af84f46f24fff5c1c50a9ea2bb0f81dee493ade0119c8466b3eb,"[""12BGCSzOjD8uQO001xtSV2ceN59UAgN2BR""]","[""131BswI1p3tHgvz6Ee40GsIhSWcoBV7bZq"", ""175r9HASVq7C9o4rQr9VsJcrqpOVatOZ0B"", ""12BGCSzOjD8uQO001xtSV2ceN59UAgN2BR""]",[2.26143981],"[0.7528545, 0.7528545, 0.7528545]",0.00287631,P2SH
357a5986c840263c4b2eb7631fe10817345e66f765aee488318094749d4aa5b5,"[""1RwZteLnkNriBBRph3Ol11VvAM25lx59mw"", ""1ZhBSt1r0OTuP33k9SwaPzPdlVjqkcLQzN""]","[""1fdXIJoqyNAbPHNMUKRe5gWsfVByODHiyX""]","[0.00190558, 0.00190558]",[0.00380013],1.103e-05,P2WPKH
2fcf267202d8debca02a4877bef1f71ecd8a469223dd2bc046dd403a2e033eb7,"[""1Roa9bI75dv01Ysi084pZdi7Rxb7xRPeZ1""]","[""1ni0DlkIuSWafG6YlQSoiAy55XxDdvIR6f""]",[0.10943375],[0.10937244],6.131e-05,P2PKH
cdd002f73bb214d6c7fffe3fd0c23cb77ef2f18a8cd4030e53146f2d72c3a089,"[""18a7uQIJalgsVpXKMP7JwxM3u1wVHEAIQg"", ""1UT5E9X3gFoJaR5UIkT8JPlYoclZmsdBMb"", ""1SSwUVZAQZjxkck0AfjezARkSS2G3K7KuC""]","[""1JiDrBixcfTLUxpq4ZOKkoJg89OEyY6J8G"", ""1ONfFcDAU1Nmt1KZWcmVbZzlwY67KBebQB"", ""13o1mz9eQ8BiTngp4z9N33f5LfpLU6oDrk""]","[1.37323769, 1.37323769, 1.37323769]","[1.36892467, 1.36892467, 1.36892467]",0.01293907,P2WSH
4e49a8894a9f525052d187c4946b26ddfb8a6058a10e1f3619a182d9297eb204,"[""1jM2C2WghRmUff6aXodetGDm9LlrP1dlak"", ""1miH8RRelt9kNKLFrAZTGO8pUedvTMYeVS""]","[""1sZWMdnIjxGlBRxPqUIjyWmzD1i5t5LT2P"", ""1Wfa1d0t3mjn0w4KZDRrgI3jzHMjID8Q48"", ""1jM2C2WghRmUff6aXodetGDm9LlrP1dlak""]","[1.06813144, 1.06813144]","[0.70920154, 0.70920154, 0.70920154]",0.00865825,P2PKH
d9a921e5e20cbc1df17db8a8598a974842f052e467ccfd47659909b001f26def,"[""1tBPFX7TOrPMf7otYjc9LVC2JSxyjQ312W""]","[""1iT6TKsZXDlMmlNvf5DeCYSb8i6ZwHgcgJ"", ""1tBPFX7TOrPMf7otYjc9LVC2JSxyjQ312W""]",[3.49679875],"[1.74733004, 1.74733004]",0.00213868,P2PKH
8824fdb57da1718bf7bf700357a6db0dcba80568d39bf688ac30cf37c6d9c714,"[""1iMa77gTuRmDIBkujdQMhZgsFZi4bAjOo2""]","[""1tIhCZf5f4lftMbkaNC26tQ61UTtxrrJzZ""]",[4.65560043],[4.64348319],0.01211724,P2WPKH
7200d874665c69b5b4ec1e2256350ab4992c5782cbb235f863b2e1a00400f9b0,"[""19WdYW8nnbVApkiqf2BAn3ld3A7sm6DHW7""]","[""1epktMfDYKMupgovduX6WMVMJfdct0eh4B"", ""1RIjgxJ0n2PvDHYglg7yAydvLnThCH6jnJ""]",[0.99440958],"[0.49585487, 0.49585487]",0.00269984,P2WSH
057372ce62d844b3d13e455466b5873345ae5f515e34c2278a8be77db315d833,"[""1fhdboEVaq7PWcnXxG7qEULuQvtowyL82X"", ""1YqmURakEgVzzrAkliEFgJnmUYl82B4gNe""]","[""1kseJveSC98VB568EwrzMQBFMtfzB29c8d"", ""1fJc9Dcft8U7FtywiPu3FFWbXD1cjQeM7o""]","[1.04498862, 1.04498862]","[1.04245751, 1.04245751]",0.00506222,P2TR
deb327bb99a532d380038d0603088ae9105c0a46e4ee7da4287716eb4358e35d,"[""1f566XoQUJK2WBjg87THM75FY0853siUB2"", ""1wF5JBFBakYqcDDf00xfKfOfj3PKXLA4jT""]","[""1OIC1iWO5e0D7LlRFOqRKKKZebToPEQuoV""]","[1.95320415, 1.95320415]",[3.90364034],0.00276796,P2WPKH
ccc751491ccaf88e92b5441c8beea2c0b97cd507109c76391bafb1ada5b6d16e,"[""1ypPiyQTGOPtsb2UiS0Ag7pCcy6Nj6xs2l""]","[""1B2zZOHT7ZDNEZzMZ6lqxNo2BWDjF5ltc7"", ""1AuBu25jmGjXabuJgmabmzBTh3WwYBAWLv""]",[4.0104039],"[2.00417338, 2.00417338]",0.00205714,P2PKH
9b8dabbef0d1113b4de8cb652b0f53741f14c50ab1e6247fd47c20e98240f0ec,"[""1HEZc2Ig3lraSIWC8bkp1mVnyl8hKWxPxv""]","[""1Me7vukhDkG1BUDWLdogzAIFWDZimKVNxD""]",[0.25669661],[0.25552713],0.00116948,P2TR
7060a5538cdd753135b54660fd821f484e43ad73095301550090fd9a78b40c56,"[""1ut6Fx2QR5LOJDfEvGNpqqrFt44JvsZGzq""]","[""1HhalZaAHv9O596QcBk5V4kwivdEk8uQZ0"", ""11rDqaNy557F3530daCsgvSyaAmG3z4aVp""]",[0.92006974],"[0.45853077, 0.45853077]",0.00300821,P2WPKH
3ae207cb9034e3f9011917687a919f6765979e4408b30196733c4f757f6f164e,"[""1ahKUQJYJ7pSopcey7rgangRzvBjOhw8xG"", ""1rP1jylP6pEqdaCd3dCrz2irAaWGKvNBQr"", ""1Dyjn4boEn6F5gSGQqOXUbJ2orYUPIMXGl""]","[""1kseJveSC98VB568EwrzMQBFMtfzB29c8d"", ""1fJc9Dcft8U7FtywiPu3FFWbXD1cjQeM7o"", ""1U4eS51H4Ogz5t2fuTif6a3cYzgj63pul4""]","[0.95147243, 0.95147243, 0.95147243]","[0.94733134, 0.94733134, 0.94733134]",0.01242325,P2PKH
9e23727e44d34bb0ca3026e62ff64f759bee72eecb3df0f280bb40120d59e24b,"[""1MBn3ihTvAXpNpLSr6b02mLlyOWXoxoNe3""]","[""1S6xKOjVO779J9NTHh2XLOGtmJ4uX8ot8Q"", ""1awtx0AHkD9eKan56yrSVAyNHjfe58juKV""]",[3.86246257],"[1.93047569, 1.93047569]",0.00151119,P2PKH
4f5e3e27211e619890e38b02eee81cf212981aed61304909fede40b7041249b5,"[""1Mq5AJvZWQBU1oYphFH9zuJBTERHNy5hDd"", ""1emmo67tSkv7gHea03kgLagUoFPiEJvhne""]","[""18uzUEHGNyjZYBh4qoNId0ncnoj1FuUPbV"", ""1zlcXU2mJUZP2YwdMJ2pFtnluESSCyU5DK"", ""1Mq5AJvZWQBU1oYphFH9zuJBTERHNy5hDd""]","[0.82340765, 0.82340765]","[0.54662143, 0.54662143, 0.54662143]",0.00695102,P2WSH
d88064257692c3bcb2d343757a4b164b560bcd687687866a43b24c6b2b200f71,"[""1epktMfDYKMupgovduX6WMVMJfdct0eh4B"", ""1sMeQIsxfUoLOaxX2Mv6WCulgKeWmJNpAS"", ""1lQ9QHpIC6N6d6A9qQCwV2nrABamfJbT8A""]","[""1AWLZSy6JHNRcgC22pH8cyV7lB2Vrks4Q4"", ""1lQ9QHpIC6N6d6A9qQCwV2nrABamfJbT8A""]","[0.17442102, 0.17442102, 0.17442102]","[0.26107801, 0.26107801]",0.00110704,P2PKH
e10c54f5196846160f9ca50ad56effd3df2a2960c0159927eea2222f23b3af43,"[""1BZvV7yVbq9Ew6AQOfMXSfjSNTtgatwqil""]","[""1Me7vukhDkG1BUDWLdogzAIFWDZimKVNxD"", ""1BZvV7yVbq9Ew6AQOfMXSfjSNTtgatwqil""]",[1.7958478],"[0.89497914, 0.89497914]",0.00588951,P2WPKH
2a05b7a5a09584433d9721060b08376ca5a245426a812b04f3db7c3170564459,"[""1ZQsQQfJZaGxEv4gjnl3MZGGIUhCeY5Dtw"", ""18uRDr68JjJ4BQT3iIty0BfdNKn6rbHBPf"", ""1FmtL64wj0wxrv82fTB9XrX8A3iKfmD19e""]","[""1qPbXQwBQp04wU2itT03Zya5nw87OV3j0R"", ""1uY2rEq9EYKA7tpuU4gHeBEYiKVEgwj0NV"", ""1FmtL64wj0wxrv82fTB9XrX8A3iKfmD19e""]","[0.09562145, 0.09562145, 0.09562145]","[0.09543886, 0.09543886, 0.09543886]",0.00054778,P2SH
449d045c653510b08eaca79b2af4cd64f2becdff65f4aaedd1ae69df134bc06e,"[""1SEgPOQJD0FyE8Mv8tbcZvUb3vgvwvOpOK"", ""14esubuC1J3qRK9xyJYgPuFVvMwBE0W0Hr"", ""1c9yoUf0fueXDnXOsXAHmyMCVlbR1Jn7UC""]","[""1Q0N7HE96MT5jotYfLQqmvoi7968lwdGnq""]","[0.52336001, 0.52336001, 0.52336001]",[1.56265739],0.00742265,P2TR
4b4c253138e8c7b0745bfe2bda3e1c10fdb49e15b35c820f0c34ff4b4e8b435e,"[""1VpvdAIBgMEVNinGqUcp3aGBmsDPI3icox"", ""1QyLv2eLY1NJgsoGvbi9mYjnLjoruepcUT"", ""1SdPBRLcwIRXrla99KkURMMVJxWsILLTQ8""]","[""1mhQRCCOdLUfgyilhSBSP5V5mMTcJAuHOC"", ""1VpvdAIBgMEVNinGqUcp3aGBmsDPI3icox""]","[0.20903452, 0.20903452, 0.20903452]","[0.31341181, 0.31341181]",0.00027994,P2TR
af0a9549ddf3141f9af421a96a707d3692029d2141d4261f7c1c096365e7d418,"[""1bEOacyjuyaRVDzTYeoxQWhH9usd9Ow0v0""]","[""1reLqNRfLQb0PRYwFsRyYo9tuojjeKhgBj"", ""1HEf8YO9ali8wQZwJc3ucK9MYlky9gKMGZ""]",[0.88804132],"[0.44366166, 0.44366166]",0.000718,P2PKH
392ccfe0b0c8c513624a0a638b527065c32bce5aaf9fc7a3fe3eeb56862e53e9,"[""1xVrpFT6EMBVelifcG7cR8IYUd48e11ERX"", ""15LvKMpwLT3ggk46UpIlb1jhkQQq2x74Ta"", ""1Hm8sB4bFGFJuqbk1MxFvL2lQEM4yNm6Lt""]","[""1WDKxfjfM59MdNRXho8WUXBlQwi3EBsRll"", ""1i2mEgJZOGRpwLe5mE3eXdI6zwRZqces67"", ""1Hm8sB4bFGFJuqbk1MxFvL2lQEM4yNm6Lt""]","[0.14788231, 0.14788231, 0.14788231]","[0.14746776, 0.14746776, 0.14746776]",0.00124364,P2PKH
b4defbe95415722047e4181473a9031616a4a19c82d66d9d9a8124cddb362f01,"[""1LlpIn8srmRtv5XqhPx8Y7XsrSvBpDmH5R""]","[""1iLNtD3hOwMSDU0mni6nffz2golOu8PGJ2"", ""1y1v6ZA0s9fNyD6rOuipJhjRVdX1Oxzjk6"", ""159yE6752aJg8r9HE60DlgkCplTXJUk13Z""]",[1.46125749],"[0.48574397, 0.48574397, 0.48574397]",0.00402558,P2PKH
ba03a73049a03f01d833327862c3ba809869a14bf3ac95d9b467d4069e4a9148,"[""1Hk2qIL62GFJvnTRxFlNydZU9Vmrs5OY1J""]","[""1S3x27QIOeSbJwbBBABvq4qjnKGGmcxcoR"", ""1Hk2qIL62GFJvnTRxFlNydZU9Vmrs5OY1J""]",[0.02309072],"[0.01154044, 0.01154044]",9.83e-06,P2WPKH
f3676c532ae499c668660c56dcd08ba8431111d027fce8ebe0f5477f78be37a1,"[""1MIJuy5zAsuq35Utpe3Ly5KUpR1rBo22qG"", ""1POIjcuALD59PHVG1qpga3JiQhDcu3GlNW"", ""1X5L6qwsquyfnHx2slZjPi1mClzOboBJFQ""]","[""1rHQEUsVXLXHl2BpSOZneMGXMRqOGqleig"", ""1wDK1hpcrAs5jLJZiTwihTC11GKlKM07IA""]","[1.36358792, 1.36358792, 1.36358792]","[2.03862073, 2.03862073]",0.01352229,P2WSH
30697cf71a56fbff9a58eacf16306f7618a75fc7a8331144651262674dfaba96,"[""1f2tPIwqFV7t8lq0awuozbt6LpKR1Ajddi""]","[""1efb46SaTAu7VT8qxc2O38znNx7gfowSX8"", ""1kpWbyQXNfhPLVHejp1AtuKr2FleGKAbzq""]",[4.9360931],"[2.46213662, 2.46213662]",0.01181986,P2TR
e6d73e3d5832b2935cbf7018d791c73c08d9d9989fabe590ea02b48faf709aa9,"[""14uzmW2wFqk467s1XDeUnPPy0IfyqhwUqx"", ""1QnBow8w3Ndr86ZfnN8du9WmZIKYoWWKr9""]","[""1o78QUijJJ2jT6cVoqoPGXy42cOg8NqTJJ"", ""1EgOfrZ3mTMT30NYJVncq3HOjy3K1iFfwa""]","[1.71043003, 1.71043003]","[1.70406354, 1.70406354]",0.01273298,P2TR
10ce81e6a36318fa2da9bb5c5a3133aa9a15525e228640cf8ae4b58a05ad3b1b,"[""1TufzRQXxD0ltkApfqmvOfCfp2dIQfa9au"", ""1riVsMzxEEtEyEWrQdZlf3UJktcb7xvHZQ""]","[""1hAislLSBielsdrLGXgT64J11f1BZzL8rQ"", ""1H1HH9saVguIdtsiZaXl54ENDZGW7Nr1UW""]","[2.17142111, 2.17142111]","[2.16616868, 2.16616868]",0.01050486,P2WPKH
c1c77c452316b0c0270978d596c8b76656f81cb478e229a10aabf8ff1e0cfe81,"[""1eTY8HhO6kGL75UQSyPx3BpdbIKaRdebuF""]","[""1LLKv0MYRsMfihslQFzixlNQO9IEitBdwa"", ""1Xye4JSnE2NiiUHUAKw9iEU1jjQKxKDpI6""]",[4.78234958],"[2.37958596, 2.37958596]",0.02317767,P2WSH
357eaaebc454ff5ca7222727a3ea2e9c9a3c05faf0bbcc89ed97ee9e55e54145,"[""1CLaQOaD3Pz3RVHWOebZPPvYZwkVRaC6Bn"", ""1br5wfMsSoEwr4RmmYy1JEIOJQJeheqJoG""]","[""11ds7iqxjvzeGetsb8uS15L0wfqu3lnXor"", ""1CLaQOaD3Pz3RVHWOebZPPvYZwkVRaC6Bn""]","[0.27904024, 0.27904024]","[0.27811512, 0.27811512]",0.00185024,P2PKH
913ac9d092a9a7fef02a176e76ecb4a38bb67a54ec2482e1a66c9a0ad6c0efe7,"[""1tjhMKSxLsFAXhO2I1A3zZyTttp7QDffAU""]","[""1mxQcqs6pL6yrvA3y4k6xWhuvL2i5Vl1ha"", ""1tjhMKSxLsFAXhO2I1A3zZyTttp7QDffAU""]",[0.84909566],"[0.42315849, 0.42315849]",0.00277868,P2TR
8297ffd850c8f887dd50495712daef3f620f47ce4e174c000477a1b601d46acc,"[""1QlxwbQZ8i5hzcqtRQVJJ8PuGRfPpvPx0I""]","[""1JNTJ8WGX0f5L9UVArB2TOeOvGQYAbJaZb"", ""19dNj001eEo8dnNzoCXB1BhEOgzIafLMsF""]",[1.40480559],"[0.70212568, 0.70212568]",0.00055423,P2TR
10fe2a65286d0ba0f8066710101cdabc830ce096e8ff28ceaf5baa7fc61f323b,"[""1U2RUVt3FAdxCFZDGZ3CwPQ82l2fyl7ekg"", ""1jjm7bzQ5DATblbXZGuJOWEPGICJ3tWoxr""]","[""1imNqNOSIOFkYtWx7pqGQzuf4WjXqg8n7W"", ""1hG2KYfvJrqgctUlXQWI2yKqQSOiJq4NwW"", ""10jr7MjHlkR4Xjh9JBwmRP8jB8Hhb5V65j""]","[0.61625434, 0.61625434]","[0.40963208, 0.40963208, 0.40963208]",0.00361246,P2WSH
a6586c988e37ba6be8882db6a7b65f62c2f8714cd5e2997ca6f37b93bded081d,"[""1G8hnMnlUI0YDtNZkXOmgeL0brHeLUtINc""]","[""1UaPFL4y9h8ymflLZZb6xdOeNeTdzkNmKB""]",[3.5205098],[3.51028526],0.01022454,P2WSH
4b95784d310aea4e44b16d1aafa718bd1b2d4b6571751a1b07b404cc233caa36,"[""1vggcfYxmUfTpbRdL6AZoiSNFddk9mKIKL""]","[""1VpvdAIBgMEVNinGqUcp3aGBmsDPI3icox"", ""1QyLv2eLY1NJgsoGvbi9mYjnLjoruepcUT"", ""1vggcfYxmUfTpbRdL6AZoiSNFddk9mKIKL""]",[0.99750605],"[0.3317457, 0.3317457, 0.3317457]",0.00226894,P2WPKH
cf9c2f12e48ee140c14a90e2be7821b02c1d60c07dba7899ced411bb98010f10,"[""1zgdSu8Yr87EmyhmbAv1PBRKEmIu9XWLjY"", ""165Z3Bjvdoi0bdqzg7MbehBEC4cUqoVIYI"", ""1RRRJtPRtkpLcKOLE4WGEneCBhzLUg47jE""]","[""1Hkxv78JaYb3F1ROCzvHGVhkAkKHx0QBrM"", ""12qZXzo3zajxYYLu79o8lNZXJhN8k4GBgX""]","[0.83158519, 0.83158519, 0.83158519]","[1.24127249, 1.24127249]",0.01221059,P2SH
0ef240e1f5850fd38d3fd1e3a5b5f5e6ea688e575c90c427fd822e02af3e20ff,"[""1sMeQIsxfUoLOaxX2Mv6WCulgKeWmJNpAS""]","[""1smn8ZmGK2hTYXfSCC2hc8ofQEiN9czcef"", ""1lQ9QHpIC6N6d6A9qQCwV2nrABamfJbT8A""]",[4.97332373],"[2.48032582, 2.48032582]",0.01267209,P2WSH
cad72d4ece3218d6a6664eab459b030758eab67b09f1d83a567917a00f14ae2c,"[""1lRtva1JyiNbUnAvwSWJfdjMPqPEBqUhAr"", ""1YIKIuhvPU1S8LvJnOng0wVJY08YMNb5Zq"", ""1QEPcyLasnipuaUkxRFZXe1cb51JJRzhbu""]","[""1VeWSt04B2lDCuQRpUbhzyEcG4FbBbFXWE"", ""1YIKIuhvPU1S8LvJnOng0wVJY08YMNb5Zq""]","[1.16503033, 1.16503033, 1.16503033]","[1.73981417, 1.73981417]",0.01546264,P2WPKH
bd0658fd3093ef36fbd46f1d477e9087e04f9e8a82bd0bea0c0c5b8522b20856,"[""1D9UBJAMdsnZKUSwULY92SgnS3v8cpIfuZ"", ""1eqG9W0M4M6HMHXp8yMB5xt3fvqtOgMSQd""]","[""1kprBNqWe8ykBFTVYXbx0V5KjTpCCxLeiD""]","[1.19135393, 1.19135393]",[2.37651431],0.00619355,P2WSH
4e46169b0527c60caab6a5e8956230e8396953a02d49260fe881c04b39fa9cb4,"[""1YSPH8UCiY5DCQSCon1M4yRPW2CbDvCkVL"", ""1hgYXuOXHyzMH8xvYKWAWHoPe5JEKCIYk7""]","[""1y0x1BAZOKsLRDlytTN8WurWw5m9lVbT6m"", ""1XZe0XPispjAxBLKH51zc8RYK4gpPkLINO""]","[1.22161751, 1.22161751]","[1.21827822, 1.21827822]",0.00667858,P2WSH
5484fb5e4064552bf1e45fef01128bbff3e600542f0c7fbfaa02014101e20cb2,"[""1QM3ScwS8LUWoo7W4mQJBVWFzkmL2dDx5S""]","[""1EJpZVBnQFKrJhLYeYq207indC40gz0OON"", ""1QM3ScwS8LUWoo7W4mQJBVWFzkmL2dDx5S""]",[3.20792124],"[1.60239558, 1.60239558]",0.00313008,P2SH
28546f0c6cbb981534a61c0f295f07aab9b72ce14017c23867a93aab51ce1d9e,"[""1vymcpRiPCCfOSBDrkZLkhTkPaqBlS3HBc"", ""18Peb4BFTFRabVhoApeiEmxNoS9B2itWcX""]","[""1fBtDVNwiBGUTgWCwsXJmr3muEHnhnfWQo"", ""1AoguaOannOrMc2zVE9SX5JpfuNy5VikVQ""]","[0.9064268, 0.9064268]","[0.90256545, 0.90256545]",0.00772271,P2PKH
e83a62f498e479810bfcc68e31caa7bb23526285e49c8e08baf94d64627f104a,"[""1G8hnMnlUI0YDtNZkXOmgeL0brHeLUtINc""]","[""1Wx1jwAY4j6nbDqmEjZ0rlLEA0EPvg7RLi"", ""1GEnE7NutMLLGvxQhJDbwp6Q43N3DrvXR3"", ""1G8hnMnlUI0YDtNZkXOmgeL0brHeLUtINc""]",[2.58153957],"[0.86009471, 0.86009471, 0.86009471]",0.00125545,P2WPKH
27d5d10e7ecb45fd1792fe66be8b1e72936dacca60cc5b2688bebfe4a9021fce,"[""1Xyi34pySxmi7pjNgxv422esYIc80eutFa"", ""1IT3COGWJZzp6k1hce90h4xsbEUnWUBKVi"", ""1IwlHlWukqYF3ykD0oLwWCCSSkLc8irGEU""]","[""1pEugPQViwYUKLorKfgNLc82YlBg6MsDVH"", ""162qi3s9MawTrpaO16KSQ6pMLmBumN1yBT""]","[0.89416566, 0.89416566, 0.89416566]","[1.33476084, 1.33476084]",0.01297528,P2WPKH
a98988f37dc51d12eca49dbc45d1c4db6277ad21fad1eb554f2b3ae6b75b8ee4,"[""1AdAUhY4FWS08glAV1ea6RpFM2ACc1CdLw"", ""1YgFSuNsylUSUe47XJ9MHXRdJn5rQlFcyl"", ""1ramWOrCWNgnRnLTLCAKHDIvtZj0EGkyyO""]","[""1fdXIJoqyNAbPHNMUKRe5gWsfVByODHiyX""]","[0.25964778, 0.25964778, 0.25964778]",[0.7784916],0.00045175,P2TR
8ce78719826885e3916bf9f8b9f2b8b3585455e5457d3eb74fdbdf8db3fe2ff0,"[""165Z3Bjvdoi0bdqzg7MbehBEC4cUqoVIYI"", ""1RRRJtPRtkpLcKOLE4WGEneCBhzLUg47jE"", ""10iYCacdhWhmXTzoBr6EAcagTwgK1gvdfF""]","[""1iT6TKsZXDlMmlNvf5DeCYSb8i6ZwHgcgJ"", ""1zgdSu8Yr87EmyhmbAv1PBRKEmIu9XWLjY""]","[1.17485817, 1.17485817, 1.17485817]","[1.75492451, 1.75492451]",0.01472548,P2PKH
8d3c0c673128a011d3ae5b703f58e81f25eab19d310d021eb0e4f81a7ad96151,"[""1tJLxngfSBTxMxHq2EWGtEMZLxRLRxWmtz"", ""18al55C9KrJmdA8KDxhlwXd0rIqW5Qm3Ja"", ""1uMrAoMJqI0jItnXZmM7fT8qEf0nCkkngo""]","[""1VE79f71WSGa4mbYKuzIZGaQuNETZK7442"", ""18al55C9KrJmdA8KDxhlwXd0rIqW5Qm3Ja""]","[1.31682878, 1.31682878, 1.31682878]","[1.96970429, 1.96970429]",0.01107777,P2TR
397519b6baf81b9781927b560c2503c4390b29ddb93ae2868a8d479d1c7c6367,"[""1Hh8WFDtYLSSNI9CJdMEB7kIIdv1jQeSJ6""]","[""1Hk2qIL62GFJvnTRxFlNydZU9Vmrs5OY1J"", ""1poOnapbLZzIJz0KM38UR8Xqw36tw7i19p""]",[2.50909016],"[1.25296723, 1.25296723]",0.0031557,P2WPKH
4442f1c61a1cf071bcc6426a32360391275d004c9c6f7f4a141a1700e6f85c44,"[""1vggcfYxmUfTpbRdL6AZoiSNFddk9mKIKL""]","[""1V3FAV7ybF5276m8Uiu78tVXCkaj2seomf"", ""1vggcfYxmUfTpbRdL6AZoiSNFddk9mKIKL""]",[4.10701308],"[2.04678087, 2.04678087]",0.01345135,P2WSH
774c5a3a967989ddc215ec04ac7ea26f035f1ab647bc51d8ab704ab86adb69a3,"[""1rKdsAOapvr1PVjfq9mKfnDvYNA7gqstIQ"", ""19aEQhaLhgmDZBdhz8Y0HYQ1MANlYOkTHD""]","[""1zl262n65OM48mRkyAqfw6hSA5CPhSl1Wr"", ""1HJsUyyaY2CddZOugsDudTPTdmiTEnP0st""]","[1.64881565, 1.64881565]","[1.6478892, 1.6478892]",0.00185292,P2WSH
2e1b0cc2ad17945931c2ec42297f752ccf0dcdc4804fdf291ba6724c5b43879d,"[""1tIhCZf5f4lftMbkaNC26tQ61UTtxrrJzZ""]","[""1XVcT5kWEh3SKumPuWugT1xnDE3i5CyiSN""]",[3.03176386],[3.0286],0.00316386,P2PKH
1183625f7cc39d64b41f90dda7b6cb49d87f399a14caf4c644696b8c7b5ed922,"[""1zl262n65OM48mRkyAqfw6hSA5CPhSl1Wr""]","[""1MQakFVrMCqt7gRZVH3iEC3b8X79WU0YWV"", ""1qOk13LSwCaUedQQ0qJjxW0NdDMgNiUHCK""]",[4.67527132],"[2.32695128, 2.32695128]",0.02136875,P2SH
7b0a5bc670096550134bc3a6f0cf68ddd8d9fb428a92e8c7fda41a8619f944ce,"[""1FFciuDCLFuMk9TsuZHRsYwP8KXSQbD7WW""]","[""14esubuC1J3qRK9xyJYgPuFVvMwBE0W0Hr""]",[1.99940587],[1.99797626],0.00142961,P2SH
980c1efc98baa395187ef62f7b7800db59beb97371a3054bbc3357cbd66fbe30,"[""19dNj001eEo8dnNzoCXB1BhEOgzIafLMsF"", ""1mP6wdnCIMDOShVnvZ7sGRckiSSgLl5yCW""]","[""1mhQRCCOdLUfgyilhSBSP5V5mMTcJAuHOC"", ""1QlxwbQZ8i5hzcqtRQVJJ8PuGRfPpvPx0I""]","[2.2343618, 2.2343618]","[2.22573884, 2.22573884]",0.01724591,P2WSH
1928729fa9f25abc84c4d9dd108f335e97d4b783d8af16ee2a88c48563b2eafa,"[""1UaPFL4y9h8ymflLZZb6xdOeNeTdzkNmKB"", ""1z3NknI9oLuP4O3GOIbYravzP83JAbXWzV"", ""1HjOfIJvN5nIYgZ2VYtu5h0WyjKV0q30Zk""]","[""1QlxwbQZ8i5hzcqtRQVJJ8PuGRfPpvPx0I"", ""19dNj001eEo8dnNzoCXB1BhEOgzIafLMsF""]","[0.09070962, 0.09070962, 0.09070962]","[0.13576967, 0.13576967]",0.00058952,P2SH
7c54f0308ba959ec2774fc1c8129b5ef5b146cb1d9f2fddd1622c5dbca9500b7,"[""16gyEjsoVpqhWOiTqfeSVzaZLjTXmLtuFb""]","[""1gxwsRbZya1W84UZ3WoXnlpUVQigMcWcwi"", ""1piMDSJoVptujtJzaQUXHtOtRF19fgRxUk""]",[4.37151935],"[2.17507928, 2.17507928]",0.02136079,P2WPKH
b71906d74067b1b01ea5efcee329acb6f0e251e24f5c1e9985d45ab42b9720a1,"[""3MixkewKB8zaHTthIBs8oBmBGvBsUQvOwhhNH""]","[""bc1qOOr4HHwaTU8MdlBiNeowKFrmgUPKqhfzf""]",[0.4850068],[0.48486409],0.00014271,P2WSH
8cedbe80bdcb0d4f90ba6fa0e6a926fd9dd2b05abf9fa46e4353b266920fba08,"[""10wPAh03aiOu37qTxvhyCZQDA2kiT80g4D""]","[""1FX4jvD2tuVg8G9mcy1htc02u3gVUbVNnm"", ""1vXnNQpesIVhuyJ7ZmZ5DDcijC13CY5dGJ"", ""10wPAh03aiOu37qTxvhyCZQDA2kiT80g4D""]",[4.02571496],"[1.34122762, 1.34122762, 1.34122762]",0.0020321,P2PKH
3a6013966c11e287be48e44f1e78b1ecd410818b484891b7fcff0c37a86a88ee,"[""12SYRHfF5OFKV8j3iGFequio4Nlt6n9bsj""]","[""1YiJDKJ1zip7VzT7XFiDXYf3SepcvILnlD"", ""1ni0DlkIuSWafG6YlQSoiAy55XxDdvIR6f"", ""1E5UKGVTTMyHTs9661HDppd5Y8FQphgZ7f""]",[3.0660296],"[1.02012691, 1.02012691, 1.02012691]",0.00564887,P2WPKH
2d60e53e5da4ba9232e41ba32f376be4d9a2ab4fc51286e8554cf17b59e155c0,"[""1sWIeRG7GWjHzv2Pus6MDIUOhvoN4pc2xX"", ""1m11BnNRwKTmSlB8e7Thcrqj0aC6c5LVM0""]","[""14VGMf94mmMvjWkSLlT1WvS7v3OnokNVBR"", ""1hpSbGVFFEsOtff8VHMnNnQZmZ2TAYeQbS""]","[1.6775939, 1.6775939]","[1.67470513, 1.67470513]",0.00577754,P2PKH
bd5c383e6f8da5511090b3fd1974bd4c504fe988bd8e8c0d17f5bfaf27c4027a,"[""1Peel0b9938IEp4z3PJY5wpHhUQ1mp2cnqYriN""]","[""1PeelxMlPLY7BkoHfkv4hmTR97NDIU6j750iFf"", ""1PeelCf8AIw4ixVrCWPr90rpeUloRZAPADJdAN""]",[27.97056331],"[0.23658451, 27.73377582]",0.00020298,P2PKH
de85d2328806d874d16de7237baa22fe97b86a73883fc7e754b5ad8964484a5e,"[""1OAhjqZUgkzv4XngNe3EpqsBWRJKVjrnww"", ""17NIvm9wstPbMkvA9b8IEo5iL0gn9JljWT"", ""18FgLu5jC7acP191ezqShWOHbDTsyYVwSF""]","[""1U4eS51H4Ogz5t2fuTif6a3cYzgj63pul4"", ""1rP1jylP6pEqdaCd3dCrz2irAaWGKvNBQr""]","[0.08098766, 0.08098766, 0.08098766]","[0.12129779, 0.12129779]",0.00036741,P2PKH
52d1be598b5edca3c170729a66ef143a6febd5ce814d5562ce8ffbac0895f6fd,"[""1TsmiGJ1FhXsPI2kBhPonUOfASj53VnpD3""]","[""1tIhCZf5f4lftMbkaNC26tQ61UTtxrrJzZ"", ""1TsmiGJ1FhXsPI2kBhPonUOfASj53VnpD3""]",[1.28545871],"[0.64248995, 0.64248995]",0.00047882,P2PKH
b14288d493f1277ae722d943dcd3a2e672e3d145c7e945aed6495f011d7bcbad,"[""1jM2C2WghRmUff6aXodetGDm9LlrP1dlak"", ""1miH8RRelt9kNKLFrAZTGO8pUedvTMYeVS"", ""1RuX0Wzv6SIEq44fPtFhYXgexjXW1aaY1M""]","[""1aW7zE9j2oL74SzVNSXxaDZFnuOTFG39LL""]","[0.71781226, 0.71781226, 0.71781226]",[2.15263077],0.00080602,P2SH
8fe0e485795e453afbd3a2ca4e5665bf3aec123e65956279000b1c74597106f8,"[""1mevRWExy4eQFLJmpMRMH880Aw7BpO1YoE"", ""1hfp9EHr4J3bXO10J0ZBJwj15KnWfZtFUU"", ""1CUVPmPbUhoKa7H09tOthScdGZX1Scu2sS""]","[""1iM9LT6upJDfwU2OI10kw2k65us3mCpL9X"", ""1hfp9EHr4J3bXO10J0ZBJwj15KnWfZtFUU""]","[0.60217653, 0.60217653, 0.60217653]","[0.89998451, 0.89998451]",0.00656056,P2TR
92064480d8b600a3397154aa7158b1ceb3892cbbd3cb899cb80b4e6e9c7fb764,"[""1YbIHYEGKSWhU73lLlIXhhmjI0c8FwHA6a"", ""1CkiRsinUTaTJQ9j6A05f8ld8OK8MzcoEQ"", ""17OxQXOW1OrOwhfEPFbJJqUXlENAJgd4Xl""]","[""1wF5JBFBakYqcDDf00xfKfOfj3PKXLA4jT"", ""1y6P0PdcvSqXWAvc3Nkr3QIuxg5K1ONlN2"", ""1CkiRsinUTaTJQ9j6A05f8ld8OK8MzcoEQ""]","[0.2458541, 0.2458541, 0.2458541]","[0.24488799, 0.24488799, 0.24488799]",0.00289833,P2PKH
a80f1904b0d04962b43e74529bba8314ff586c3f2cdc4e2cbda11e5508f76cb6,"[""1ExtEpU21D6USsKZpaGv27mMh6gYTlxda9KBx""]","[""1wX94yqLI5YY41Eg04NrhddayHF97oSYI7""]",[0.03835981],[0.03831044],4.937e-05,P2WPKH
691e8d6a8f7d89c355170dc544d88f762b409d58d9b35cbefd6f64623f439cd3,"[""1mhQRCCOdLUfgyilhSBSP5V5mMTcJAuHOC""]","[""1jqeATHuRVNlBNamsJgpSVOiKz6B2ikKur""]",[1.54236564],[1.53930835],0.00305729,P2TR
07b946ddc991e784b50fe76cd24097ae83dda6ecace6ed5850e4d5bbfa79a8e1,"[""1pXN9a4HgK8DEImeJ2w535qiSX0NAjgkmp"", ""19Qq31MAzuBkY5t1EBHbB7V7lFLApWqzxi""]","[""1XRByQkNzM5t5q6Q93Pl3W3w7a1VRdtu15""]","[0.10286481, 0.10286481]",[0.20543627],0.00029334,P2TR
7b9dbb0adb6a1749190bb158d622e91a321dcdcb674217931be8940ba9cbd7e3,"[""1kpWbyQXNfhPLVHejp1AtuKr2FleGKAbzq"", ""1efb46SaTAu7VT8qxc2O38znNx7gfowSX8""]","[""18uZnTYRd1lEy9O09HuQ9UyGrRm1yiUJX0"", ""108twQXGLnyHCi6ZECLjPXRLt9h9RDZERx"", ""17t0qv7f9HktgQZPlCayzY55W71re522zH""]","[2.45166362, 2.45166362]","[1.63099874, 1.63099874, 1.63099874]",0.01033102,P2PKH
3911030922d20864e9639c07b4efd757482ba1d83b9b8e72a1e6204ee3fc4983,"[""18EMK9wpF84btkORq9uq9OOub25aJsmDyR"", ""14gc2DDVK9wBJBbEPvvfwkMP4g57mNsXWv""]","[""1BZvV7yVbq9Ew6AQOfMXSfjSNTtgatwqil""]","[0.7852513, 0.7852513]",[1.5676931],0.0028095,P2WSH
0dd4e6123ff01bae75bb055d772d2834c76009c70e2c6ebb38a345f7d186d329,"[""19qx5r97OKp36YsttSdJnVo7QbHQh6Y5ih"", ""1ulDg4OcVRYY5d5wOOcbj1lhttP6hbs7Qh""]","[""1SER69nCHPuJ26iHQtaLSwh8MGTTpLVllO"", ""19qx5r97OKp36YsttSdJnVo7QbHQh6Y5ih""]","[2.18841037, 2.18841037]","[2.18098817, 2.18098817]",0.0148444,P2SH
7ffd16a12dfc84e4bf162b0c7e835cf117f0565bec18d8195086f38f644be92f,"[""1br5wfMsSoEwr4RmmYy1JEIOJQJeheqJoG""]","[""1XRYaFx8Pi3clkEvDfSAqt8E8rwA3qZ5GB"", ""19aVl5pEfur8hx5gubCRDMqOucMC694Xi1"", ""1br5wfMsSoEwr4RmmYy1JEIOJQJeheqJoG""]",[1.05211623],"[0.35039475, 0.35039475, 0.35039475]",0.00093197,P2TR
c6f298354c3400b56505390ad35245970fee8661a44e0270231a42e82bc733aa,"[""1oijKvbvYqrNXradi8CsHVEsBBt6Am3A9p""]","[""1Hk2qIL62GFJvnTRxFlNydZU9Vmrs5OY1J""]",[3.74892567],[3.74172511],0.00720056,P2WPKH
4b606dee432b2b0aab75f09168075afed12f06349a30d7317890c7dece4dd711,"[""10iBczTV5V6mLThmuoHFq6cjn7zrlSaekU"", ""1f2tPIwqFV7t8lq0awuozbt6LpKR1Ajddi""]","[""1TDU81JmleEsirq3OnzgZdlxAQnDjyRk5j"", ""1MQakFVrMCqt7gRZVH3iEC3b8X79WU0YWV"", ""10iBczTV5V6mLThmuoHFq6cjn7zrlSaekU""]","[0.12776491, 0.12776491]","[0.08499162, 0.08499162, 0.08499162]",0.00055495,P2PKH
aeb290c4350743e097a9ef25202240f05cb62b2e8f2a6bb0365f379aa392ff99,"[""1PeelxY1U4IsuxztbaTP8a7j6cyEXrhl5KZ7HA""]","[""1PeelAcOuvwDVKURw1m2pue8CmVp1Gbe9AjmqV"", ""1PeelyQejR4VpYhPq2BTF8aqQkSeIqWI2OpV6I""]",[28.68070637],"[0.23658451, 28.44401023]",0.00011163,P2PKH
c928ae44a3f83ce433e1dc76c672ff43b29ba0b2f5983ff38161701d8f9d8ec7,"[""16f3KwOxBFK6gsvI3J0AutliYT9nGJMgrh"", ""1q19ThveXTuFrNFWRt5A5Xt0O2cNaix6Pq""]","[""1ZU8CSAxoCjl2VbOM63oeKBP2pcBHUWi9o"", ""1R4UXZVQKWGGw4gZ3mHk0BQSE3BdizIIPt"", ""1qB2r49U5Pim0Ub37HXaZbm6JTGZsgR0BA""]","[1.39376198, 1.39376198]","[0.92859576, 0.92859576, 0.92859576]",0.00173669,P2WSH
a5252da3ace8af027becb142a8f7fbf2c97028ae41d1e5dcb681fe919a759540,"[""1brnTP3fAbnFbmOHnKYaXRvj7uff0LYTH8""]","[""1JSKkMM0jQb6gbtjQzW52TdimuPGtk4vvV"", ""1EmLtST18iwItCqpgrxMp1juJtVEFEtb6F"", ""1brnTP3fAbnFbmOHnKYaXRvj7uff0LYTH8""]",[4.20859005],"[1.40013449, 1.40013449, 1.40013449]",0.00818658,P2WPKH
deaec1abc00d814aef87e657d6e915ea9ed73008b6451a905cf31989fcd43835,"[""19IiRghzekNuIr1y2dLnqzdhpiff24m4J9""]","[""1NVurgNLv5a5A1hjlVC7DOtiteber8f40Y"", ""19p53chDAToKUIyAp8OgJuLxabOJYs8pc5"", ""19IiRghzekNuIr1y2dLnqzdhpiff24m4J9""]",[2.48225875],"[0.82458538, 0.82458538, 0.82458538]",0.00850261,P2TR
3dfe120261784b05880df367f1b31bd31ffaffa2f613cacb4ddfaa12aaa03cba,"[""14zEGxdXeRzWGJk2mdcdwmwCy5QpEB7DIv"", ""1ZqZfbd0WnnnmOF17QDikXnL6SRr30CnsG""]","[""1w3fll1lETObklyLeep48gGTYLxbZVNcpf"", ""1x2Zgkgg7wMh553LlGLQjPsYvg4P5YSea5""]","[0.11011862, 0.11011862]","[0.10989341, 0.10989341]",0.00045041,P2SH
1a85a8a903a164259734b015f9ba0c64c34679b05e4b40421f159d51cccdf62f,"[""1m1WV5AkHAPcyD9vwWTUuga6UPB3i8slQX""]","[""3MixkewKB8zaHTthIBs8oBmBGvBsUQvOwhhNH""]",[0.48415006],[0.48400783],0.00014223,P2SH
7e4e2ca037cce5951cb5df3435a3618ed5a647bf32fee417af8d55187f782019,"[""1lRtva1JyiNbUnAvwSWJfdjMPqPEBqUhAr"", ""1YIKIuhvPU1S8LvJnOng0wVJY08YMNb5Zq"", ""1QEPcyLasnipuaUkxRFZXe1cb51JJRzhbu""]","[""1ZTXU6ngnrz1dHRhHDprWiDwtO4cTXd4Pp"", ""1xNR3QHoBa754s6Us1jBtYNWqeWET5uA4g""]","[0.4714466, 0.4714466, 0.4714466]","[0.70554744, 0.70554744]",0.00324492,P2WPKH
4169c247ec13d35c2cef7247cec1ef6bc6cca2512f1635270154618e4afffe0e,"[""16LclE6MWvaohGfwVHnVOrmXQ8DkPcNrAu""]","[""1fdXIJoqyNAbPHNMUKRe5gWsfVByODHiyX"", ""1Ja8cDVcGDXYCoIaT6isOfDsR1UbCV2zWw""]",[3.18736794],"[1.58841166, 1.58841166]",0.01054463,P2SH
a87f3f7f869b083441c41a82a82ed3ed0cf42d7186bf13cc0e09cd9febcf58c7,"[""1xAmnZTllXb8oBpKOfD28ynxALeId5DvLP""]","[""1kTE6I5NBldlDkCh3EB9ICgSjvmrZUYIPn"", ""19aVl5pEfur8hx5gubCRDMqOucMC694Xi1""]",[2.21594099],"[1.10538452, 1.10538452]",0.00517195,P2PKH
077d72c3d86bd921ae031a0d9e0eee0e3f28c032550770cb98081d39cc3e87cc,"[""12ZA7Eo0cwLCDkOxIjTvkyCvsYUEHwAL2u""]","[""1aguQBkl3w3951qWg6euLYqkiCh1U37zBh""]",[2.0615279],[2.05976777],0.00176013,P2PKH
763186ffcb54b6af315525dffbdc7e1607e65eb29b2d8aae9f0cb0f0d307dd07,"[""1oDErVDfVSvZpO1ReEnPDxEvYVFt6RO0gi""]","[""1pXl61oSl8qrUT44ismpVDg2dWeDBDgKLs"", ""1tSJsSPjXhL1po0KjawF1GD38NKFGx5O1D"", ""1T0QkQkuC7PAb82kVavDa2DcbQsoFUWgXu""]",[3.49707802],"[1.1606602, 1.1606602, 1.1606602]",0.01509741,P2WSH
4dc088d0b59af502898403329d0e5fb87e42d0628ebcc52aa4939661a7891fda,"[""1FMrWELWZ8wzjH4QDoafgJE6WeS4NC8qdY""]","[""12SYRHfF5OFKV8j3iGFequio4Nlt6n9bsj"", ""1E6ja3amndbGpsSzogaGJW9hhXb70xUMYi"", ""1FMrWELWZ8wzjH4QDoafgJE6WeS4NC8qdY""]",[3.66749924],"[1.2202451, 1.2202451, 1.2202451]",0.00676394,P2PKH
726481c2520c67334d03d91037602ca1d24bb884f9a46f8d474046f5c5e8e297,"[""1JSPQ1l7zxYM9nO3p3XDXeOGqQEgoEt16V"", ""1n7QNlf1P0ARq1WDuUin8nQj75FNUs9v91"", ""1OuaOnxydWPoZDwdTXctJX6OwASeJ4vAb5""]","[""1xse0V8J56WwF8hEsfUExleHXNifSyiqkL""]","[0.89546254, 0.89546254, 0.89546254]",[2.67979059],0.00659704,P2WPKH
8f4a3ee2e504fdc26ab85f6af42ad2a6be377293f6f19a0df7d7399891b93ee2,"[""1YbIHYEGKSWhU73lLlIXhhmjI0c8FwHA6a""]","[""17Et2mYl5Lsd2GFpxR0smsbNAwW9BxjBt6"", ""1CmLrKubduDiZxbAulMVNuUcFSSE5igkSf"", ""17OxQXOW1OrOwhfEPFbJJqUXlENAJgd4Xl""]",[3.65110102],"[1.21410685, 1.21410685, 1.21410685]",0.00878046,P2WSH
9c7cd1f0e323621ee8faab105519b66005c21c0f5f033e319b810493a2ee563f,"[""1jIWajgIynDxCp4yt5yurP2LHvP8b2lowF""]","[""1L8ZswsRhcds6NUgarDv7p1heEJQjY6fpI"", ""1aLyeoEcsfxljtPDq7lyGgXvTOzYjhFQaO""]",[3.82668719],"[1.90923712, 1.90923712]",0.00821295,P2PKH
47eb6101716df56f0cef43068f98f5af8f0b343cbc4ebe57b32c4c5b28610a82,"[""1WtQTzdDKCSvj0K1oWq0D1UiTlRkNDgeCx""]","[""1LlpIn8srmRtv5XqhPx8Y7XsrSvBpDmH5R"", ""1Qwh3AFDd3RXG69KoduwoaWQ6Limzf4KB6""]",[1.27787441],"[0.63671608, 0.63671608]",0.00444224,P2WPKH
fcc18a2806929c6f06f4635969e9c9ca6d7adc94f6234af1d15f4965eb80a67e,"[""3MixkewKB8zaHTthIBs8oBmBGvBsUQvOwhhNH""]","[""bc1qnIVIY5hc7DmG8frmbML7bd0TyycakOrrZ""]",[0.48504801],[0.48486409],0.00018392,P2WSH
55dd90f47a4aab4df7b95b28e84fd1926e6103194ad74559de5e1399168e750d,"[""1eYcas6YoUEgZVIcU2U2j9vS89SqKr8CG1""]","[""1xVrpFT6EMBVelifcG7cR8IYUd48e11ERX"", ""15LvKMpwLT3ggk46UpIlb1jhkQQq2x74Ta"", ""1eYcas6YoUEgZVIcU2U2j9vS89SqKr8CG1""]",[4.19484055],"[1.39291578, 1.39291578, 1.39291578]",0.01609321,P2WSH
d98a14ecda1b2b8cdeacc40517ca7c5166e5cc8f121dfd7c3492641c65b27ea2,"[""15WoWi8EAqNTMIStulPk0i1ghFEMBd4GNw""]","[""1ElEiNfGSnAELScQMNovG7202PENLHsn73"", ""15WoWi8EAqNTMIStulPk0i1ghFEMBd4GNw""]",[1.26851449],"[0.63233463, 0.63233463]",0.00384523,P2TR
1c04888a455b97be8032786eef85e8d502d52f5ffd7af67df74b9d22b92bf469,"[""12AhEAdsMHhqIJox6Z7aKYl3U99Xa93lyE"", ""1Qwh3AFDd3RXG69KoduwoaWQ6Limzf4KB6"", ""1ses0RPxkkqUQyjBIZ9BAiB3Qi61R6mI5D""]","[""1w3fll1lETObklyLeep48gGTYLxbZVNcpf"", ""12AhEAdsMHhqIJox6Z7aKYl3U99Xa93lyE""]","[0.669347, 0.669347, 0.669347]","[1.00354988, 1.00354988]",0.00094126,P2WSH
2de8ec04af80615078a58cfebcca25404748d7eea7941af3a7dac7cf66e15878,"[""11h1pSZVPEJqzCN2fFr6w6uaVTTCPwdHnA"", ""1nqZuJJEvQdgWCh1Ba7mQiOj5qOpx4kysR"", ""1oORaDioQaRY9AiexTgt2iVUi9iGaOBSMj""]","[""1ioRRdzHzmA4KR1VxavU07zUHLnnBbuQzk"", ""1k7Gdp0CXP9K63LSFZH3UDqpNVGMrerqtH""]","[1.62163165, 1.62163165, 1.62163165]","[2.42802157, 2.42802157]",0.00885181,P2WSH
dbfa6078cc966d74ee8353f4e83f9973510e0ced785aadf3bf8564054f7168e9,"[""12ksRqEJvNBNZcZxHnRvYXmRFZXfVqCbhO"", ""1V3FAV7ybF5276m8Uiu78tVXCkaj2seomf""]","[""1v62AFRVdHM479uM37wVpxJjwed7JJNyA4"", ""17OQqNMbr7EVR0CI5RKwboUeay7M8VaQJa"", ""12ksRqEJvNBNZcZxHnRvYXmRFZXfVqCbhO""]","[2.32535798, 2.32535798]","[1.54418502, 1.54418502, 1.54418502]",0.01816088,P2WSH
784dbfc06678a25f49f72c6c6fa327d8454bada8baabfc912ba9ce54ab2345d1,"[""14esubuC1J3qRK9xyJYgPuFVvMwBE0W0Hr"", ""1SEgPOQJD0FyE8Mv8tbcZvUb3vgvwvOpOK""]","[""1HEf8YO9ali8wQZwJc3ucK9MYlky9gKMGZ"", ""1reLqNRfLQb0PRYwFsRyYo9tuojjeKhgBj"", ""1SEgPOQJD0FyE8Mv8tbcZvUb3vgvwvOpOK""]","[1.54788919, 1.54788919]","[1.02812293, 1.02812293, 1.02812293]",0.01140959,P2TR
bc0a16ae74c417ec9f5908d364a2b17067089fe9c914aac27b3e2828b2002f7e,"[""1y6P0PdcvSqXWAvc3Nkr3QIuxg5K1ONlN2"", ""1wF5JBFBakYqcDDf00xfKfOfj3PKXLA4jT""]","[""1rMiZbP1uD8HqB8RkLNNIGNtvHXBwqsaY0""]","[1.84411555, 1.84411555]",[3.68714423],0.00108687,P2SH
3c2a8074d005dc8aa40ab1177e67059074da31c1d2701ddc859673816c1ac721,"[""1zl262n65OM48mRkyAqfw6hSA5CPhSl1Wr""]","[""1VrmI7OsygQE2Blcb9oyXNE7Y7bvuSznOG"", ""1zl262n65OM48mRkyAqfw6hSA5CPhSl1Wr""]",[2.61505185],"[1.30733813, 1.30733813]",0.00037558,P2PKH
df3ef5bee85e583e7da6cf30315b70b5e053af2eb30ff25ecbc20d8779a3e963,"[""1VrmI7OsygQE2Blcb9oyXNE7Y7bvuSznOG"", ""1VGQ9taaezGQvSpcMdK3nLh7fLxVOXlgls""]","[""1uMrAoMJqI0jItnXZmM7fT8qEf0nCkkngo"", ""1tJLxngfSBTxMxHq2EWGtEMZLxRLRxWmtz""]","[1.04736891, 1.04736891]","[1.04352854, 1.04352854]",0.00768075,P2PKH
ed06bdae9b80d885842b5dd5ae8c0d0b570490e64ffc5caa38c781aa50514efb,"[""1kYHpb4XXfdjjYHD5Nb0XAYWykMDKR8UZ5"", ""1aceXH36b1TVWVPEJHIW15ySkOaAupDg5T"", ""1kspkATwVr9QNejh67eVVqlVuFZHFDMWwf""]","[""1mY3wzHelT4NEZJDvMIieAxeeWshoLun65"", ""1kspkATwVr9QNejh67eVVqlVuFZHFDMWwf""]","[0.16472875, 0.16472875, 0.16472875]","[0.24587923, 0.24587923]",0.0024278,P2SH
134cdb6d6cc5d79d18fe70f65e3b3683e60ac492b964ed47576807be90a113e2,"[""1zJkmM6MuLbSXfR4VIOGwmjH1oX4unT6cb""]","[""1br5wfMsSoEwr4RmmYy1JEIOJQJeheqJoG"", ""1CLaQOaD3Pz3RVHWOebZPPvYZwkVRaC6Bn""]",[4.38233745],"[2.18341813, 2.18341813]",0.0155012,P2TR
3d94b75b3f756f0a7df2186d4faaa65dc38f205fd3d32fdb087e514dfd4e449b,"[""10iBczTV5V6mLThmuoHFq6cjn7zrlSaekU"", ""1E5UKGVTTMyHTs9661HDppd5Y8FQphgZ7f"", ""1f2tPIwqFV7t8lq0awuozbt6LpKR1Ajddi""]","[""1c9yoUf0fueXDnXOsXAHmyMCVlbR1Jn7UC"", ""1SEgPOQJD0FyE8Mv8tbcZvUb3vgvwvOpOK"", ""1E6ja3amndbGpsSzogaGJW9hhXb70xUMYi""]","[0.55108292, 0.55108292, 0.55108292]","[0.54837876, 0.54837876, 0.54837876]",0.00811249,P2SH
9e4a06e406ece8e3bb799594ca0926395b01707acd48fd95c5fcf95248a7cadf,"[""1VhnMIeO46NrMBUQLv9C5jHwiNk792wbXi""]","[""1VLqJooQwQDFLSx0EilbVaqzU9Ue591EuC"", ""1sZWMdnIjxGlBRxPqUIjyWmzD1i5t5LT2P""]",[3.49404813],"[1.74599569, 1.74599569]",0.00205675,P2PKH
462b1cc667321abb247979b9307032517825d8ddc294e7e181facf625cb83f17,"[""1SSwUVZAQZjxkck0AfjezARkSS2G3K7KuC"", ""18a7uQIJalgsVpXKMP7JwxM3u1wVHEAIQg""]","[""10jr7MjHlkR4Xjh9JBwmRP8jB8Hhb5V65j"", ""13o1mz9eQ8BiTngp4z9N33f5LfpLU6oDrk""]","[2.05978563, 2.05978563]","[2.05689534, 2.05689534]",0.00578059,P2WPKH
b7c5e6c2393ce47a9be718cc1482681f4b1fe71ece0d429246cff08e9c5e73d4,"[""1VGQ9taaezGQvSpcMdK3nLh7fLxVOXlgls"", ""1bEOacyjuyaRVDzTYeoxQWhH9usd9Ow0v0""]","[""1kgSC2RqbIdQnyxcACka3O72SSmqP7lQY9"", ""1VrmI7OsygQE2Blcb9oyXNE7Y7bvuSznOG""]","[0.76146017, 0.76146017]","[0.75907516, 0.75907516]",0.00477002,P2PKH
4c08304a963db1b1673a4d86f5b765406326de436951dfc5c216da2c20dd5a6b,"[""1RnLR9miekS9Y79PRIssjRRkwn9XoEwJC8"", ""1i2eySDzzJhteCGhZIKViF1ZGsk5n6Grem""]","[""1miHX1tRGi98i54tI6ht2TV2zzB535qWgl"", ""1RnLR9miekS9Y79PRIssjRRkwn9XoEwJC8""]","[0.15066476, 0.15066476]","[0.15036095, 0.15036095]",0.00060761,P2PKH
2dacac17c78275446fdade1ccf408af0d6a4fa49995d8b862c2528d6f6047201,"[""1bweeJYjlUURszuWRrj2bUFaZQ2IZ4FRAj"", ""1Roa9bI75dv01Ysi084pZdi7Rxb7xRPeZ1""]","[""1z3NknI9oLuP4O3GOIbYravzP83JAbXWzV"", ""1fGjWJNJjJsV3JX173g0YnWWAI7dMbIjNC""]","[1.2493518, 1.2493518]","[1.24460669, 1.24460669]",0.00949022,P2PKH
3326f4c202663382b1de6a527964548cae4aacf7e892bdae5de389171a870bd9,"[""118myHlgJB3fgIbQEle7roOedGk1zjgHDe"", ""171imARDL6KFQraidyYG42CJTr2CRSsMYk""]","[""1sZWMdnIjxGlBRxPqUIjyWmzD1i5t5LT2P"", ""1CSHoy0v6AzTBywuySmnlm2OM3HVzNnigO""]","[0.64451413, 0.64451413]","[0.64240244, 0.64240244]",0.00422337,P2SH
2b617750e7bb3791e1579cb12b0d3944ba8159edffb8c09fd99dc6e9ee992991,"[""1NVurgNLv5a5A1hjlVC7DOtiteber8f40Y"", ""19p53chDAToKUIyAp8OgJuLxabOJYs8pc5""]","[""19IiRghzekNuIr1y2dLnqzdhpiff24m4J9""]","[0.71515101, 0.71515101]",[1.42820878],0.00209324,P2WPKH
2639044a9daab1a04337919a33061e8ca5b964a4620307076e945fac295f93d8,"[""1xycs7mJzZjHp4ae1qDeD85EeC3M807qI3"", ""1YuPGPZKQXWpYAq6s89dKXpZI0n7CjgHwU""]","[""1TyBKFnryifJdyfFViiIEOmMTpeWu5fPAv"", ""1reLqNRfLQb0PRYwFsRyYo9tuojjeKhgBj""]","[0.04719319, 0.04719319]","[0.04713345, 0.04713345]",0.00011949,P2WPKH
e9973d3669b35d8f2f98d4c40f00dde9e846c57f7169ef1121f221c0af4acd2e,"[""1pXN9a4HgK8DEImeJ2w535qiSX0NAjgkmp"", ""19p53chDAToKUIyAp8OgJuLxabOJYs8pc5""]","[""162qi3s9MawTrpaO16KSQ6pMLmBumN1yBT"", ""19p53chDAToKUIyAp8OgJuLxabOJYs8pc5""]","[1.5848202, 1.5848202]","[1.58068999, 1.58068999]",0.00826042,P2TR
98f77285ebd5737b347b9c6c867996acc07eb5fd274de2612654ea1bb5e03c40,"[""1mlkrLGgdpgh3JoGr2RzynZQEkmNRral4M""]","[""1ElEiNfGSnAELScQMNovG7202PENLHsn73"", ""1T0QkQkuC7PAb82kVavDa2DcbQsoFUWgXu""]",[1.04833585],"[0.52172175, 0.52172175]",0.00489236,P2PKH
28e10e6e915fca5fcac456818546d9bcfa87149f7b0ba06866a56b019eff5690,"[""1QM3ScwS8LUWoo7W4mQJBVWFzkmL2dDx5S"", ""1RfINuhR694fPFbt6vVl9jsWFHTGP2MLjl"", ""12N9u8tBDNXKveCcwrN8fKxJ7Tc4JlLF7B""]","[""1egabdaraBT7gwO8TxrOschiC584hN7X25"", ""1kgSC2RqbIdQnyxcACka3O72SSmqP7lQY9""]","[0.49718439, 0.49718439, 0.49718439]","[0.74250498, 0.74250498]",0.00654321,P2WPKH
58b17a31a326b3ccfb10aff4101a96c29b7175b2af9e452e8609c7fe0cc715be,"[""1TGlwR4g63SemmNa5mQ5aoYZ99ZxZcipP2"", ""1AJ1Mm2TqQzzr3YELMyRBPnNh3Elu6pQ5y""]","[""1mMK3kuLPMaBsi1bqDVzK9dBMEIIKtQpvM""]","[0.3261084, 0.3261084]",[0.65087221],0.0013446,P2PKH
fcea637b1a7a8b08b28c70f492073e5e7237de82bb1d85237ee57b1076e56c03,"[""1Xyi34pySxmi7pjNgxv422esYIc80eutFa""]","[""1YuPGPZKQXWpYAq6s89dKXpZI0n7CjgHwU"", ""1Xyi34pySxmi7pjNgxv422esYIc80eutFa""]",[4.1015439],"[2.04299731, 2.04299731]",0.01554928,P2TR
fd54fbe40f5fc36b86ad2d6b95d84061372645f7875c38750e55a75c523a1238,"[""1ExtEpU21D6USsKZpaGv27mMh6gYTlxda9KBx""]","[""1t6Hl3efXpBh6QrESYjJUuJSqZ84Js3Jtv""]",[0.03858365],[0.03851554],6.811e-05,P2WPKH
aa616f0661524f4c7872a2af7c8381d3ac3f6b9ea2091f8f578b311ff80db6be,"[""1cyI3bHqZwgnIHI2XusYIMTq09Iz1a5Bwa"", ""1o5OsXqt3srWxnBk0YHtEfiuvgR1Kaphlf"", ""1mxQcqs6pL6yrvA3y4k6xWhuvL2i5Vl1ha""]","[""1vggcfYxmUfTpbRdL6AZoiSNFddk9mKIKL"", ""1acvyQg3Wwm46ygqJZ8P3sBdV44OGk2XbN""]","[0.98260301, 0.98260301, 0.98260301]","[1.4727173, 1.4727173]",0.00237444,P2TR
f56f80c0b17591b6b049d4bbeccadf0312a552fcda0d5a0549183854c229b24f,"[""18Peb4BFTFRabVhoApeiEmxNoS9B2itWcX"", ""1NGPOgQBLdxmp4mabaYQd7fZPScFYuMM5y""]","[""1ses0RPxkkqUQyjBIZ9BAiB3Qi61R6mI5D"", ""1Qwh3AFDd3RXG69KoduwoaWQ6Limzf4KB6"", ""18Peb4BFTFRabVhoApeiEmxNoS9B2itWcX""]","[0.94642467, 0.94642467]","[0.63070721, 0.63070721, 0.63070721]",0.00072771,P2WPKH
73397ed5e1a3b2b9a36db9e9922f0549064d8384f114ac47d183a1ff9556828a,"[""1DOshUCe84vq9x3gCK2QXVng9LLw1PZ7AN"", ""1K4RIUHyRmfL2zqSHy5g7Y3sJf9BcHPqEZ""]","[""1xm3VFz2zya9dSK5BCyKLnVQO9fQY8es1c"", ""1i6dfr9OT51Ue87JSRPTThN8rSj0iBw5Rg"", ""1K4RIUHyRmfL2zqSHy5g7Y3sJf9BcHPqEZ""]","[1.99769572, 1.99769572]","[1.32869442, 1.32869442, 1.32869442]",0.00930818,P2SH
09328ab0890557f106f97364f4e56ff3a80e88b39918e38d10bbf00fa8bd2057,"[""1ExtEpU21D6USsKZpaGv27mMh6gYTlxda9KBx""]","[""1Aqp9HI94q4KffiYZI489LxAAJjJ5ZImD2""]",[0.03453687],[0.03444491],9.196e-05,P2WPKH
2cac1d4150331e6ff74b267b89ebe496b63ddac3b91c06d0d8eee05dedef101e,"[""1fhdboEVaq7PWcnXxG7qEULuQvtowyL82X"", ""1YqmURakEgVzzrAkliEFgJnmUYl82B4gNe""]","[""1NPROqCQpL70aVN4yK3GlAZps7Oxtz2TfN"", ""1Orb0upH4PpQSLxtBa1elNimfKZ5oeStSp""]","[0.00262076, 0.00262076]","[0.00260828, 0.00260828]",2.496e-05,P2PKH
d8dfb55aaeb8b18636be3f40134a7a12317a63d53cc6022e98fc57b6775365f3,"[""1y1v6ZA0s9fNyD6rOuipJhjRVdX1Oxzjk6""]","[""1tIhCZf5f4lftMbkaNC26tQ61UTtxrrJzZ"", ""1ViAOJ5c4xcmlicXktJDvMYJCnMHhrV5u3""]",[0.10997101],"[0.05475865, 0.05475865]",0.00045371,P2WSH
339ae1ea6dd1c20b79ba9c149fd1e2fc38df4df39b0583c6ca20ca42bece43ea,"[""1ioRRdzHzmA4KR1VxavU07zUHLnnBbuQzk""]","[""1NxPDM6uLONCROhcc9hoHyx6RHKT2OZM6r""]",[0.25050484],[0.24987989],0.00062495,P2WSH
524a1b74bfb03c74803134445bc0bd3eba9d3e6cf2f88311038f503f3d4e05e2,"[""15LvKMpwLT3ggk46UpIlb1jhkQQq2x74Ta""]","[""159yE6752aJg8r9HE60DlgkCplTXJUk13Z"", ""1iMKpPGNdzSgVaI5z52Dm7tO4fJHS64k2k"", ""1Hm8sB4bFGFJuqbk1MxFvL2lQEM4yNm6Lt""]",[1.49667695],"[0.49701989, 0.49701989, 0.49701989]",0.00561729,P2WPKH
1ddadcd1761379176f5941cd87cb79a75bb9216b56af5aa0e052802d3d54789f,"[""1XRYaFx8Pi3clkEvDfSAqt8E8rwA3qZ5GB"", ""1kTE6I5NBldlDkCh3EB9ICgSjvmrZUYIPn""]","[""1SSwUVZAQZjxkck0AfjezARkSS2G3K7KuC"", ""18a7uQIJalgsVpXKMP7JwxM3u1wVHEAIQg"", ""19aVl5pEfur8hx5gubCRDMqOucMC694Xi1""]","[0.43221498, 0.43221498]","[0.28742689, 0.28742689, 0.28742689]",0.00214929,P2TR
744a6e113c108a1869e6099513f84bdef21bc6e4aa8e2af80630e7cad7d94548,"[""158H4KPfA1lquCu2r6AZDUd7ne7cbp0MoD"", ""1h6CpwL7SWktJ5J4x6mKZpRsQXXJcHPeOa"", ""1AEAw3CjkGOM5WCZKtp5rBUJPuEuEvqrK2""]","[""1eTY8HhO6kGL75UQSyPx3BpdbIKaRdebuF""]","[0.07728083, 0.07728083, 0.07728083]",[0.23073585],0.00110665,P2PKH
a767b51be2854be2959ec40d0159f6e30145d6bda0c49661696c9de3bd3c34a0,"[""1sNs271O7a2icJyHfnTTn40ilMphPJdU9I"", ""1o78QUijJJ2jT6cVoqoPGXy42cOg8NqTJJ""]","[""1VLqJooQwQDFLSx0EilbVaqzU9Ue591EuC"", ""1EgOfrZ3mTMT30NYJVncq3HOjy3K1iFfwa""]","[1.01303148, 1.01303148]","[1.01280167, 1.01280167]",0.00045964,P2WSH
703386aa480a8983894d099eb2ce8616af41355bb2909ef2e66fc669ee715db4,"[""1jjm7bzQ5DATblbXZGuJOWEPGICJ3tWoxr"", ""1RaMxQGsURLJmQMu5F4wdxCcwORIViuHOT""]","[""19IiRghzekNuIr1y2dLnqzdhpiff24m4J9"", ""1U2RUVt3FAdxCFZDGZ3CwPQ82l2fyl7ekg""]","[1.64222249, 1.64222249]","[1.63742242, 1.63742242]",0.00960014,P2WPKH
88bbf47f1e3ef53cc95c3ed3d551a2b2e1fd64204073fbb14af3c180044f438c,"[""1n2XwpVZu4Ad18AUBKnSpsHmskXx848s4H"", ""1XRByQkNzM5t5q6Q93Pl3W3w7a1VRdtu15""]","[""1P4AyUvW0JG6YMWPbJb6g5XT0pYv8pBcC9""]","[0.72951328, 0.72951328]",[1.45280265],0.00622391,P2SH
f16ed3d3892db98dd0b5112bb3d5339a7df23fa97e1a5e4a5751f6022fdad5d3,"[""1i2mEgJZOGRpwLe5mE3eXdI6zwRZqces67"", ""1WDKxfjfM59MdNRXho8WUXBlQwi3EBsRll"", ""1nV5p7ByT8KG9ssn1bYQrII5jcwiwKoYfy""]","[""1CQwBgBye1UnWeNGmWv7OjgpkjVe6MCIJQ""]","[1.29483952, 1.29483952, 1.29483952]",[3.87883904],0.00567951,P2PKH
d129a849c4771619a0aaf176950780fd1fc357686d648f81daf0b7029c2fdb11,"[""1qmqODsf7ID4HpbEyxHgn8yowINuY8fk1E""]","[""1NBmOXrcLFokcoaj9WvyKGTefrZ4v7rLm5"", ""1piMDSJoVptujtJzaQUXHtOtRF19fgRxUk""]",[0.26261229],"[0.13084302, 0.13084302]",0.00092626,P2WSH
8b9506a5b77892640e9a4295bb45d4d9c970c9a07a397e27254cd0347ccfb7d0,"[""1sNs271O7a2icJyHfnTTn40ilMphPJdU9I"", ""1NePpmJ6wPorelEuOQjJY7ktWSNrwQuDBW"", ""1xxK3ep8nzYvX3a2BoFrjjLYOzuhPDKOzp""]","[""1RaMxQGsURLJmQMu5F4wdxCcwORIViuHOT"", ""10jr7MjHlkR4Xjh9JBwmRP8jB8Hhb5V65j""]","[1.3210095, 1.3210095, 1.3210095]","[1.97880159, 1.97880159]",0.0054253,P2PKH
100d3c0e0303bbe8fc114d1035608e78dd25b65c0707e3d03d460cdebeb9de0d,"[""1ExtEpU21D6USsKZpaGv27mMh6gYTlxda9KBx""]","[""1gbSZENcr8eALZnVDRjWI3KBFZmJjw0Lxd""]",[0.02187205],[0.02181325],5.88e-05,P2WPKH
e41bea71458d762fec7f3d3f90a6058fc9bdcbbce3f5d8b92994f38f66ac16c1,"[""1W1uhw3U3x8EE5GXTeLYHteOtLAQvc1v9r""]","[""1lcBGYQ6TmA65MPh3FPuRIlPxUkJzZsnWL"", ""1ITGgrscAXCg4KbFpiAMozPf8eGF9IyDN8""]",[1.61187174],"[0.80524893, 0.80524893]",0.00137388,P2TR
57c65dc2358cc5c12c7e48cdabc18dd0d1436dc55865674d7b55d8bf3c9968bd,"[""1kB8cAkXEUHysAs5PGMxOiGmMSGpC65S0i""]","[""1n7QNlf1P0ARq1WDuUin8nQj75FNUs9v91"", ""1fSKntHwlDaipAjaMOfTft6JUA6zGOzJGn""]",[3.36631493],"[1.6807704, 1.6807704]",0.00477413,P2WPKH
011843f21533e2f1c2ff36e15b36600c593a9d5741638fe9585b4b9023f2bcca,"[""19LaGphLHGVnw3bifQhqmfROCYB65pm0S7"", ""1xitaQSnJtoernnIS6YPJOQAYmdEcrhCLK""]","[""1K76Wy7Rp9KddvHBrD2e8TZ2KJIBuHOIYQ""]","[1.39482378, 1.39482378]",[2.78651035],0.00313721,P2WPKH
03add9bcf30f017371606ae8e67674e5133e0a90ec3c2aa8adb1a6ccb06158c5,"[""1i2eySDzzJhteCGhZIKViF1ZGsk5n6Grem"", ""17rMMfNKKkM3u5c1f6VqnJMb3HNspYzCQj"", ""1RnLR9miekS9Y79PRIssjRRkwn9XoEwJC8""]","[""1Ks7d0xbxBnxOHObV64UuZqUnbSM1W5UYI""]","[0.59590305, 0.59590305, 0.59590305]",[1.78389751],0.00381165,P2WPKH
179c565bc259f53d32bb218615d46ab64a4f8fc44dced9d49526c08307dc6ed2,"[""18PAfaO4sff09nrYHgM5KVDGaVVAHsiHJM""]","[""1Sgz5ZKVBO7iEGd50DF5kJThyL2Fx84Vq7"", ""1QlxwbQZ8i5hzcqtRQVJJ8PuGRfPpvPx0I"", ""1ONfFcDAU1Nmt1KZWcmVbZzlwY67KBebQB""]",[0.72046519],"[0.23962546, 0.23962546, 0.23962546]",0.00158881,P2SH
f6796ec4c5c0b69fa61a38eb717fb33cbf8d53ebc96b50c22175cd9f7f51a3fb,"[""1qk0pmkqgZiO2unCwxkGXMASh2ilHRtAN5""]","[""1tIhCZf5f4lftMbkaNC26tQ61UTtxrrJzZ""]",[0.10980601],[0.10976299],4.302e-05,P2WPKH
